source,role_search,title,company,experience,salary,salary_min,salary_max,salary_avg,location,skills_raw,description,posted_date,company_rating,job_url,scraped_at
Naukri,data analyst,Data Analyst - (Immediate Joiners preferred),Capita,1-5 Yrs,,,,,"Hybrid - Pune, Mumbai (All Areas)",Power Bi | Advanced Excel | Machine Learning | Python | R | Data Visualization | Tableau | Data analysis,,1 day ago,3.5,https://www.naukri.com/job-listings-data-analyst-immediate-joiners-preferred-capita-pune-mumbai-all-areas-1-to-5-years-140526016202,2026-06-04T15:46:40.688202
Naukri,data analyst,Data Analyst,Capgemini,4-9 Yrs,,,,,"Hybrid - Chennai, Delhi / NCR, Mumbai (All Areas)",Power Bi | Data Analysis | Data Visualization | Tableau | Data Analytics | SQL | Analytics | Analysis,,1 week ago,3.6,https://www.naukri.com/job-listings-data-analyst-capgemini-chennai-delhi-ncr-mumbai-all-areas-4-to-9-years-021225014173,2026-06-04T15:46:40.688621
Naukri,data analyst,Data Analyst,Sbicap Securities,,,,,,Mumbai,Data Analysis | Predictive Modeling | Statistical Modeling | Data Analytics | SQL | Python | Predictive Analytics | Predictive,,3 weeks ago,3.6,https://www.naukri.com/job-listings-data-analyst-sbicap-securities-mumbai-2-to-5-years-130426027758,2026-06-04T15:46:40.689126
Naukri,data analyst,Data Analyst,Snapdeal,1-6 Yrs,,,,,Gurugram,master data | python | metadata | data analysis | data analytics | data management | configuration | data mining,,3+ weeks ago,3.6,https://www.naukri.com/job-listings-data-analyst-jasper-infotech-pvt-ltd-gurugram-1-to-6-years-221025507695,2026-06-04T15:46:40.689529
Naukri,data analyst,Data Analyst,Tata Consultancy Services,4-8 Yrs,,,,,"Pune, Bengaluru",Data Analysis | Data Warehousing | Data Analytics | SQL | Data | Analysis | Warehouse | Analytics,,3+ weeks ago,3.3,https://www.naukri.com/job-listings-data-analyst-tata-consultancy-services-pune-bengaluru-4-to-8-years-040526032274,2026-06-04T15:46:40.689927
Naukri,data analyst,Data Analyst | ETL | Informatica - Hyderabad (Female candidates),Infosys,3-5 Yrs,,,,,Hyderabad,ETL | Etl Pipelines | Data Quality | Data Pipeline | Informatica | Data Warehousing | Data Modeling | Data Integration,,2 weeks ago,3.5,https://www.naukri.com/job-listings-data-analyst-etl-informatica-hyderabad-female-candidates-infosys-hyderabad-3-to-5-years-200526022268,2026-06-04T15:46:40.690371
Naukri,data analyst,"Auth Fraud Supervisor- Data Analyst, UIDAI/Bengaluru",National Institute for Smart Government (NISG),6-10 Yrs,,,,,Bengaluru,Data Analysis | Fraud Management | Python | SQL | Fraud Analytics | R | Identity fraud | Business Analysis,,1 week ago,3.5,https://www.naukri.com/job-listings-auth-fraud-supervisor-data-analyst-uidai-bengaluru-national-institute-for-smart-government-nisg-bengaluru-6-to-10-years-300126034060,2026-06-04T15:46:40.690815
Naukri,data analyst,Data Analyst - Tableau/Looker/Salesforce (Remote),Indium Software,2-5 Yrs,,,,,Remote,Reports And Dashboards | Advance Sql | Tableau | Looker | Salesforce | Data Visualization | Data | Reporting,,2 days ago,3.9,https://www.naukri.com/job-listings-data-analyst-tableau-looker-salesforce-remote-indium-software-hyderabad-2-to-5-years-020626009571,2026-06-04T15:46:40.691233
Naukri,data analyst,Data Analyst,MNC,0-2 Yrs,,,,,"Pimpri-Chinchwad, Pune",Google Sheets | Power Bi | MS Office | SQL | Data Analytics | Large Databases | Google Data Studio | data vis,,1 day ago,,https://www.naukri.com/job-listings-data-analyst-tele-infotech-pimpri-chinchwad-pune-0-to-2-years-020626028320,2026-06-04T15:46:40.691679
Naukri,data analyst,Data Analyst (English Required),Peroptyx,0-5 Yrs,,,,,Remote,Data Analysis | English | Data Analytics | Data Mapping | Analytics | Mapping | Analysis | Data,,1 day ago,3.2,https://www.naukri.com/job-listings-data-analyst-english-required-peroptyx-mumbai-all-areas-0-to-5-years-020626027790,2026-06-04T15:46:40.692072
Naukri,data analyst,Data Analyst,Bima Kavach,1-3 Yrs,,,,,Bengaluru,database maintenance | python | data analysis | data analytics | predictive analytics | problem solving | machine learning | dashboards,,1 day ago,4.3,https://www.naukri.com/job-listings-data-analyst-bimakavach-bengaluru-1-to-3-years-030626501531,2026-06-04T15:46:40.692470
Naukri,data analyst,Data Analyst,Edgemed Healthcare,1-4 Yrs,,,,,Mumbai,database maintenance | python | data analysis | data analytics | sas | predictive analytics | problem solving | process improvement,,1 day ago,,https://www.naukri.com/job-listings-data-analyst-edgemed-healthcare-mumbai-1-to-4-years-030626501583,2026-06-04T15:46:40.692894
Naukri,data analyst,Data Analyst,Ample Softech System,0-3 Yrs,,,,,"Nagpur, Pune",Power Bi | Data Visualization | Data Analytics | Data Management | Tableau | SQL | Data analysis | Analytics,,6 days ago,4.7,https://www.naukri.com/job-listings-data-analyst-ample-softech-system-nagpur-pune-0-to-3-years-270426007790,2026-06-04T15:46:40.693339
Naukri,data analyst,Online Data Analyst Odia (IN),TELUS Digital,0-5 Yrs,,,,,Remote,Oriya | oriya speaker | odiya | Language Editing | Power Bi | Artificial Intelligence | Content Writing | content,,1 week ago,3.5,https://www.naukri.com/job-listings-online-data-analyst-odia-in-telus-digital-india-0-to-5-years-220426038468,2026-06-04T15:46:40.693731
Naukri,data analyst,Data Analyst,Innova Solutions,7-12 Yrs,,,,,"Hybrid - Hyderabad, Bengaluru, Greater Noida",Banking Analytics | Data Analytics | Python | SQL | Segmentation | Data Analysis | Data | Analytics,,1 day ago,3.3,https://www.naukri.com/job-listings-data-analyst-innova-solutions-hyderabad-bengaluru-greater-noida-7-to-12-years-280426010915,2026-06-04T15:46:40.694154
Naukri,data analyst,Online Data Analyst - Kannada,TELUS Digital,0-2 Yrs,,,,,Remote,Data Analysis | Mapping | Online Data Analysis | quality assurance | AI models | machine learning | Assurance | Quality,,2 days ago,3.5,https://www.naukri.com/job-listings-online-data-analyst-kannada-telus-digital-bengaluru-0-to-2-years-040325916691,2026-06-04T15:46:40.694541
Naukri,data analyst,Data Analyst,MNC,0-2 Yrs,,,,,"Pimpri-Chinchwad, Pune",Google Sheets | Power Bi | MS Office | SQL | Data Analytics | Large Databases | Google Data Studio | data vis,,1 week ago,,https://www.naukri.com/job-listings-data-analyst-tele-infotech-pimpri-chinchwad-pune-0-to-2-years-280526000048,2026-06-04T15:46:40.694950
Naukri,data analyst,Data Analyst,Acciojob,0-2 Yrs,,,,,"Chennai, Bengaluru",Data Analytics | Power Bi | Statistics | Python | SQL | Data analysis | Analytics | Data,,1 week ago,3.5,https://www.naukri.com/job-listings-data-analyst-acciojob-chennai-bengaluru-0-to-2-years-260526033652,2026-06-04T15:46:40.695374
Naukri,data analyst,Data Analyst,City Montessori School (CMS),0-3 Yrs,,,,,Lucknow,Power Bi | Data Analyst | Tableau | Excel | Python | GOOGLE LOOKER | Artificial Intelligence | SQL,,4 days ago,3.5,https://www.naukri.com/job-listings-data-analyst-city-montessori-school-cms-lucknow-0-to-3-years-300526014475,2026-06-04T15:46:40.695801
Naukri,data analyst,Data Analyst,Concept Kart,0-4 Yrs,,,,,New Delhi,Data Analysis | Power Bi | Data Analytics | SQL | Analytics | Bi | Analysis | Data,,1 week ago,4.6,https://www.naukri.com/job-listings-data-analyst-concept-kart-new-delhi-0-to-4-years-260526034727,2026-06-04T15:46:40.696224
Naukri,data analyst,Data Analyst - (Immediate Joiners preferred),Capita,1-5 Yrs,,,,,"Hybrid - Pune, Mumbai (All Areas)",Power Bi | Advanced Excel | Machine Learning | Python | R | Data Visualization | Tableau | Data analysis,,1 day ago,3.5,https://www.naukri.com/job-listings-data-analyst-immediate-joiners-preferred-capita-pune-mumbai-all-areas-1-to-5-years-140526016202,2026-06-04T15:47:02.667565
Naukri,data analyst,Data Analyst,Capgemini,4-9 Yrs,,,,,"Hybrid - Chennai, Delhi / NCR, Mumbai (All Areas)",Power Bi | Data Analysis | Data Visualization | Tableau | Data Analytics | SQL | Analytics | Analysis,,1 week ago,3.6,https://www.naukri.com/job-listings-data-analyst-capgemini-chennai-delhi-ncr-mumbai-all-areas-4-to-9-years-021225014173,2026-06-04T15:47:02.668136
Naukri,data analyst,Data Analyst,Sbicap Securities,,,,,,Mumbai,Data Analysis | Predictive Modeling | Statistical Modeling | Data Analytics | SQL | Python | Predictive Analytics | Predictive,,3 weeks ago,3.6,https://www.naukri.com/job-listings-data-analyst-sbicap-securities-mumbai-2-to-5-years-130426027758,2026-06-04T15:47:02.668700
Naukri,data analyst,Data Analyst,Snapdeal,1-6 Yrs,,,,,Gurugram,master data | python | metadata | data analysis | data analytics | data management | configuration | data mining,,3+ weeks ago,3.6,https://www.naukri.com/job-listings-data-analyst-jasper-infotech-pvt-ltd-gurugram-1-to-6-years-221025507695,2026-06-04T15:47:02.669130
Naukri,data analyst,Data Analyst,Tata Consultancy Services,4-8 Yrs,,,,,"Pune, Bengaluru",Data Analysis | Data Warehousing | Data Analytics | SQL | Data | Analysis | Warehouse | Analytics,,3+ weeks ago,3.3,https://www.naukri.com/job-listings-data-analyst-tata-consultancy-services-pune-bengaluru-4-to-8-years-040526032274,2026-06-04T15:47:02.669530
Naukri,data analyst,Data Analyst | ETL | Informatica - Hyderabad (Female candidates),Infosys,3-5 Yrs,,,,,Hyderabad,ETL | Etl Pipelines | Data Quality | Data Pipeline | Informatica | Data Warehousing | Data Modeling | Data Integration,,2 weeks ago,3.5,https://www.naukri.com/job-listings-data-analyst-etl-informatica-hyderabad-female-candidates-infosys-hyderabad-3-to-5-years-200526022268,2026-06-04T15:47:02.669943
Naukri,data analyst,"Auth Fraud Supervisor- Data Analyst, UIDAI/Bengaluru",National Institute for Smart Government (NISG),6-10 Yrs,,,,,Bengaluru,Data Analysis | Fraud Management | Python | SQL | Fraud Analytics | R | Identity fraud | Business Analysis,,1 week ago,3.5,https://www.naukri.com/job-listings-auth-fraud-supervisor-data-analyst-uidai-bengaluru-national-institute-for-smart-government-nisg-bengaluru-6-to-10-years-300126034060,2026-06-04T15:47:02.670358
Naukri,data analyst,Data Analyst - Tableau/Looker/Salesforce (Remote),Indium Software,2-5 Yrs,,,,,Remote,Reports And Dashboards | Advance Sql | Tableau | Looker | Salesforce | Data Visualization | Data | Reporting,,2 days ago,3.9,https://www.naukri.com/job-listings-data-analyst-tableau-looker-salesforce-remote-indium-software-hyderabad-2-to-5-years-020626009571,2026-06-04T15:47:02.670774
Naukri,data analyst,Data Analyst,MNC,0-2 Yrs,,,,,"Pimpri-Chinchwad, Pune",Google Sheets | Power Bi | MS Office | SQL | Data Analytics | Large Databases | Google Data Studio | data vis,,1 day ago,,https://www.naukri.com/job-listings-data-analyst-tele-infotech-pimpri-chinchwad-pune-0-to-2-years-020626028320,2026-06-04T15:47:02.671176
Naukri,data analyst,Data Analyst (English Required),Peroptyx,0-5 Yrs,,,,,Remote,Data Analysis | English | Data Analytics | Data Mapping | Analytics | Mapping | Analysis | Data,,1 day ago,3.2,https://www.naukri.com/job-listings-data-analyst-english-required-peroptyx-mumbai-all-areas-0-to-5-years-020626027790,2026-06-04T15:47:02.671561
Naukri,data analyst,Data Analyst,Bima Kavach,1-3 Yrs,,,,,Bengaluru,database maintenance | python | data analysis | data analytics | predictive analytics | problem solving | machine learning | dashboards,,1 day ago,4.3,https://www.naukri.com/job-listings-data-analyst-bimakavach-bengaluru-1-to-3-years-030626501531,2026-06-04T15:47:02.671944
Naukri,data analyst,Data Analyst,Edgemed Healthcare,1-4 Yrs,,,,,Mumbai,database maintenance | python | data analysis | data analytics | sas | predictive analytics | problem solving | process improvement,,1 day ago,,https://www.naukri.com/job-listings-data-analyst-edgemed-healthcare-mumbai-1-to-4-years-030626501583,2026-06-04T15:47:02.672298
Naukri,data analyst,Data Analyst,Ample Softech System,0-3 Yrs,,,,,"Nagpur, Pune",Power Bi | Data Visualization | Data Analytics | Data Management | Tableau | SQL | Data analysis | Analytics,,6 days ago,4.7,https://www.naukri.com/job-listings-data-analyst-ample-softech-system-nagpur-pune-0-to-3-years-270426007790,2026-06-04T15:47:02.672712
Naukri,data analyst,Online Data Analyst Odia (IN),TELUS Digital,0-5 Yrs,,,,,Remote,Oriya | oriya speaker | odiya | Language Editing | Power Bi | Artificial Intelligence | Content Writing | content,,1 week ago,3.5,https://www.naukri.com/job-listings-online-data-analyst-odia-in-telus-digital-india-0-to-5-years-220426038468,2026-06-04T15:47:02.673094
Naukri,data analyst,Data Analyst,Innova Solutions,7-12 Yrs,,,,,"Hybrid - Hyderabad, Bengaluru, Greater Noida",Banking Analytics | Data Analytics | Python | SQL | Segmentation | Data Analysis | Data | Analytics,,1 day ago,3.3,https://www.naukri.com/job-listings-data-analyst-innova-solutions-hyderabad-bengaluru-greater-noida-7-to-12-years-280426010915,2026-06-04T15:47:02.673503
Naukri,data analyst,Online Data Analyst - Kannada,TELUS Digital,0-2 Yrs,,,,,Remote,Data Analysis | Mapping | Online Data Analysis | quality assurance | AI models | machine learning | Assurance | Quality,,2 days ago,3.5,https://www.naukri.com/job-listings-online-data-analyst-kannada-telus-digital-bengaluru-0-to-2-years-040325916691,2026-06-04T15:47:02.673893
Naukri,data analyst,Data Analyst,MNC,0-2 Yrs,,,,,"Pimpri-Chinchwad, Pune",Google Sheets | Power Bi | MS Office | SQL | Data Analytics | Large Databases | Google Data Studio | data vis,,1 week ago,,https://www.naukri.com/job-listings-data-analyst-tele-infotech-pimpri-chinchwad-pune-0-to-2-years-280526000048,2026-06-04T15:47:02.674296
Naukri,data analyst,Data Analyst,Acciojob,0-2 Yrs,,,,,"Chennai, Bengaluru",Data Analytics | Power Bi | Statistics | Python | SQL | Data analysis | Analytics | Data,,1 week ago,3.5,https://www.naukri.com/job-listings-data-analyst-acciojob-chennai-bengaluru-0-to-2-years-260526033652,2026-06-04T15:47:02.674711
Naukri,data analyst,Data Analyst,City Montessori School (CMS),0-3 Yrs,,,,,Lucknow,Power Bi | Data Analyst | Tableau | Excel | Python | GOOGLE LOOKER | Artificial Intelligence | SQL,,4 days ago,3.5,https://www.naukri.com/job-listings-data-analyst-city-montessori-school-cms-lucknow-0-to-3-years-300526014475,2026-06-04T15:47:02.675095
Naukri,data analyst,Data Analyst,Concept Kart,0-4 Yrs,,,,,New Delhi,Data Analysis | Power Bi | Data Analytics | SQL | Analytics | Bi | Analysis | Data,,1 week ago,4.6,https://www.naukri.com/job-listings-data-analyst-concept-kart-new-delhi-0-to-4-years-260526034727,2026-06-04T15:47:02.675611
Naukri,data analyst,Data Analyst - (Immediate Joiners preferred),Capita,1-5 Yrs,,,,,"Hybrid - Pune, Mumbai (All Areas)",Power Bi | Advanced Excel | Machine Learning | Python | R | Data Visualization | Tableau | Data analysis,,1 day ago,3.5,https://www.naukri.com/job-listings-data-analyst-immediate-joiners-preferred-capita-pune-mumbai-all-areas-1-to-5-years-140526016202,2026-06-04T15:47:24.487289
Naukri,data analyst,Data Analyst,Capgemini,4-9 Yrs,,,,,"Hybrid - Chennai, Delhi / NCR, Mumbai (All Areas)",Power Bi | Data Analysis | Data Visualization | Tableau | Data Analytics | SQL | Analytics | Analysis,,1 week ago,3.6,https://www.naukri.com/job-listings-data-analyst-capgemini-chennai-delhi-ncr-mumbai-all-areas-4-to-9-years-021225014173,2026-06-04T15:47:24.487799
Naukri,data analyst,Data Analyst,Sbicap Securities,,,,,,Mumbai,Data Analysis | Predictive Modeling | Statistical Modeling | Data Analytics | SQL | Python | Predictive Analytics | Predictive,,3 weeks ago,3.6,https://www.naukri.com/job-listings-data-analyst-sbicap-securities-mumbai-2-to-5-years-130426027758,2026-06-04T15:47:24.488275
Naukri,data analyst,Data Analyst,Snapdeal,1-6 Yrs,,,,,Gurugram,master data | python | metadata | data analysis | data analytics | data management | configuration | data mining,,3+ weeks ago,3.6,https://www.naukri.com/job-listings-data-analyst-jasper-infotech-pvt-ltd-gurugram-1-to-6-years-221025507695,2026-06-04T15:47:24.488662
Naukri,data analyst,Data Analyst,Tata Consultancy Services,4-8 Yrs,,,,,"Pune, Bengaluru",Data Analysis | Data Warehousing | Data Analytics | SQL | Data | Analysis | Warehouse | Analytics,,3+ weeks ago,3.3,https://www.naukri.com/job-listings-data-analyst-tata-consultancy-services-pune-bengaluru-4-to-8-years-040526032274,2026-06-04T15:47:24.489044
Naukri,data analyst,Data Analyst | ETL | Informatica - Hyderabad (Female candidates),Infosys,3-5 Yrs,,,,,Hyderabad,ETL | Etl Pipelines | Data Quality | Data Pipeline | Informatica | Data Warehousing | Data Modeling | Data Integration,,2 weeks ago,3.5,https://www.naukri.com/job-listings-data-analyst-etl-informatica-hyderabad-female-candidates-infosys-hyderabad-3-to-5-years-200526022268,2026-06-04T15:47:24.489451
Naukri,data analyst,"Auth Fraud Supervisor- Data Analyst, UIDAI/Bengaluru",National Institute for Smart Government (NISG),6-10 Yrs,,,,,Bengaluru,Data Analysis | Fraud Management | Python | SQL | Fraud Analytics | R | Identity fraud | Business Analysis,,1 week ago,3.5,https://www.naukri.com/job-listings-auth-fraud-supervisor-data-analyst-uidai-bengaluru-national-institute-for-smart-government-nisg-bengaluru-6-to-10-years-300126034060,2026-06-04T15:47:24.489867
Naukri,data analyst,Data Analyst - Tableau/Looker/Salesforce (Remote),Indium Software,2-5 Yrs,,,,,Remote,Reports And Dashboards | Advance Sql | Tableau | Looker | Salesforce | Data Visualization | Data | Reporting,,2 days ago,3.9,https://www.naukri.com/job-listings-data-analyst-tableau-looker-salesforce-remote-indium-software-hyderabad-2-to-5-years-020626009571,2026-06-04T15:47:24.490280
Naukri,data analyst,Data Analyst,MNC,0-2 Yrs,,,,,"Pimpri-Chinchwad, Pune",Google Sheets | Power Bi | MS Office | SQL | Data Analytics | Large Databases | Google Data Studio | data vis,,1 day ago,,https://www.naukri.com/job-listings-data-analyst-tele-infotech-pimpri-chinchwad-pune-0-to-2-years-020626028320,2026-06-04T15:47:24.490680
Naukri,data analyst,Data Analyst (English Required),Peroptyx,0-5 Yrs,,,,,Remote,Data Analysis | English | Data Analytics | Data Mapping | Analytics | Mapping | Analysis | Data,,1 day ago,3.2,https://www.naukri.com/job-listings-data-analyst-english-required-peroptyx-mumbai-all-areas-0-to-5-years-020626027790,2026-06-04T15:47:24.491067
Naukri,data analyst,Data Analyst,Bima Kavach,1-3 Yrs,,,,,Bengaluru,database maintenance | python | data analysis | data analytics | predictive analytics | problem solving | machine learning | dashboards,,1 day ago,4.3,https://www.naukri.com/job-listings-data-analyst-bimakavach-bengaluru-1-to-3-years-030626501531,2026-06-04T15:47:24.491451
Naukri,data analyst,Data Analyst,Edgemed Healthcare,1-4 Yrs,,,,,Mumbai,database maintenance | python | data analysis | data analytics | sas | predictive analytics | problem solving | process improvement,,1 day ago,,https://www.naukri.com/job-listings-data-analyst-edgemed-healthcare-mumbai-1-to-4-years-030626501583,2026-06-04T15:47:24.491797
Naukri,data analyst,Data Analyst,Ample Softech System,0-3 Yrs,,,,,"Nagpur, Pune",Power Bi | Data Visualization | Data Analytics | Data Management | Tableau | SQL | Data analysis | Analytics,,6 days ago,4.7,https://www.naukri.com/job-listings-data-analyst-ample-softech-system-nagpur-pune-0-to-3-years-270426007790,2026-06-04T15:47:24.492217
Naukri,data analyst,Online Data Analyst Odia (IN),TELUS Digital,0-5 Yrs,,,,,Remote,Oriya | oriya speaker | odiya | Language Editing | Power Bi | Artificial Intelligence | Content Writing | content,,1 week ago,3.5,https://www.naukri.com/job-listings-online-data-analyst-odia-in-telus-digital-india-0-to-5-years-220426038468,2026-06-04T15:47:24.492601
Naukri,data analyst,Data Analyst,Innova Solutions,7-12 Yrs,,,,,"Hybrid - Hyderabad, Bengaluru, Greater Noida",Banking Analytics | Data Analytics | Python | SQL | Segmentation | Data Analysis | Data | Analytics,,1 day ago,3.3,https://www.naukri.com/job-listings-data-analyst-innova-solutions-hyderabad-bengaluru-greater-noida-7-to-12-years-280426010915,2026-06-04T15:47:24.492981
Naukri,data analyst,Online Data Analyst - Kannada,TELUS Digital,0-2 Yrs,,,,,Remote,Data Analysis | Mapping | Online Data Analysis | quality assurance | AI models | machine learning | Assurance | Quality,,2 days ago,3.5,https://www.naukri.com/job-listings-online-data-analyst-kannada-telus-digital-bengaluru-0-to-2-years-040325916691,2026-06-04T15:47:24.493362
Naukri,data analyst,Data Analyst,MNC,0-2 Yrs,,,,,"Pimpri-Chinchwad, Pune",Google Sheets | Power Bi | MS Office | SQL | Data Analytics | Large Databases | Google Data Studio | data vis,,1 week ago,,https://www.naukri.com/job-listings-data-analyst-tele-infotech-pimpri-chinchwad-pune-0-to-2-years-280526000048,2026-06-04T15:47:24.493765
Naukri,data analyst,Data Analyst,Acciojob,0-2 Yrs,,,,,"Chennai, Bengaluru",Data Analytics | Power Bi | Statistics | Python | SQL | Data analysis | Analytics | Data,,1 week ago,3.5,https://www.naukri.com/job-listings-data-analyst-acciojob-chennai-bengaluru-0-to-2-years-260526033652,2026-06-04T15:47:24.494180
Naukri,data analyst,Data Analyst,City Montessori School (CMS),0-3 Yrs,,,,,Lucknow,Power Bi | Data Analyst | Tableau | Excel | Python | GOOGLE LOOKER | Artificial Intelligence | SQL,,4 days ago,3.5,https://www.naukri.com/job-listings-data-analyst-city-montessori-school-cms-lucknow-0-to-3-years-300526014475,2026-06-04T15:47:24.494591
Naukri,data analyst,Data Analyst,Concept Kart,0-4 Yrs,,,,,New Delhi,Data Analysis | Power Bi | Data Analytics | SQL | Analytics | Bi | Analysis | Data,,1 week ago,4.6,https://www.naukri.com/job-listings-data-analyst-concept-kart-new-delhi-0-to-4-years-260526034727,2026-06-04T15:47:24.495018
Naukri,data analyst,Data Analyst - (Immediate Joiners preferred),Capita,1-5 Yrs,,,,,"Hybrid - Pune, Mumbai (All Areas)",Power Bi | Advanced Excel | Machine Learning | Python | R | Data Visualization | Tableau | Data analysis,,1 day ago,3.5,https://www.naukri.com/job-listings-data-analyst-immediate-joiners-preferred-capita-pune-mumbai-all-areas-1-to-5-years-140526016202,2026-06-04T15:47:46.361855
Naukri,data analyst,Data Analyst,Capgemini,4-9 Yrs,,,,,"Hybrid - Chennai, Delhi / NCR, Mumbai (All Areas)",Power Bi | Data Analysis | Data Visualization | Tableau | Data Analytics | SQL | Analytics | Analysis,,1 week ago,3.6,https://www.naukri.com/job-listings-data-analyst-capgemini-chennai-delhi-ncr-mumbai-all-areas-4-to-9-years-021225014173,2026-06-04T15:47:46.362327
Naukri,data analyst,Data Analyst,Sbicap Securities,,,,,,Mumbai,Data Analysis | Predictive Modeling | Statistical Modeling | Data Analytics | SQL | Python | Predictive Analytics | Predictive,,3 weeks ago,3.6,https://www.naukri.com/job-listings-data-analyst-sbicap-securities-mumbai-2-to-5-years-130426027758,2026-06-04T15:47:46.362799
Naukri,data analyst,Data Analyst,Snapdeal,1-6 Yrs,,,,,Gurugram,master data | python | metadata | data analysis | data analytics | data management | configuration | data mining,,3+ weeks ago,3.6,https://www.naukri.com/job-listings-data-analyst-jasper-infotech-pvt-ltd-gurugram-1-to-6-years-221025507695,2026-06-04T15:47:46.363183
Naukri,data analyst,Data Analyst,Tata Consultancy Services,4-8 Yrs,,,,,"Pune, Bengaluru",Data Analysis | Data Warehousing | Data Analytics | SQL | Data | Analysis | Warehouse | Analytics,,3+ weeks ago,3.3,https://www.naukri.com/job-listings-data-analyst-tata-consultancy-services-pune-bengaluru-4-to-8-years-040526032274,2026-06-04T15:47:46.363565
Naukri,data analyst,Data Analyst | ETL | Informatica - Hyderabad (Female candidates),Infosys,3-5 Yrs,,,,,Hyderabad,ETL | Etl Pipelines | Data Quality | Data Pipeline | Informatica | Data Warehousing | Data Modeling | Data Integration,,2 weeks ago,3.5,https://www.naukri.com/job-listings-data-analyst-etl-informatica-hyderabad-female-candidates-infosys-hyderabad-3-to-5-years-200526022268,2026-06-04T15:47:46.363968
Naukri,data analyst,"Auth Fraud Supervisor- Data Analyst, UIDAI/Bengaluru",National Institute for Smart Government (NISG),6-10 Yrs,,,,,Bengaluru,Data Analysis | Fraud Management | Python | SQL | Fraud Analytics | R | Identity fraud | Business Analysis,,1 week ago,3.5,https://www.naukri.com/job-listings-auth-fraud-supervisor-data-analyst-uidai-bengaluru-national-institute-for-smart-government-nisg-bengaluru-6-to-10-years-300126034060,2026-06-04T15:47:46.364383
Naukri,data analyst,Data Analyst - Tableau/Looker/Salesforce (Remote),Indium Software,2-5 Yrs,,,,,Remote,Reports And Dashboards | Advance Sql | Tableau | Looker | Salesforce | Data Visualization | Data | Reporting,,2 days ago,3.9,https://www.naukri.com/job-listings-data-analyst-tableau-looker-salesforce-remote-indium-software-hyderabad-2-to-5-years-020626009571,2026-06-04T15:47:46.364799
Naukri,data analyst,Data Analyst,MNC,0-2 Yrs,,,,,"Pimpri-Chinchwad, Pune",Google Sheets | Power Bi | MS Office | SQL | Data Analytics | Large Databases | Google Data Studio | data vis,,1 day ago,,https://www.naukri.com/job-listings-data-analyst-tele-infotech-pimpri-chinchwad-pune-0-to-2-years-020626028320,2026-06-04T15:47:46.365201
Naukri,data analyst,Data Analyst (English Required),Peroptyx,0-5 Yrs,,,,,Remote,Data Analysis | English | Data Analytics | Data Mapping | Analytics | Mapping | Analysis | Data,,1 day ago,3.2,https://www.naukri.com/job-listings-data-analyst-english-required-peroptyx-mumbai-all-areas-0-to-5-years-020626027790,2026-06-04T15:47:46.365590
Naukri,data analyst,Data Analyst,Bima Kavach,1-3 Yrs,,,,,Bengaluru,database maintenance | python | data analysis | data analytics | predictive analytics | problem solving | machine learning | dashboards,,1 day ago,4.3,https://www.naukri.com/job-listings-data-analyst-bimakavach-bengaluru-1-to-3-years-030626501531,2026-06-04T15:47:46.365976
Naukri,data analyst,Data Analyst,Edgemed Healthcare,1-4 Yrs,,,,,Mumbai,database maintenance | python | data analysis | data analytics | sas | predictive analytics | problem solving | process improvement,,1 day ago,,https://www.naukri.com/job-listings-data-analyst-edgemed-healthcare-mumbai-1-to-4-years-030626501583,2026-06-04T15:47:46.366338
Naukri,data analyst,Data Analyst,Ample Softech System,0-3 Yrs,,,,,"Nagpur, Pune",Power Bi | Data Visualization | Data Analytics | Data Management | Tableau | SQL | Data analysis | Analytics,,6 days ago,4.7,https://www.naukri.com/job-listings-data-analyst-ample-softech-system-nagpur-pune-0-to-3-years-270426007790,2026-06-04T15:47:46.366762
Naukri,data analyst,Online Data Analyst Odia (IN),TELUS Digital,0-5 Yrs,,,,,Remote,Oriya | oriya speaker | odiya | Language Editing | Power Bi | Artificial Intelligence | Content Writing | content,,1 week ago,3.5,https://www.naukri.com/job-listings-online-data-analyst-odia-in-telus-digital-india-0-to-5-years-220426038468,2026-06-04T15:47:46.367147
Naukri,data analyst,Data Analyst,Innova Solutions,7-12 Yrs,,,,,"Hybrid - Hyderabad, Bengaluru, Greater Noida",Banking Analytics | Data Analytics | Python | SQL | Segmentation | Data Analysis | Data | Analytics,,1 day ago,3.3,https://www.naukri.com/job-listings-data-analyst-innova-solutions-hyderabad-bengaluru-greater-noida-7-to-12-years-280426010915,2026-06-04T15:47:46.367531
Naukri,data analyst,Online Data Analyst - Kannada,TELUS Digital,0-2 Yrs,,,,,Remote,Data Analysis | Mapping | Online Data Analysis | quality assurance | AI models | machine learning | Assurance | Quality,,2 days ago,3.5,https://www.naukri.com/job-listings-online-data-analyst-kannada-telus-digital-bengaluru-0-to-2-years-040325916691,2026-06-04T15:47:46.367913
Naukri,data analyst,Data Analyst,MNC,0-2 Yrs,,,,,"Pimpri-Chinchwad, Pune",Google Sheets | Power Bi | MS Office | SQL | Data Analytics | Large Databases | Google Data Studio | data vis,,1 week ago,,https://www.naukri.com/job-listings-data-analyst-tele-infotech-pimpri-chinchwad-pune-0-to-2-years-280526000048,2026-06-04T15:47:46.368313
Naukri,data analyst,Data Analyst,Acciojob,0-2 Yrs,,,,,"Chennai, Bengaluru",Data Analytics | Power Bi | Statistics | Python | SQL | Data analysis | Analytics | Data,,1 week ago,3.5,https://www.naukri.com/job-listings-data-analyst-acciojob-chennai-bengaluru-0-to-2-years-260526033652,2026-06-04T15:47:46.368729
Naukri,data analyst,Data Analyst,City Montessori School (CMS),0-3 Yrs,,,,,Lucknow,Power Bi | Data Analyst | Tableau | Excel | Python | GOOGLE LOOKER | Artificial Intelligence | SQL,,4 days ago,3.5,https://www.naukri.com/job-listings-data-analyst-city-montessori-school-cms-lucknow-0-to-3-years-300526014475,2026-06-04T15:47:46.369110
Naukri,data analyst,Data Analyst,Concept Kart,0-4 Yrs,,,,,New Delhi,Data Analysis | Power Bi | Data Analytics | SQL | Analytics | Bi | Analysis | Data,,1 week ago,4.6,https://www.naukri.com/job-listings-data-analyst-concept-kart-new-delhi-0-to-4-years-260526034727,2026-06-04T15:47:46.369529
Naukri,data analyst,Data Analyst - (Immediate Joiners preferred),Capita,1-5 Yrs,,,,,"Hybrid - Pune, Mumbai (All Areas)",Power Bi | Advanced Excel | Machine Learning | Python | R | Data Visualization | Tableau | Data analysis,,1 day ago,3.5,https://www.naukri.com/job-listings-data-analyst-immediate-joiners-preferred-capita-pune-mumbai-all-areas-1-to-5-years-140526016202,2026-06-04T15:48:08.187435
Naukri,data analyst,Data Analyst,Capgemini,4-9 Yrs,,,,,"Hybrid - Chennai, Delhi / NCR, Mumbai (All Areas)",Power Bi | Data Analysis | Data Visualization | Tableau | Data Analytics | SQL | Analytics | Analysis,,1 week ago,3.6,https://www.naukri.com/job-listings-data-analyst-capgemini-chennai-delhi-ncr-mumbai-all-areas-4-to-9-years-021225014173,2026-06-04T15:48:08.187868
Naukri,data analyst,Data Analyst,Sbicap Securities,,,,,,Mumbai,Data Analysis | Predictive Modeling | Statistical Modeling | Data Analytics | SQL | Python | Predictive Analytics | Predictive,,3 weeks ago,3.6,https://www.naukri.com/job-listings-data-analyst-sbicap-securities-mumbai-2-to-5-years-130426027758,2026-06-04T15:48:08.188354
Naukri,data analyst,Data Analyst,Snapdeal,1-6 Yrs,,,,,Gurugram,master data | python | metadata | data analysis | data analytics | data management | configuration | data mining,,3+ weeks ago,3.6,https://www.naukri.com/job-listings-data-analyst-jasper-infotech-pvt-ltd-gurugram-1-to-6-years-221025507695,2026-06-04T15:48:08.188746
Naukri,data analyst,Data Analyst,Tata Consultancy Services,4-8 Yrs,,,,,"Pune, Bengaluru",Data Analysis | Data Warehousing | Data Analytics | SQL | Data | Analysis | Warehouse | Analytics,,3+ weeks ago,3.3,https://www.naukri.com/job-listings-data-analyst-tata-consultancy-services-pune-bengaluru-4-to-8-years-040526032274,2026-06-04T15:48:08.189141
Naukri,data analyst,Data Analyst | ETL | Informatica - Hyderabad (Female candidates),Infosys,3-5 Yrs,,,,,Hyderabad,ETL | Etl Pipelines | Data Quality | Data Pipeline | Informatica | Data Warehousing | Data Modeling | Data Integration,,2 weeks ago,3.5,https://www.naukri.com/job-listings-data-analyst-etl-informatica-hyderabad-female-candidates-infosys-hyderabad-3-to-5-years-200526022268,2026-06-04T15:48:08.189557
Naukri,data analyst,"Auth Fraud Supervisor- Data Analyst, UIDAI/Bengaluru",National Institute for Smart Government (NISG),6-10 Yrs,,,,,Bengaluru,Data Analysis | Fraud Management | Python | SQL | Fraud Analytics | R | Identity fraud | Business Analysis,,1 week ago,3.5,https://www.naukri.com/job-listings-auth-fraud-supervisor-data-analyst-uidai-bengaluru-national-institute-for-smart-government-nisg-bengaluru-6-to-10-years-300126034060,2026-06-04T15:48:08.189987
Naukri,data analyst,Data Analyst - Tableau/Looker/Salesforce (Remote),Indium Software,2-5 Yrs,,,,,Remote,Reports And Dashboards | Advance Sql | Tableau | Looker | Salesforce | Data Visualization | Data | Reporting,,2 days ago,3.9,https://www.naukri.com/job-listings-data-analyst-tableau-looker-salesforce-remote-indium-software-hyderabad-2-to-5-years-020626009571,2026-06-04T15:48:08.190413
Naukri,data analyst,Data Analyst,MNC,0-2 Yrs,,,,,"Pimpri-Chinchwad, Pune",Google Sheets | Power Bi | MS Office | SQL | Data Analytics | Large Databases | Google Data Studio | data vis,,1 day ago,,https://www.naukri.com/job-listings-data-analyst-tele-infotech-pimpri-chinchwad-pune-0-to-2-years-020626028320,2026-06-04T15:48:08.190825
Naukri,data analyst,Data Analyst (English Required),Peroptyx,0-5 Yrs,,,,,Remote,Data Analysis | English | Data Analytics | Data Mapping | Analytics | Mapping | Analysis | Data,,1 day ago,3.2,https://www.naukri.com/job-listings-data-analyst-english-required-peroptyx-mumbai-all-areas-0-to-5-years-020626027790,2026-06-04T15:48:08.191222
Naukri,data analyst,Data Analyst,Bima Kavach,1-3 Yrs,,,,,Bengaluru,database maintenance | python | data analysis | data analytics | predictive analytics | problem solving | machine learning | dashboards,,1 day ago,4.3,https://www.naukri.com/job-listings-data-analyst-bimakavach-bengaluru-1-to-3-years-030626501531,2026-06-04T15:48:08.191645
Naukri,data analyst,Data Analyst,Edgemed Healthcare,1-4 Yrs,,,,,Mumbai,database maintenance | python | data analysis | data analytics | sas | predictive analytics | problem solving | process improvement,,1 day ago,,https://www.naukri.com/job-listings-data-analyst-edgemed-healthcare-mumbai-1-to-4-years-030626501583,2026-06-04T15:48:08.192007
Naukri,data analyst,Data Analyst,Ample Softech System,0-3 Yrs,,,,,"Nagpur, Pune",Power Bi | Data Visualization | Data Analytics | Data Management | Tableau | SQL | Data analysis | Analytics,,6 days ago,4.7,https://www.naukri.com/job-listings-data-analyst-ample-softech-system-nagpur-pune-0-to-3-years-270426007790,2026-06-04T15:48:08.192445
Naukri,data analyst,Online Data Analyst Odia (IN),TELUS Digital,0-5 Yrs,,,,,Remote,Oriya | oriya speaker | odiya | Language Editing | Power Bi | Artificial Intelligence | Content Writing | content,,1 week ago,3.5,https://www.naukri.com/job-listings-online-data-analyst-odia-in-telus-digital-india-0-to-5-years-220426038468,2026-06-04T15:48:08.192846
Naukri,data analyst,Data Analyst,Innova Solutions,7-12 Yrs,,,,,"Hybrid - Hyderabad, Bengaluru, Greater Noida",Banking Analytics | Data Analytics | Python | SQL | Segmentation | Data Analysis | Data | Analytics,,1 day ago,3.3,https://www.naukri.com/job-listings-data-analyst-innova-solutions-hyderabad-bengaluru-greater-noida-7-to-12-years-280426010915,2026-06-04T15:48:08.193236
Naukri,data analyst,Online Data Analyst - Kannada,TELUS Digital,0-2 Yrs,,,,,Remote,Data Analysis | Mapping | Online Data Analysis | quality assurance | AI models | machine learning | Assurance | Quality,,2 days ago,3.5,https://www.naukri.com/job-listings-online-data-analyst-kannada-telus-digital-bengaluru-0-to-2-years-040325916691,2026-06-04T15:48:08.193647
Naukri,data analyst,Data Analyst,MNC,0-2 Yrs,,,,,"Pimpri-Chinchwad, Pune",Google Sheets | Power Bi | MS Office | SQL | Data Analytics | Large Databases | Google Data Studio | data vis,,1 week ago,,https://www.naukri.com/job-listings-data-analyst-tele-infotech-pimpri-chinchwad-pune-0-to-2-years-280526000048,2026-06-04T15:48:08.194278
Naukri,data analyst,Data Analyst,Acciojob,0-2 Yrs,,,,,"Chennai, Bengaluru",Data Analytics | Power Bi | Statistics | Python | SQL | Data analysis | Analytics | Data,,1 week ago,3.5,https://www.naukri.com/job-listings-data-analyst-acciojob-chennai-bengaluru-0-to-2-years-260526033652,2026-06-04T15:48:08.195004
Naukri,data analyst,Data Analyst,City Montessori School (CMS),0-3 Yrs,,,,,Lucknow,Power Bi | Data Analyst | Tableau | Excel | Python | GOOGLE LOOKER | Artificial Intelligence | SQL,,4 days ago,3.5,https://www.naukri.com/job-listings-data-analyst-city-montessori-school-cms-lucknow-0-to-3-years-300526014475,2026-06-04T15:48:08.195425
Naukri,data analyst,Data Analyst,Concept Kart,0-4 Yrs,,,,,New Delhi,Data Analysis | Power Bi | Data Analytics | SQL | Analytics | Bi | Analysis | Data,,1 week ago,4.6,https://www.naukri.com/job-listings-data-analyst-concept-kart-new-delhi-0-to-4-years-260526034727,2026-06-04T15:48:08.195858
Naukri,data analyst,Data Analyst - (Immediate Joiners preferred),Capita,1-5 Yrs,,,,,"Hybrid - Pune, Mumbai (All Areas)",Power Bi | Advanced Excel | Machine Learning | Python | R | Data Visualization | Tableau | Data analysis,,1 day ago,3.5,https://www.naukri.com/job-listings-data-analyst-immediate-joiners-preferred-capita-pune-mumbai-all-areas-1-to-5-years-140526016202,2026-06-04T15:48:29.923399
Naukri,data analyst,Data Analyst,Capgemini,4-9 Yrs,,,,,"Hybrid - Chennai, Delhi / NCR, Mumbai (All Areas)",Power Bi | Data Analysis | Data Visualization | Tableau | Data Analytics | SQL | Analytics | Analysis,,1 week ago,3.6,https://www.naukri.com/job-listings-data-analyst-capgemini-chennai-delhi-ncr-mumbai-all-areas-4-to-9-years-021225014173,2026-06-04T15:48:29.923865
Naukri,data analyst,Data Analyst,Sbicap Securities,,,,,,Mumbai,Data Analysis | Predictive Modeling | Statistical Modeling | Data Analytics | SQL | Python | Predictive Analytics | Predictive,,3 weeks ago,3.6,https://www.naukri.com/job-listings-data-analyst-sbicap-securities-mumbai-2-to-5-years-130426027758,2026-06-04T15:48:29.924371
Naukri,data analyst,Data Analyst,Snapdeal,1-6 Yrs,,,,,Gurugram,master data | python | metadata | data analysis | data analytics | data management | configuration | data mining,,3+ weeks ago,3.6,https://www.naukri.com/job-listings-data-analyst-jasper-infotech-pvt-ltd-gurugram-1-to-6-years-221025507695,2026-06-04T15:48:29.924762
Naukri,data analyst,Data Analyst,Tata Consultancy Services,4-8 Yrs,,,,,"Pune, Bengaluru",Data Analysis | Data Warehousing | Data Analytics | SQL | Data | Analysis | Warehouse | Analytics,,3+ weeks ago,3.3,https://www.naukri.com/job-listings-data-analyst-tata-consultancy-services-pune-bengaluru-4-to-8-years-040526032274,2026-06-04T15:48:29.925147
Naukri,data analyst,Data Analyst | ETL | Informatica - Hyderabad (Female candidates),Infosys,3-5 Yrs,,,,,Hyderabad,ETL | Etl Pipelines | Data Quality | Data Pipeline | Informatica | Data Warehousing | Data Modeling | Data Integration,,2 weeks ago,3.5,https://www.naukri.com/job-listings-data-analyst-etl-informatica-hyderabad-female-candidates-infosys-hyderabad-3-to-5-years-200526022268,2026-06-04T15:48:29.925546
Naukri,data analyst,"Auth Fraud Supervisor- Data Analyst, UIDAI/Bengaluru",National Institute for Smart Government (NISG),6-10 Yrs,,,,,Bengaluru,Data Analysis | Fraud Management | Python | SQL | Fraud Analytics | R | Identity fraud | Business Analysis,,1 week ago,3.5,https://www.naukri.com/job-listings-auth-fraud-supervisor-data-analyst-uidai-bengaluru-national-institute-for-smart-government-nisg-bengaluru-6-to-10-years-300126034060,2026-06-04T15:48:29.925968
Naukri,data analyst,Data Analyst - Tableau/Looker/Salesforce (Remote),Indium Software,2-5 Yrs,,,,,Remote,Reports And Dashboards | Advance Sql | Tableau | Looker | Salesforce | Data Visualization | Data | Reporting,,2 days ago,3.9,https://www.naukri.com/job-listings-data-analyst-tableau-looker-salesforce-remote-indium-software-hyderabad-2-to-5-years-020626009571,2026-06-04T15:48:29.926391
Naukri,data analyst,Data Analyst,MNC,0-2 Yrs,,,,,"Pimpri-Chinchwad, Pune",Google Sheets | Power Bi | MS Office | SQL | Data Analytics | Large Databases | Google Data Studio | data vis,,1 day ago,,https://www.naukri.com/job-listings-data-analyst-tele-infotech-pimpri-chinchwad-pune-0-to-2-years-020626028320,2026-06-04T15:48:29.926792
Naukri,data analyst,Data Analyst (English Required),Peroptyx,0-5 Yrs,,,,,Remote,Data Analysis | English | Data Analytics | Data Mapping | Analytics | Mapping | Analysis | Data,,1 day ago,3.2,https://www.naukri.com/job-listings-data-analyst-english-required-peroptyx-mumbai-all-areas-0-to-5-years-020626027790,2026-06-04T15:48:29.927191
Naukri,data analyst,Data Analyst,Bima Kavach,1-3 Yrs,,,,,Bengaluru,database maintenance | python | data analysis | data analytics | predictive analytics | problem solving | machine learning | dashboards,,1 day ago,4.3,https://www.naukri.com/job-listings-data-analyst-bimakavach-bengaluru-1-to-3-years-030626501531,2026-06-04T15:48:29.927574
Naukri,data analyst,Data Analyst,Edgemed Healthcare,1-4 Yrs,,,,,Mumbai,database maintenance | python | data analysis | data analytics | sas | predictive analytics | problem solving | process improvement,,1 day ago,,https://www.naukri.com/job-listings-data-analyst-edgemed-healthcare-mumbai-1-to-4-years-030626501583,2026-06-04T15:48:29.927920
Naukri,data analyst,Data Analyst,Ample Softech System,0-3 Yrs,,,,,"Nagpur, Pune",Power Bi | Data Visualization | Data Analytics | Data Management | Tableau | SQL | Data analysis | Analytics,,6 days ago,4.7,https://www.naukri.com/job-listings-data-analyst-ample-softech-system-nagpur-pune-0-to-3-years-270426007790,2026-06-04T15:48:29.928338
Naukri,data analyst,Online Data Analyst Odia (IN),TELUS Digital,0-5 Yrs,,,,,Remote,Oriya | oriya speaker | odiya | Language Editing | Power Bi | Artificial Intelligence | Content Writing | content,,1 week ago,3.5,https://www.naukri.com/job-listings-online-data-analyst-odia-in-telus-digital-india-0-to-5-years-220426038468,2026-06-04T15:48:29.928721
Naukri,data analyst,Data Analyst,Innova Solutions,7-12 Yrs,,,,,"Hybrid - Hyderabad, Bengaluru, Greater Noida",Banking Analytics | Data Analytics | Python | SQL | Segmentation | Data Analysis | Data | Analytics,,1 day ago,3.3,https://www.naukri.com/job-listings-data-analyst-innova-solutions-hyderabad-bengaluru-greater-noida-7-to-12-years-280426010915,2026-06-04T15:48:29.929098
Naukri,data analyst,Online Data Analyst - Kannada,TELUS Digital,0-2 Yrs,,,,,Remote,Data Analysis | Mapping | Online Data Analysis | quality assurance | AI models | machine learning | Assurance | Quality,,2 days ago,3.5,https://www.naukri.com/job-listings-online-data-analyst-kannada-telus-digital-bengaluru-0-to-2-years-040325916691,2026-06-04T15:48:29.929482
Naukri,data analyst,Data Analyst,MNC,0-2 Yrs,,,,,"Pimpri-Chinchwad, Pune",Google Sheets | Power Bi | MS Office | SQL | Data Analytics | Large Databases | Google Data Studio | data vis,,1 week ago,,https://www.naukri.com/job-listings-data-analyst-tele-infotech-pimpri-chinchwad-pune-0-to-2-years-280526000048,2026-06-04T15:48:29.929882
Naukri,data analyst,Data Analyst,Acciojob,0-2 Yrs,,,,,"Chennai, Bengaluru",Data Analytics | Power Bi | Statistics | Python | SQL | Data analysis | Analytics | Data,,1 week ago,3.5,https://www.naukri.com/job-listings-data-analyst-acciojob-chennai-bengaluru-0-to-2-years-260526033652,2026-06-04T15:48:29.930298
Naukri,data analyst,Data Analyst,City Montessori School (CMS),0-3 Yrs,,,,,Lucknow,Power Bi | Data Analyst | Tableau | Excel | Python | GOOGLE LOOKER | Artificial Intelligence | SQL,,4 days ago,3.5,https://www.naukri.com/job-listings-data-analyst-city-montessori-school-cms-lucknow-0-to-3-years-300526014475,2026-06-04T15:48:29.930680
Naukri,data analyst,Data Analyst,Concept Kart,0-4 Yrs,,,,,New Delhi,Data Analysis | Power Bi | Data Analytics | SQL | Analytics | Bi | Analysis | Data,,1 week ago,4.6,https://www.naukri.com/job-listings-data-analyst-concept-kart-new-delhi-0-to-4-years-260526034727,2026-06-04T15:48:29.931102
Naukri,data analyst,Data Analyst - (Immediate Joiners preferred),Capita,1-5 Yrs,,,,,"Hybrid - Pune, Mumbai (All Areas)",Power Bi | Advanced Excel | Machine Learning | Python | R | Data Visualization | Tableau | Data analysis,,1 day ago,3.5,https://www.naukri.com/job-listings-data-analyst-immediate-joiners-preferred-capita-pune-mumbai-all-areas-1-to-5-years-140526016202,2026-06-04T15:48:51.973460
Naukri,data analyst,Data Analyst,Capgemini,4-9 Yrs,,,,,"Hybrid - Chennai, Delhi / NCR, Mumbai (All Areas)",Power Bi | Data Analysis | Data Visualization | Tableau | Data Analytics | SQL | Analytics | Analysis,,1 week ago,3.6,https://www.naukri.com/job-listings-data-analyst-capgemini-chennai-delhi-ncr-mumbai-all-areas-4-to-9-years-021225014173,2026-06-04T15:48:51.973926
Naukri,data analyst,Data Analyst,Sbicap Securities,,,,,,Mumbai,Data Analysis | Predictive Modeling | Statistical Modeling | Data Analytics | SQL | Python | Predictive Analytics | Predictive,,3 weeks ago,3.6,https://www.naukri.com/job-listings-data-analyst-sbicap-securities-mumbai-2-to-5-years-130426027758,2026-06-04T15:48:51.974416
Naukri,data analyst,Data Analyst,Snapdeal,1-6 Yrs,,,,,Gurugram,master data | python | metadata | data analysis | data analytics | data management | configuration | data mining,,3+ weeks ago,3.6,https://www.naukri.com/job-listings-data-analyst-jasper-infotech-pvt-ltd-gurugram-1-to-6-years-221025507695,2026-06-04T15:48:51.974817
Naukri,data analyst,Data Analyst,Tata Consultancy Services,4-8 Yrs,,,,,"Pune, Bengaluru",Data Analysis | Data Warehousing | Data Analytics | SQL | Data | Analysis | Warehouse | Analytics,,3+ weeks ago,3.3,https://www.naukri.com/job-listings-data-analyst-tata-consultancy-services-pune-bengaluru-4-to-8-years-040526032274,2026-06-04T15:48:51.975203
Naukri,data analyst,Data Analyst | ETL | Informatica - Hyderabad (Female candidates),Infosys,3-5 Yrs,,,,,Hyderabad,ETL | Etl Pipelines | Data Quality | Data Pipeline | Informatica | Data Warehousing | Data Modeling | Data Integration,,2 weeks ago,3.5,https://www.naukri.com/job-listings-data-analyst-etl-informatica-hyderabad-female-candidates-infosys-hyderabad-3-to-5-years-200526022268,2026-06-04T15:48:51.975615
Naukri,data analyst,"Auth Fraud Supervisor- Data Analyst, UIDAI/Bengaluru",National Institute for Smart Government (NISG),6-10 Yrs,,,,,Bengaluru,Data Analysis | Fraud Management | Python | SQL | Fraud Analytics | R | Identity fraud | Business Analysis,,1 week ago,3.5,https://www.naukri.com/job-listings-auth-fraud-supervisor-data-analyst-uidai-bengaluru-national-institute-for-smart-government-nisg-bengaluru-6-to-10-years-300126034060,2026-06-04T15:48:51.976034
Naukri,data analyst,Data Analyst - Tableau/Looker/Salesforce (Remote),Indium Software,2-5 Yrs,,,,,Remote,Reports And Dashboards | Advance Sql | Tableau | Looker | Salesforce | Data Visualization | Data | Reporting,,2 days ago,3.9,https://www.naukri.com/job-listings-data-analyst-tableau-looker-salesforce-remote-indium-software-hyderabad-2-to-5-years-020626009571,2026-06-04T15:48:51.976453
Naukri,data analyst,Data Analyst,MNC,0-2 Yrs,,,,,"Pimpri-Chinchwad, Pune",Google Sheets | Power Bi | MS Office | SQL | Data Analytics | Large Databases | Google Data Studio | data vis,,1 day ago,,https://www.naukri.com/job-listings-data-analyst-tele-infotech-pimpri-chinchwad-pune-0-to-2-years-020626028320,2026-06-04T15:48:51.976868
Naukri,data analyst,Data Analyst (English Required),Peroptyx,0-5 Yrs,,,,,Remote,Data Analysis | English | Data Analytics | Data Mapping | Analytics | Mapping | Analysis | Data,,1 day ago,3.2,https://www.naukri.com/job-listings-data-analyst-english-required-peroptyx-mumbai-all-areas-0-to-5-years-020626027790,2026-06-04T15:48:51.977255
Naukri,data analyst,Data Analyst,Bima Kavach,1-3 Yrs,,,,,Bengaluru,database maintenance | python | data analysis | data analytics | predictive analytics | problem solving | machine learning | dashboards,,1 day ago,4.3,https://www.naukri.com/job-listings-data-analyst-bimakavach-bengaluru-1-to-3-years-030626501531,2026-06-04T15:48:51.977649
Naukri,data analyst,Data Analyst,Edgemed Healthcare,1-4 Yrs,,,,,Mumbai,database maintenance | python | data analysis | data analytics | sas | predictive analytics | problem solving | process improvement,,1 day ago,,https://www.naukri.com/job-listings-data-analyst-edgemed-healthcare-mumbai-1-to-4-years-030626501583,2026-06-04T15:48:51.977996
Naukri,data analyst,Data Analyst,Ample Softech System,0-3 Yrs,,,,,"Nagpur, Pune",Power Bi | Data Visualization | Data Analytics | Data Management | Tableau | SQL | Data analysis | Analytics,,6 days ago,4.7,https://www.naukri.com/job-listings-data-analyst-ample-softech-system-nagpur-pune-0-to-3-years-270426007790,2026-06-04T15:48:51.978416
Naukri,data analyst,Online Data Analyst Odia (IN),TELUS Digital,0-5 Yrs,,,,,Remote,Oriya | oriya speaker | odiya | Language Editing | Power Bi | Artificial Intelligence | Content Writing | content,,1 week ago,3.5,https://www.naukri.com/job-listings-online-data-analyst-odia-in-telus-digital-india-0-to-5-years-220426038468,2026-06-04T15:48:51.978807
Naukri,data analyst,Data Analyst,Innova Solutions,7-12 Yrs,,,,,"Hybrid - Hyderabad, Bengaluru, Greater Noida",Banking Analytics | Data Analytics | Python | SQL | Segmentation | Data Analysis | Data | Analytics,,1 day ago,3.3,https://www.naukri.com/job-listings-data-analyst-innova-solutions-hyderabad-bengaluru-greater-noida-7-to-12-years-280426010915,2026-06-04T15:48:51.979193
Naukri,data analyst,Online Data Analyst - Kannada,TELUS Digital,0-2 Yrs,,,,,Remote,Data Analysis | Mapping | Online Data Analysis | quality assurance | AI models | machine learning | Assurance | Quality,,2 days ago,3.5,https://www.naukri.com/job-listings-online-data-analyst-kannada-telus-digital-bengaluru-0-to-2-years-040325916691,2026-06-04T15:48:51.979588
Naukri,data analyst,Data Analyst,MNC,0-2 Yrs,,,,,"Pimpri-Chinchwad, Pune",Google Sheets | Power Bi | MS Office | SQL | Data Analytics | Large Databases | Google Data Studio | data vis,,1 week ago,,https://www.naukri.com/job-listings-data-analyst-tele-infotech-pimpri-chinchwad-pune-0-to-2-years-280526000048,2026-06-04T15:48:51.979994
Naukri,data analyst,Data Analyst,Acciojob,0-2 Yrs,,,,,"Chennai, Bengaluru",Data Analytics | Power Bi | Statistics | Python | SQL | Data analysis | Analytics | Data,,1 week ago,3.5,https://www.naukri.com/job-listings-data-analyst-acciojob-chennai-bengaluru-0-to-2-years-260526033652,2026-06-04T15:48:51.980408
Naukri,data analyst,Data Analyst,City Montessori School (CMS),0-3 Yrs,,,,,Lucknow,Power Bi | Data Analyst | Tableau | Excel | Python | GOOGLE LOOKER | Artificial Intelligence | SQL,,4 days ago,3.5,https://www.naukri.com/job-listings-data-analyst-city-montessori-school-cms-lucknow-0-to-3-years-300526014475,2026-06-04T15:48:51.980809
Naukri,data analyst,Data Analyst,Concept Kart,0-4 Yrs,,,,,New Delhi,Data Analysis | Power Bi | Data Analytics | SQL | Analytics | Bi | Analysis | Data,,1 week ago,4.6,https://www.naukri.com/job-listings-data-analyst-concept-kart-new-delhi-0-to-4-years-260526034727,2026-06-04T15:48:51.981234
Naukri,data analyst,Data Analyst - (Immediate Joiners preferred),Capita,1-5 Yrs,,,,,"Hybrid - Pune, Mumbai (All Areas)",Power Bi | Advanced Excel | Machine Learning | Python | R | Data Visualization | Tableau | Data analysis,,1 day ago,3.5,https://www.naukri.com/job-listings-data-analyst-immediate-joiners-preferred-capita-pune-mumbai-all-areas-1-to-5-years-140526016202,2026-06-04T15:49:13.602018
Naukri,data analyst,Data Analyst,Capgemini,4-9 Yrs,,,,,"Hybrid - Chennai, Delhi / NCR, Mumbai (All Areas)",Power Bi | Data Analysis | Data Visualization | Tableau | Data Analytics | SQL | Analytics | Analysis,,1 week ago,3.6,https://www.naukri.com/job-listings-data-analyst-capgemini-chennai-delhi-ncr-mumbai-all-areas-4-to-9-years-021225014173,2026-06-04T15:49:13.602430
Naukri,data analyst,Data Analyst,Sbicap Securities,,,,,,Mumbai,Data Analysis | Predictive Modeling | Statistical Modeling | Data Analytics | SQL | Python | Predictive Analytics | Predictive,,3 weeks ago,3.6,https://www.naukri.com/job-listings-data-analyst-sbicap-securities-mumbai-2-to-5-years-130426027758,2026-06-04T15:49:13.602917
Naukri,data analyst,Data Analyst,Snapdeal,1-6 Yrs,,,,,Gurugram,master data | python | metadata | data analysis | data analytics | data management | configuration | data mining,,3+ weeks ago,3.6,https://www.naukri.com/job-listings-data-analyst-jasper-infotech-pvt-ltd-gurugram-1-to-6-years-221025507695,2026-06-04T15:49:13.603308
Naukri,data analyst,Data Analyst,Tata Consultancy Services,4-8 Yrs,,,,,"Pune, Bengaluru",Data Analysis | Data Warehousing | Data Analytics | SQL | Data | Analysis | Warehouse | Analytics,,3+ weeks ago,3.3,https://www.naukri.com/job-listings-data-analyst-tata-consultancy-services-pune-bengaluru-4-to-8-years-040526032274,2026-06-04T15:49:13.603704
Naukri,data analyst,Data Analyst | ETL | Informatica - Hyderabad (Female candidates),Infosys,3-5 Yrs,,,,,Hyderabad,ETL | Etl Pipelines | Data Quality | Data Pipeline | Informatica | Data Warehousing | Data Modeling | Data Integration,,2 weeks ago,3.5,https://www.naukri.com/job-listings-data-analyst-etl-informatica-hyderabad-female-candidates-infosys-hyderabad-3-to-5-years-200526022268,2026-06-04T15:49:13.604115
Naukri,data analyst,"Auth Fraud Supervisor- Data Analyst, UIDAI/Bengaluru",National Institute for Smart Government (NISG),6-10 Yrs,,,,,Bengaluru,Data Analysis | Fraud Management | Python | SQL | Fraud Analytics | R | Identity fraud | Business Analysis,,1 week ago,3.5,https://www.naukri.com/job-listings-auth-fraud-supervisor-data-analyst-uidai-bengaluru-national-institute-for-smart-government-nisg-bengaluru-6-to-10-years-300126034060,2026-06-04T15:49:13.604540
Naukri,data analyst,Data Analyst - Tableau/Looker/Salesforce (Remote),Indium Software,2-5 Yrs,,,,,Remote,Reports And Dashboards | Advance Sql | Tableau | Looker | Salesforce | Data Visualization | Data | Reporting,,2 days ago,3.9,https://www.naukri.com/job-listings-data-analyst-tableau-looker-salesforce-remote-indium-software-hyderabad-2-to-5-years-020626009571,2026-06-04T15:49:13.605037
Naukri,data analyst,Data Analyst,MNC,0-2 Yrs,,,,,"Pimpri-Chinchwad, Pune",Google Sheets | Power Bi | MS Office | SQL | Data Analytics | Large Databases | Google Data Studio | data vis,,1 day ago,,https://www.naukri.com/job-listings-data-analyst-tele-infotech-pimpri-chinchwad-pune-0-to-2-years-020626028320,2026-06-04T15:49:13.605458
Naukri,data analyst,Data Analyst (English Required),Peroptyx,0-5 Yrs,,,,,Remote,Data Analysis | English | Data Analytics | Data Mapping | Analytics | Mapping | Analysis | Data,,1 day ago,3.2,https://www.naukri.com/job-listings-data-analyst-english-required-peroptyx-mumbai-all-areas-0-to-5-years-020626027790,2026-06-04T15:49:13.605852
Naukri,data analyst,Data Analyst,Bima Kavach,1-3 Yrs,,,,,Bengaluru,database maintenance | python | data analysis | data analytics | predictive analytics | problem solving | machine learning | dashboards,,1 day ago,4.3,https://www.naukri.com/job-listings-data-analyst-bimakavach-bengaluru-1-to-3-years-030626501531,2026-06-04T15:49:13.606250
Naukri,data analyst,Data Analyst,Edgemed Healthcare,1-4 Yrs,,,,,Mumbai,database maintenance | python | data analysis | data analytics | sas | predictive analytics | problem solving | process improvement,,1 day ago,,https://www.naukri.com/job-listings-data-analyst-edgemed-healthcare-mumbai-1-to-4-years-030626501583,2026-06-04T15:49:13.606611
Naukri,data analyst,Data Analyst,Ample Softech System,0-3 Yrs,,,,,"Nagpur, Pune",Power Bi | Data Visualization | Data Analytics | Data Management | Tableau | SQL | Data analysis | Analytics,,6 days ago,4.7,https://www.naukri.com/job-listings-data-analyst-ample-softech-system-nagpur-pune-0-to-3-years-270426007790,2026-06-04T15:49:13.607039
Naukri,data analyst,Online Data Analyst Odia (IN),TELUS Digital,0-5 Yrs,,,,,Remote,Oriya | oriya speaker | odiya | Language Editing | Power Bi | Artificial Intelligence | Content Writing | content,,1 week ago,3.5,https://www.naukri.com/job-listings-online-data-analyst-odia-in-telus-digital-india-0-to-5-years-220426038468,2026-06-04T15:49:13.607435
Naukri,data analyst,Data Analyst,Innova Solutions,7-12 Yrs,,,,,"Hybrid - Hyderabad, Bengaluru, Greater Noida",Banking Analytics | Data Analytics | Python | SQL | Segmentation | Data Analysis | Data | Analytics,,1 day ago,3.3,https://www.naukri.com/job-listings-data-analyst-innova-solutions-hyderabad-bengaluru-greater-noida-7-to-12-years-280426010915,2026-06-04T15:49:13.607827
Naukri,data analyst,Online Data Analyst - Kannada,TELUS Digital,0-2 Yrs,,,,,Remote,Data Analysis | Mapping | Online Data Analysis | quality assurance | AI models | machine learning | Assurance | Quality,,2 days ago,3.5,https://www.naukri.com/job-listings-online-data-analyst-kannada-telus-digital-bengaluru-0-to-2-years-040325916691,2026-06-04T15:49:13.608218
Naukri,data analyst,Data Analyst,MNC,0-2 Yrs,,,,,"Pimpri-Chinchwad, Pune",Google Sheets | Power Bi | MS Office | SQL | Data Analytics | Large Databases | Google Data Studio | data vis,,1 week ago,,https://www.naukri.com/job-listings-data-analyst-tele-infotech-pimpri-chinchwad-pune-0-to-2-years-280526000048,2026-06-04T15:49:13.608632
Naukri,data analyst,Data Analyst,Acciojob,0-2 Yrs,,,,,"Chennai, Bengaluru",Data Analytics | Power Bi | Statistics | Python | SQL | Data analysis | Analytics | Data,,1 week ago,3.5,https://www.naukri.com/job-listings-data-analyst-acciojob-chennai-bengaluru-0-to-2-years-260526033652,2026-06-04T15:49:13.609083
Naukri,data analyst,Data Analyst,City Montessori School (CMS),0-3 Yrs,,,,,Lucknow,Power Bi | Data Analyst | Tableau | Excel | Python | GOOGLE LOOKER | Artificial Intelligence | SQL,,4 days ago,3.5,https://www.naukri.com/job-listings-data-analyst-city-montessori-school-cms-lucknow-0-to-3-years-300526014475,2026-06-04T15:49:13.609481
Naukri,data analyst,Data Analyst,Concept Kart,0-4 Yrs,,,,,New Delhi,Data Analysis | Power Bi | Data Analytics | SQL | Analytics | Bi | Analysis | Data,,1 week ago,4.6,https://www.naukri.com/job-listings-data-analyst-concept-kart-new-delhi-0-to-4-years-260526034727,2026-06-04T15:49:13.609914
Naukri,data analyst,Data Analyst - (Immediate Joiners preferred),Capita,1-5 Yrs,,,,,"Hybrid - Pune, Mumbai (All Areas)",Power Bi | Advanced Excel | Machine Learning | Python | R | Data Visualization | Tableau | Data analysis,,1 day ago,3.5,https://www.naukri.com/job-listings-data-analyst-immediate-joiners-preferred-capita-pune-mumbai-all-areas-1-to-5-years-140526016202,2026-06-04T15:49:35.532560
Naukri,data analyst,Data Analyst,Capgemini,4-9 Yrs,,,,,"Hybrid - Chennai, Delhi / NCR, Mumbai (All Areas)",Power Bi | Data Analysis | Data Visualization | Tableau | Data Analytics | SQL | Analytics | Analysis,,1 week ago,3.6,https://www.naukri.com/job-listings-data-analyst-capgemini-chennai-delhi-ncr-mumbai-all-areas-4-to-9-years-021225014173,2026-06-04T15:49:35.533034
Naukri,data analyst,Data Analyst,Sbicap Securities,,,,,,Mumbai,Data Analysis | Predictive Modeling | Statistical Modeling | Data Analytics | SQL | Python | Predictive Analytics | Predictive,,3 weeks ago,3.6,https://www.naukri.com/job-listings-data-analyst-sbicap-securities-mumbai-2-to-5-years-130426027758,2026-06-04T15:49:35.533520
Naukri,data analyst,Data Analyst,Snapdeal,1-6 Yrs,,,,,Gurugram,master data | python | metadata | data analysis | data analytics | data management | configuration | data mining,,3+ weeks ago,3.6,https://www.naukri.com/job-listings-data-analyst-jasper-infotech-pvt-ltd-gurugram-1-to-6-years-221025507695,2026-06-04T15:49:35.533910
Naukri,data analyst,Data Analyst,Tata Consultancy Services,4-8 Yrs,,,,,"Pune, Bengaluru",Data Analysis | Data Warehousing | Data Analytics | SQL | Data | Analysis | Warehouse | Analytics,,3+ weeks ago,3.3,https://www.naukri.com/job-listings-data-analyst-tata-consultancy-services-pune-bengaluru-4-to-8-years-040526032274,2026-06-04T15:49:35.534297
Naukri,data analyst,Data Analyst | ETL | Informatica - Hyderabad (Female candidates),Infosys,3-5 Yrs,,,,,Hyderabad,ETL | Etl Pipelines | Data Quality | Data Pipeline | Informatica | Data Warehousing | Data Modeling | Data Integration,,2 weeks ago,3.5,https://www.naukri.com/job-listings-data-analyst-etl-informatica-hyderabad-female-candidates-infosys-hyderabad-3-to-5-years-200526022268,2026-06-04T15:49:35.534737
Naukri,data analyst,"Auth Fraud Supervisor- Data Analyst, UIDAI/Bengaluru",National Institute for Smart Government (NISG),6-10 Yrs,,,,,Bengaluru,Data Analysis | Fraud Management | Python | SQL | Fraud Analytics | R | Identity fraud | Business Analysis,,1 week ago,3.5,https://www.naukri.com/job-listings-auth-fraud-supervisor-data-analyst-uidai-bengaluru-national-institute-for-smart-government-nisg-bengaluru-6-to-10-years-300126034060,2026-06-04T15:49:35.535157
Naukri,data analyst,Data Analyst - Tableau/Looker/Salesforce (Remote),Indium Software,2-5 Yrs,,,,,Remote,Reports And Dashboards | Advance Sql | Tableau | Looker | Salesforce | Data Visualization | Data | Reporting,,2 days ago,3.9,https://www.naukri.com/job-listings-data-analyst-tableau-looker-salesforce-remote-indium-software-hyderabad-2-to-5-years-020626009571,2026-06-04T15:49:35.535620
Naukri,data analyst,Data Analyst,MNC,0-2 Yrs,,,,,"Pimpri-Chinchwad, Pune",Google Sheets | Power Bi | MS Office | SQL | Data Analytics | Large Databases | Google Data Studio | data vis,,1 day ago,,https://www.naukri.com/job-listings-data-analyst-tele-infotech-pimpri-chinchwad-pune-0-to-2-years-020626028320,2026-06-04T15:49:35.536021
Naukri,data analyst,Data Analyst (English Required),Peroptyx,0-5 Yrs,,,,,Remote,Data Analysis | English | Data Analytics | Data Mapping | Analytics | Mapping | Analysis | Data,,1 day ago,3.2,https://www.naukri.com/job-listings-data-analyst-english-required-peroptyx-mumbai-all-areas-0-to-5-years-020626027790,2026-06-04T15:49:35.536418
Naukri,data analyst,Data Analyst,Bima Kavach,1-3 Yrs,,,,,Bengaluru,database maintenance | python | data analysis | data analytics | predictive analytics | problem solving | machine learning | dashboards,,1 day ago,4.3,https://www.naukri.com/job-listings-data-analyst-bimakavach-bengaluru-1-to-3-years-030626501531,2026-06-04T15:49:35.536805
Naukri,data analyst,Data Analyst,Edgemed Healthcare,1-4 Yrs,,,,,Mumbai,database maintenance | python | data analysis | data analytics | sas | predictive analytics | problem solving | process improvement,,1 day ago,,https://www.naukri.com/job-listings-data-analyst-edgemed-healthcare-mumbai-1-to-4-years-030626501583,2026-06-04T15:49:35.537149
Naukri,data analyst,Data Analyst,Ample Softech System,0-3 Yrs,,,,,"Nagpur, Pune",Power Bi | Data Visualization | Data Analytics | Data Management | Tableau | SQL | Data analysis | Analytics,,6 days ago,4.7,https://www.naukri.com/job-listings-data-analyst-ample-softech-system-nagpur-pune-0-to-3-years-270426007790,2026-06-04T15:49:35.537810
Naukri,data analyst,Online Data Analyst Odia (IN),TELUS Digital,0-5 Yrs,,,,,Remote,Oriya | oriya speaker | odiya | Language Editing | Power Bi | Artificial Intelligence | Content Writing | content,,1 week ago,3.5,https://www.naukri.com/job-listings-online-data-analyst-odia-in-telus-digital-india-0-to-5-years-220426038468,2026-06-04T15:49:35.538344
Naukri,data analyst,Data Analyst,Innova Solutions,7-12 Yrs,,,,,"Hybrid - Hyderabad, Bengaluru, Greater Noida",Banking Analytics | Data Analytics | Python | SQL | Segmentation | Data Analysis | Data | Analytics,,1 day ago,3.3,https://www.naukri.com/job-listings-data-analyst-innova-solutions-hyderabad-bengaluru-greater-noida-7-to-12-years-280426010915,2026-06-04T15:49:35.538790
Naukri,data analyst,Online Data Analyst - Kannada,TELUS Digital,0-2 Yrs,,,,,Remote,Data Analysis | Mapping | Online Data Analysis | quality assurance | AI models | machine learning | Assurance | Quality,,2 days ago,3.5,https://www.naukri.com/job-listings-online-data-analyst-kannada-telus-digital-bengaluru-0-to-2-years-040325916691,2026-06-04T15:49:35.539176
Naukri,data analyst,Data Analyst,MNC,0-2 Yrs,,,,,"Pimpri-Chinchwad, Pune",Google Sheets | Power Bi | MS Office | SQL | Data Analytics | Large Databases | Google Data Studio | data vis,,1 week ago,,https://www.naukri.com/job-listings-data-analyst-tele-infotech-pimpri-chinchwad-pune-0-to-2-years-280526000048,2026-06-04T15:49:35.539601
Naukri,data analyst,Data Analyst,Acciojob,0-2 Yrs,,,,,"Chennai, Bengaluru",Data Analytics | Power Bi | Statistics | Python | SQL | Data analysis | Analytics | Data,,1 week ago,3.5,https://www.naukri.com/job-listings-data-analyst-acciojob-chennai-bengaluru-0-to-2-years-260526033652,2026-06-04T15:49:35.540076
Naukri,data analyst,Data Analyst,City Montessori School (CMS),0-3 Yrs,,,,,Lucknow,Power Bi | Data Analyst | Tableau | Excel | Python | GOOGLE LOOKER | Artificial Intelligence | SQL,,4 days ago,3.5,https://www.naukri.com/job-listings-data-analyst-city-montessori-school-cms-lucknow-0-to-3-years-300526014475,2026-06-04T15:49:35.540472
Naukri,data analyst,Data Analyst,Concept Kart,0-4 Yrs,,,,,New Delhi,Data Analysis | Power Bi | Data Analytics | SQL | Analytics | Bi | Analysis | Data,,1 week ago,4.6,https://www.naukri.com/job-listings-data-analyst-concept-kart-new-delhi-0-to-4-years-260526034727,2026-06-04T15:49:35.540901
Naukri,data analyst,Data Analyst - (Immediate Joiners preferred),Capita,1-5 Yrs,,,,,"Hybrid - Pune, Mumbai (All Areas)",Power Bi | Advanced Excel | Machine Learning | Python | R | Data Visualization | Tableau | Data analysis,,1 day ago,3.5,https://www.naukri.com/job-listings-data-analyst-immediate-joiners-preferred-capita-pune-mumbai-all-areas-1-to-5-years-140526016202,2026-06-04T15:49:57.110159
Naukri,data analyst,Data Analyst,Capgemini,4-9 Yrs,,,,,"Hybrid - Chennai, Delhi / NCR, Mumbai (All Areas)",Power Bi | Data Analysis | Data Visualization | Tableau | Data Analytics | SQL | Analytics | Analysis,,1 week ago,3.6,https://www.naukri.com/job-listings-data-analyst-capgemini-chennai-delhi-ncr-mumbai-all-areas-4-to-9-years-021225014173,2026-06-04T15:49:57.110720
Naukri,data analyst,Data Analyst,Sbicap Securities,,,,,,Mumbai,Data Analysis | Predictive Modeling | Statistical Modeling | Data Analytics | SQL | Python | Predictive Analytics | Predictive,,3 weeks ago,3.6,https://www.naukri.com/job-listings-data-analyst-sbicap-securities-mumbai-2-to-5-years-130426027758,2026-06-04T15:49:57.111200
Naukri,data analyst,Data Analyst,Snapdeal,1-6 Yrs,,,,,Gurugram,master data | python | metadata | data analysis | data analytics | data management | configuration | data mining,,3+ weeks ago,3.6,https://www.naukri.com/job-listings-data-analyst-jasper-infotech-pvt-ltd-gurugram-1-to-6-years-221025507695,2026-06-04T15:49:57.111600
Naukri,data analyst,Data Analyst,Tata Consultancy Services,4-8 Yrs,,,,,"Pune, Bengaluru",Data Analysis | Data Warehousing | Data Analytics | SQL | Data | Analysis | Warehouse | Analytics,,3+ weeks ago,3.3,https://www.naukri.com/job-listings-data-analyst-tata-consultancy-services-pune-bengaluru-4-to-8-years-040526032274,2026-06-04T15:49:57.111983
Naukri,data analyst,Data Analyst | ETL | Informatica - Hyderabad (Female candidates),Infosys,3-5 Yrs,,,,,Hyderabad,ETL | Etl Pipelines | Data Quality | Data Pipeline | Informatica | Data Warehousing | Data Modeling | Data Integration,,2 weeks ago,3.5,https://www.naukri.com/job-listings-data-analyst-etl-informatica-hyderabad-female-candidates-infosys-hyderabad-3-to-5-years-200526022268,2026-06-04T15:49:57.112382
Naukri,data analyst,"Auth Fraud Supervisor- Data Analyst, UIDAI/Bengaluru",National Institute for Smart Government (NISG),6-10 Yrs,,,,,Bengaluru,Data Analysis | Fraud Management | Python | SQL | Fraud Analytics | R | Identity fraud | Business Analysis,,1 week ago,3.5,https://www.naukri.com/job-listings-auth-fraud-supervisor-data-analyst-uidai-bengaluru-national-institute-for-smart-government-nisg-bengaluru-6-to-10-years-300126034060,2026-06-04T15:49:57.112797
Naukri,data analyst,Data Analyst - Tableau/Looker/Salesforce (Remote),Indium Software,2-5 Yrs,,,,,Remote,Reports And Dashboards | Advance Sql | Tableau | Looker | Salesforce | Data Visualization | Data | Reporting,,2 days ago,3.9,https://www.naukri.com/job-listings-data-analyst-tableau-looker-salesforce-remote-indium-software-hyderabad-2-to-5-years-020626009571,2026-06-04T15:49:57.113209
Naukri,data analyst,Data Analyst,MNC,0-2 Yrs,,,,,"Pimpri-Chinchwad, Pune",Google Sheets | Power Bi | MS Office | SQL | Data Analytics | Large Databases | Google Data Studio | data vis,,1 day ago,,https://www.naukri.com/job-listings-data-analyst-tele-infotech-pimpri-chinchwad-pune-0-to-2-years-020626028320,2026-06-04T15:49:57.113625
Naukri,data analyst,Data Analyst (English Required),Peroptyx,0-5 Yrs,,,,,Remote,Data Analysis | English | Data Analytics | Data Mapping | Analytics | Mapping | Analysis | Data,,1 day ago,3.2,https://www.naukri.com/job-listings-data-analyst-english-required-peroptyx-mumbai-all-areas-0-to-5-years-020626027790,2026-06-04T15:49:57.114012
Naukri,data analyst,Data Analyst,Bima Kavach,1-3 Yrs,,,,,Bengaluru,database maintenance | python | data analysis | data analytics | predictive analytics | problem solving | machine learning | dashboards,,1 day ago,4.3,https://www.naukri.com/job-listings-data-analyst-bimakavach-bengaluru-1-to-3-years-030626501531,2026-06-04T15:49:57.114392
Naukri,data analyst,Data Analyst,Edgemed Healthcare,1-4 Yrs,,,,,Mumbai,database maintenance | python | data analysis | data analytics | sas | predictive analytics | problem solving | process improvement,,1 day ago,,https://www.naukri.com/job-listings-data-analyst-edgemed-healthcare-mumbai-1-to-4-years-030626501583,2026-06-04T15:49:57.114737
Naukri,data analyst,Data Analyst,Ample Softech System,0-3 Yrs,,,,,"Nagpur, Pune",Power Bi | Data Visualization | Data Analytics | Data Management | Tableau | SQL | Data analysis | Analytics,,6 days ago,4.7,https://www.naukri.com/job-listings-data-analyst-ample-softech-system-nagpur-pune-0-to-3-years-270426007790,2026-06-04T15:49:57.115149
Naukri,data analyst,Online Data Analyst Odia (IN),TELUS Digital,0-5 Yrs,,,,,Remote,Oriya | oriya speaker | odiya | Language Editing | Power Bi | Artificial Intelligence | Content Writing | content,,1 week ago,3.5,https://www.naukri.com/job-listings-online-data-analyst-odia-in-telus-digital-india-0-to-5-years-220426038468,2026-06-04T15:49:57.115529
Naukri,data analyst,Data Analyst,Innova Solutions,7-12 Yrs,,,,,"Hybrid - Hyderabad, Bengaluru, Greater Noida",Banking Analytics | Data Analytics | Python | SQL | Segmentation | Data Analysis | Data | Analytics,,1 day ago,3.3,https://www.naukri.com/job-listings-data-analyst-innova-solutions-hyderabad-bengaluru-greater-noida-7-to-12-years-280426010915,2026-06-04T15:49:57.115906
Naukri,data analyst,Online Data Analyst - Kannada,TELUS Digital,0-2 Yrs,,,,,Remote,Data Analysis | Mapping | Online Data Analysis | quality assurance | AI models | machine learning | Assurance | Quality,,2 days ago,3.5,https://www.naukri.com/job-listings-online-data-analyst-kannada-telus-digital-bengaluru-0-to-2-years-040325916691,2026-06-04T15:49:57.116285
Naukri,data analyst,Data Analyst,MNC,0-2 Yrs,,,,,"Pimpri-Chinchwad, Pune",Google Sheets | Power Bi | MS Office | SQL | Data Analytics | Large Databases | Google Data Studio | data vis,,1 week ago,,https://www.naukri.com/job-listings-data-analyst-tele-infotech-pimpri-chinchwad-pune-0-to-2-years-280526000048,2026-06-04T15:49:57.116683
Naukri,data analyst,Data Analyst,Acciojob,0-2 Yrs,,,,,"Chennai, Bengaluru",Data Analytics | Power Bi | Statistics | Python | SQL | Data analysis | Analytics | Data,,1 week ago,3.5,https://www.naukri.com/job-listings-data-analyst-acciojob-chennai-bengaluru-0-to-2-years-260526033652,2026-06-04T15:49:57.117098
Naukri,data analyst,Data Analyst,City Montessori School (CMS),0-3 Yrs,,,,,Lucknow,Power Bi | Data Analyst | Tableau | Excel | Python | GOOGLE LOOKER | Artificial Intelligence | SQL,,4 days ago,3.5,https://www.naukri.com/job-listings-data-analyst-city-montessori-school-cms-lucknow-0-to-3-years-300526014475,2026-06-04T15:49:57.117481
Naukri,data analyst,Data Analyst,Concept Kart,0-4 Yrs,,,,,New Delhi,Data Analysis | Power Bi | Data Analytics | SQL | Analytics | Bi | Analysis | Data,,1 week ago,4.6,https://www.naukri.com/job-listings-data-analyst-concept-kart-new-delhi-0-to-4-years-260526034727,2026-06-04T15:49:57.117897
Naukri,data scientist,Data Scientist,HCLTech,5-10 Yrs,,,,,Hyderabad,Artificial Intelligence | Machine Learning | Python | Machine | Data | Intelligence,,2 weeks ago,3.4,https://www.naukri.com/job-listings-data-scientist-hcltech-hyderabad-5-to-10-years-130526042098,2026-06-04T15:50:23.903575
Naukri,data scientist,Data Scientist,Tata Consultancy Services,5-10 Yrs,,,,,"Hyderabad, Chennai",Artificial Intelligence | Machine Learning | Python | Natural Language Processing | Ml | Process | Languages | Machine,,1 week ago,3.3,https://www.naukri.com/job-listings-data-scientist-tata-consultancy-services-hyderabad-chennai-5-to-10-years-260326026450,2026-06-04T15:50:23.904008
Naukri,data scientist,Data Scientist,EXL,5-8 Yrs,,,,,"Hybrid - Gurugram, Bengaluru",Generative Ai | Artificial Intelligence | Python | SQL | Data Science | Data | Intelligence | Science,,1 day ago,3.6,https://www.naukri.com/job-listings-data-scientist-exl-gurugram-bengaluru-5-to-8-years-031125016780,2026-06-04T15:50:23.904420
Naukri,data scientist,AI / ML Data Scientist I,Nielsen Sports,0-3 Yrs,,,,,Bengaluru,Cloud computing | Operations research | Automation | Primary research | data science | Machine learning | JIRA | Statistics,,1 day ago,3.8,https://www.naukri.com/job-listings-ai-ml-data-scientist-i-nielsen-sports-bengaluru-0-to-3-years-030626504161,2026-06-04T15:50:23.904810
Naukri,data scientist,Data Scientist,Rolls-Royce,,,,,,Bengaluru,save,,Starts in 1-3 months,3.8,https://www.naukri.com/job-listings-data-scientist-rolls-royce-india-private-ltd-bengaluru-3-to-8-years-030626504364,2026-06-04T15:50:23.905283
Naukri,data scientist,Data Scientist - 23 Feb (Sat)-Weekend Virtual Interview - Pan India,Tata Consultancy Services,6 Yrs,,,,,"India, Bengaluru, Delhi / NCR",Data Science | Python | SQL | Machine Learning | Science | Interviewing | SAT | Machine,,1 day ago,3.3,https://www.naukri.com/job-listings-data-scientist-23-feb-sat-weekend-virtual-interview-pan-india-tata-consultancy-services-bengaluru-delhi-ncr-india-6-to-6-years-210526004106,2026-06-04T15:50:23.905670
Naukri,data scientist,Data Scientist-Artificial Intelligence,IBM,3-7 Yrs,,,,,Bengaluru,data scientist | python | ai solutions | ai frameworks | ai | cloud platforms | machine learning | artificial intelligence,,1 day ago,3.9,https://www.naukri.com/job-listings-data-scientist-artificial-intelligence-ibm-india-pvt-limited-bengaluru-3-to-7-years-030626928132,2026-06-04T15:50:23.906056
Naukri,data scientist,Data Scientist,Tata Consultancy Services,6-10 Yrs,,,,,"Hyderabad, Pune, Bengaluru",Machine Learning | Python | SQL | Natural Language Processing | Hadoop | Data | Processing | Languages,,Few hours ago,3.3,https://www.naukri.com/job-listings-data-scientist-tata-consultancy-services-hyderabad-pune-bengaluru-6-to-10-years-040626017185,2026-06-04T15:50:23.906439
Naukri,data scientist,Data Scientist -Pan India-   13th May (Wed) - Virtual Interview,Tata Consultancy Services,5-10 Yrs,,,,,"Hyderabad, India, Delhi / NCR",Data Science | Natural Language Processing | Machine Learning | Deep Learning | Python | Data | Science | Interviewing,,1 day ago,3.3,https://www.naukri.com/job-listings-data-scientist-pan-india-13th-may-wed-virtual-interview-tata-consultancy-services-hyderabad-delhi-ncr-india-5-to-10-years-110526013627,2026-06-04T15:50:23.906818
Naukri,data scientist,Data Scientist-Artificial Intelligence,IBM,7-9 Yrs,,,,,Bengaluru,data scientist | kubernetes | python | github | natural language processing | ai | react | bootstrap,,1 day ago,3.9,https://www.naukri.com/job-listings-data-scientist-artificial-intelligence-ibm-india-pvt-limited-bengaluru-7-to-9-years-030626922864,2026-06-04T15:50:23.907209
Naukri,data scientist,Walk-in || Data Scientist,Tata Consultancy Services,,,,,,Bengaluru,Natural Language Processing | Python | Tensorflow | Cloud | Numpy | Data | Processing | Languages,,Few hours ago,3.3,https://www.naukri.com/job-listings-data-scientist-tata-consultancy-services-bengaluru-6-to-11-years-040626015793,2026-06-04T15:50:23.907684
Naukri,data scientist,Walk-in || Data Scientist(6+ yrs exp candidates only),Tata Consultancy Services,,,,,,Bengaluru,Data Science | Machine Learning | Python | Machine | Science | Data | Exp,,Few hours ago,3.3,https://www.naukri.com/job-listings-data-scientist-6-yrs-exp-candidates-only-tata-consultancy-services-bengaluru-6-to-11-years-040626010114,2026-06-04T15:50:23.908144
Naukri,data scientist,Data Scientist,Careernet,10-20 Yrs,,,,,Hybrid - Bengaluru,Data Science | Ncr | Ccn | Artificial Intelligence | Machine Learning | Machine | Science | Data,,Few hours ago,,https://www.naukri.com/job-listings-data-scientist-careernet-bengaluru-10-to-20-years-040626018097,2026-06-04T15:50:23.908511
Naukri,data scientist,Data Scientist,Ujjivan Small Finance Bank,3-6 Yrs,,,,,Bengaluru,Fraud Analytics | Transaction Monitoring | Fraud Prevention | Fraud Analysis | Credit Card Fraud | Fraud Detection | Analytics | Cards,,Few hours ago,4.0,https://www.naukri.com/job-listings-data-scientist-ujjivan-small-finance-bank-bengaluru-3-to-6-years-040626013475,2026-06-04T15:50:23.908948
Naukri,data scientist,Data Scientist,Ujjivan Small Finance Bank,3-6 Yrs,,,,,Bengaluru,python | Campaign Analytics | Advanced Analytics | Machine Learning Algorithms | Machine Learning | Customer Segmentation | Market Mix Modelling | Statistical Modeling,,Few hours ago,4.0,https://www.naukri.com/job-listings-data-scientist-ujjivan-small-finance-bank-bengaluru-3-to-6-years-040626012537,2026-06-04T15:50:23.909367
Naukri,data scientist,Data Scientist/AI-ML,Codepanda Academy,0-5 Yrs,,,,,"Noida, Gurugram, Delhi / NCR",Data Science | Business Intelligence | Generative AI | Artificial Intelligence | LLM | Machine Learning | Ml Algorithms | SQL,,5 days ago,4.5,https://www.naukri.com/job-listings-data-scientist-ai-ml-codepanda-academy-noida-gurugram-delhi-ncr-0-to-5-years-290526023855,2026-06-04T15:50:23.909778
Naukri,data scientist,Data Scientist- Gen AI,Fractal Analytics,1-6 Yrs,,,,,"Noida, Mumbai, Hyderabad, Pune, Chennai, Gurugram, Bengaluru",Computer vision | GIT | GCP | Analytical | Django | Software development life cycle | Workflow | Application development,,2 days ago,4.0,https://www.naukri.com/job-listings-data-scientist-gen-ai-fractal-analytics-ltd-noida-mumbai-hyderabad-pune-chennai-gurugram-bengaluru-1-to-6-years-020626500303,2026-06-04T15:50:23.910157
Naukri,data scientist,Data Scientist (ML/AI),Philips,5-10 Yrs,,,,,Bengaluru,time series analysis | python | scikit-learn | mathematics | microsoft azure | machine learning | artificial intelligence | sql,,2 days ago,3.8,https://www.naukri.com/job-listings-data-scientist-ml-ai-philips-india-limited-bengaluru-5-to-10-years-020626502504,2026-06-04T15:50:23.910536
Naukri,data scientist,Data Scientist,Tata Consultancy Services,5-10 Yrs,,,,,"Chennai, Bengaluru, Mumbai (All Areas)",Data Science | Generative Ai | Typescript | Aiml | Microservices | DeepEval | Python | Data,,4 days ago,3.3,https://www.naukri.com/job-listings-data-scientist-tata-consultancy-services-chennai-bengaluru-mumbai-all-areas-5-to-10-years-310526002811,2026-06-04T15:50:23.910915
Naukri,data scientist,Data Scientist /AI ML Engineer,Globallogic,5-10 Yrs,,,,,Bengaluru,hive | fundamentals | cursor | algorithms | data warehousing | data pipeline | artificial intelligence | sql,,2 days ago,3.5,https://www.naukri.com/job-listings-data-scientist-ai-ml-engineer-globallogic-bengaluru-5-to-10-years-020626016711,2026-06-04T15:50:23.911299
Naukri,data scientist,Data Scientist,HCLTech,5-10 Yrs,,,,,Hyderabad,Artificial Intelligence | Machine Learning | Python | Machine | Data | Intelligence,,2 weeks ago,3.4,https://www.naukri.com/job-listings-data-scientist-hcltech-hyderabad-5-to-10-years-130526042098,2026-06-04T15:50:45.475192
Naukri,data scientist,Data Scientist,Tata Consultancy Services,5-10 Yrs,,,,,"Hyderabad, Chennai",Artificial Intelligence | Machine Learning | Python | Natural Language Processing | Ml | Process | Languages | Machine,,1 week ago,3.3,https://www.naukri.com/job-listings-data-scientist-tata-consultancy-services-hyderabad-chennai-5-to-10-years-260326026450,2026-06-04T15:50:45.475687
Naukri,data scientist,Data Scientist,EXL,5-8 Yrs,,,,,"Hybrid - Gurugram, Bengaluru",Generative Ai | Artificial Intelligence | Python | SQL | Data Science | Data | Intelligence | Science,,1 day ago,3.6,https://www.naukri.com/job-listings-data-scientist-exl-gurugram-bengaluru-5-to-8-years-031125016780,2026-06-04T15:50:45.476078
Naukri,data scientist,AI / ML Data Scientist I,Nielsen Sports,0-3 Yrs,,,,,Bengaluru,Cloud computing | Operations research | Automation | Primary research | data science | Machine learning | JIRA | Statistics,,1 day ago,3.8,https://www.naukri.com/job-listings-ai-ml-data-scientist-i-nielsen-sports-bengaluru-0-to-3-years-030626504161,2026-06-04T15:50:45.476578
Naukri,data scientist,Data Scientist,Rolls-Royce,,,,,,Bengaluru,save,,Starts in 1-3 months,3.8,https://www.naukri.com/job-listings-data-scientist-rolls-royce-india-private-ltd-bengaluru-3-to-8-years-030626504364,2026-06-04T15:50:45.477052
Naukri,data scientist,Data Scientist - 23 Feb (Sat)-Weekend Virtual Interview - Pan India,Tata Consultancy Services,6 Yrs,,,,,"India, Bengaluru, Delhi / NCR",Data Science | Python | SQL | Machine Learning | Science | Interviewing | SAT | Machine,,1 day ago,3.3,https://www.naukri.com/job-listings-data-scientist-23-feb-sat-weekend-virtual-interview-pan-india-tata-consultancy-services-bengaluru-delhi-ncr-india-6-to-6-years-210526004106,2026-06-04T15:50:45.477447
Naukri,data scientist,Data Scientist-Artificial Intelligence,IBM,3-7 Yrs,,,,,Bengaluru,data scientist | python | ai solutions | ai frameworks | ai | cloud platforms | machine learning | artificial intelligence,,1 day ago,3.9,https://www.naukri.com/job-listings-data-scientist-artificial-intelligence-ibm-india-pvt-limited-bengaluru-3-to-7-years-030626928132,2026-06-04T15:50:45.477836
Naukri,data scientist,Data Scientist,Tata Consultancy Services,6-10 Yrs,,,,,"Hyderabad, Pune, Bengaluru",Machine Learning | Python | SQL | Natural Language Processing | Hadoop | Data | Processing | Languages,,Few hours ago,3.3,https://www.naukri.com/job-listings-data-scientist-tata-consultancy-services-hyderabad-pune-bengaluru-6-to-10-years-040626017185,2026-06-04T15:50:45.478220
Naukri,data scientist,Data Scientist -Pan India-   13th May (Wed) - Virtual Interview,Tata Consultancy Services,5-10 Yrs,,,,,"Hyderabad, India, Delhi / NCR",Data Science | Natural Language Processing | Machine Learning | Deep Learning | Python | Data | Science | Interviewing,,1 day ago,3.3,https://www.naukri.com/job-listings-data-scientist-pan-india-13th-may-wed-virtual-interview-tata-consultancy-services-hyderabad-delhi-ncr-india-5-to-10-years-110526013627,2026-06-04T15:50:45.478601
Naukri,data scientist,Data Scientist-Artificial Intelligence,IBM,7-9 Yrs,,,,,Bengaluru,data scientist | kubernetes | python | github | natural language processing | ai | react | bootstrap,,1 day ago,3.9,https://www.naukri.com/job-listings-data-scientist-artificial-intelligence-ibm-india-pvt-limited-bengaluru-7-to-9-years-030626922864,2026-06-04T15:50:45.478987
Naukri,data scientist,Walk-in || Data Scientist,Tata Consultancy Services,,,,,,Bengaluru,Natural Language Processing | Python | Tensorflow | Cloud | Numpy | Data | Processing | Languages,,Few hours ago,3.3,https://www.naukri.com/job-listings-data-scientist-tata-consultancy-services-bengaluru-6-to-11-years-040626015793,2026-06-04T15:50:45.479462
Naukri,data scientist,Walk-in || Data Scientist(6+ yrs exp candidates only),Tata Consultancy Services,,,,,,Bengaluru,Data Science | Machine Learning | Python | Machine | Science | Data | Exp,,Few hours ago,3.3,https://www.naukri.com/job-listings-data-scientist-6-yrs-exp-candidates-only-tata-consultancy-services-bengaluru-6-to-11-years-040626010114,2026-06-04T15:50:45.479926
Naukri,data scientist,Data Scientist,Careernet,10-20 Yrs,,,,,Hybrid - Bengaluru,Data Science | Ncr | Ccn | Artificial Intelligence | Machine Learning | Machine | Science | Data,,Few hours ago,,https://www.naukri.com/job-listings-data-scientist-careernet-bengaluru-10-to-20-years-040626018097,2026-06-04T15:50:45.480293
Naukri,data scientist,Data Scientist,Ujjivan Small Finance Bank,3-6 Yrs,,,,,Bengaluru,Fraud Analytics | Transaction Monitoring | Fraud Prevention | Fraud Analysis | Credit Card Fraud | Fraud Detection | Analytics | Cards,,Few hours ago,4.0,https://www.naukri.com/job-listings-data-scientist-ujjivan-small-finance-bank-bengaluru-3-to-6-years-040626013475,2026-06-04T15:50:45.480707
Naukri,data scientist,Data Scientist,Ujjivan Small Finance Bank,3-6 Yrs,,,,,Bengaluru,python | Campaign Analytics | Advanced Analytics | Machine Learning Algorithms | Machine Learning | Customer Segmentation | Market Mix Modelling | Statistical Modeling,,Few hours ago,4.0,https://www.naukri.com/job-listings-data-scientist-ujjivan-small-finance-bank-bengaluru-3-to-6-years-040626012537,2026-06-04T15:50:45.481122
Naukri,data scientist,Data Scientist/AI-ML,Codepanda Academy,0-5 Yrs,,,,,"Noida, Gurugram, Delhi / NCR",Data Science | Business Intelligence | Generative AI | Artificial Intelligence | LLM | Machine Learning | Ml Algorithms | SQL,,5 days ago,4.5,https://www.naukri.com/job-listings-data-scientist-ai-ml-codepanda-academy-noida-gurugram-delhi-ncr-0-to-5-years-290526023855,2026-06-04T15:50:45.481536
Naukri,data scientist,Data Scientist- Gen AI,Fractal Analytics,1-6 Yrs,,,,,"Noida, Mumbai, Hyderabad, Pune, Chennai, Gurugram, Bengaluru",Computer vision | GIT | GCP | Analytical | Django | Software development life cycle | Workflow | Application development,,2 days ago,4.0,https://www.naukri.com/job-listings-data-scientist-gen-ai-fractal-analytics-ltd-noida-mumbai-hyderabad-pune-chennai-gurugram-bengaluru-1-to-6-years-020626500303,2026-06-04T15:50:45.481919
Naukri,data scientist,Data Scientist (ML/AI),Philips,5-10 Yrs,,,,,Bengaluru,time series analysis | python | scikit-learn | mathematics | microsoft azure | machine learning | artificial intelligence | sql,,2 days ago,3.8,https://www.naukri.com/job-listings-data-scientist-ml-ai-philips-india-limited-bengaluru-5-to-10-years-020626502504,2026-06-04T15:50:45.482299
Naukri,data scientist,Data Scientist,Tata Consultancy Services,5-10 Yrs,,,,,"Chennai, Bengaluru, Mumbai (All Areas)",Data Science | Generative Ai | Typescript | Aiml | Microservices | DeepEval | Python | Data,,4 days ago,3.3,https://www.naukri.com/job-listings-data-scientist-tata-consultancy-services-chennai-bengaluru-mumbai-all-areas-5-to-10-years-310526002811,2026-06-04T15:50:45.482679
Naukri,data scientist,Data Scientist /AI ML Engineer,Globallogic,5-10 Yrs,,,,,Bengaluru,hive | fundamentals | cursor | algorithms | data warehousing | data pipeline | artificial intelligence | sql,,2 days ago,3.5,https://www.naukri.com/job-listings-data-scientist-ai-ml-engineer-globallogic-bengaluru-5-to-10-years-020626016711,2026-06-04T15:50:45.483064
Naukri,data scientist,Data Scientist,HCLTech,5-10 Yrs,,,,,Hyderabad,Artificial Intelligence | Machine Learning | Python | Machine | Data | Intelligence,,2 weeks ago,3.4,https://www.naukri.com/job-listings-data-scientist-hcltech-hyderabad-5-to-10-years-130526042098,2026-06-04T15:51:07.337521
Naukri,data scientist,Data Scientist,Tata Consultancy Services,5-10 Yrs,,,,,"Hyderabad, Chennai",Artificial Intelligence | Machine Learning | Python | Natural Language Processing | Ml | Process | Languages | Machine,,1 week ago,3.3,https://www.naukri.com/job-listings-data-scientist-tata-consultancy-services-hyderabad-chennai-5-to-10-years-260326026450,2026-06-04T15:51:07.338275
Naukri,data scientist,Data Scientist,EXL,5-8 Yrs,,,,,"Hybrid - Gurugram, Bengaluru",Generative Ai | Artificial Intelligence | Python | SQL | Data Science | Data | Intelligence | Science,,1 day ago,3.6,https://www.naukri.com/job-listings-data-scientist-exl-gurugram-bengaluru-5-to-8-years-031125016780,2026-06-04T15:51:07.338689
Naukri,data scientist,AI / ML Data Scientist I,Nielsen Sports,0-3 Yrs,,,,,Bengaluru,Cloud computing | Operations research | Automation | Primary research | data science | Machine learning | JIRA | Statistics,,1 day ago,3.8,https://www.naukri.com/job-listings-ai-ml-data-scientist-i-nielsen-sports-bengaluru-0-to-3-years-030626504161,2026-06-04T15:51:07.339079
Naukri,data scientist,Data Scientist,Rolls-Royce,,,,,,Bengaluru,save,,Starts in 1-3 months,3.8,https://www.naukri.com/job-listings-data-scientist-rolls-royce-india-private-ltd-bengaluru-3-to-8-years-030626504364,2026-06-04T15:51:07.339556
Naukri,data scientist,Data Scientist - 23 Feb (Sat)-Weekend Virtual Interview - Pan India,Tata Consultancy Services,6 Yrs,,,,,"India, Bengaluru, Delhi / NCR",Data Science | Python | SQL | Machine Learning | Science | Interviewing | SAT | Machine,,1 day ago,3.3,https://www.naukri.com/job-listings-data-scientist-23-feb-sat-weekend-virtual-interview-pan-india-tata-consultancy-services-bengaluru-delhi-ncr-india-6-to-6-years-210526004106,2026-06-04T15:51:07.339943
Naukri,data scientist,Data Scientist-Artificial Intelligence,IBM,3-7 Yrs,,,,,Bengaluru,data scientist | python | ai solutions | ai frameworks | ai | cloud platforms | machine learning | artificial intelligence,,1 day ago,3.9,https://www.naukri.com/job-listings-data-scientist-artificial-intelligence-ibm-india-pvt-limited-bengaluru-3-to-7-years-030626928132,2026-06-04T15:51:07.340326
Naukri,data scientist,Data Scientist,Tata Consultancy Services,6-10 Yrs,,,,,"Hyderabad, Pune, Bengaluru",Machine Learning | Python | SQL | Natural Language Processing | Hadoop | Data | Processing | Languages,,Few hours ago,3.3,https://www.naukri.com/job-listings-data-scientist-tata-consultancy-services-hyderabad-pune-bengaluru-6-to-10-years-040626017185,2026-06-04T15:51:07.340711
Naukri,data scientist,Data Scientist -Pan India-   13th May (Wed) - Virtual Interview,Tata Consultancy Services,5-10 Yrs,,,,,"Hyderabad, India, Delhi / NCR",Data Science | Natural Language Processing | Machine Learning | Deep Learning | Python | Data | Science | Interviewing,,1 day ago,3.3,https://www.naukri.com/job-listings-data-scientist-pan-india-13th-may-wed-virtual-interview-tata-consultancy-services-hyderabad-delhi-ncr-india-5-to-10-years-110526013627,2026-06-04T15:51:07.341094
Naukri,data scientist,Data Scientist-Artificial Intelligence,IBM,7-9 Yrs,,,,,Bengaluru,data scientist | kubernetes | python | github | natural language processing | ai | react | bootstrap,,1 day ago,3.9,https://www.naukri.com/job-listings-data-scientist-artificial-intelligence-ibm-india-pvt-limited-bengaluru-7-to-9-years-030626922864,2026-06-04T15:51:07.341477
Naukri,data scientist,Walk-in || Data Scientist,Tata Consultancy Services,,,,,,Bengaluru,Natural Language Processing | Python | Tensorflow | Cloud | Numpy | Data | Processing | Languages,,Few hours ago,3.3,https://www.naukri.com/job-listings-data-scientist-tata-consultancy-services-bengaluru-6-to-11-years-040626015793,2026-06-04T15:51:07.341954
Naukri,data scientist,Walk-in || Data Scientist(6+ yrs exp candidates only),Tata Consultancy Services,,,,,,Bengaluru,Data Science | Machine Learning | Python | Machine | Science | Data | Exp,,Few hours ago,3.3,https://www.naukri.com/job-listings-data-scientist-6-yrs-exp-candidates-only-tata-consultancy-services-bengaluru-6-to-11-years-040626010114,2026-06-04T15:51:07.342421
Naukri,data scientist,Data Scientist,Careernet,10-20 Yrs,,,,,Hybrid - Bengaluru,Data Science | Ncr | Ccn | Artificial Intelligence | Machine Learning | Machine | Science | Data,,Few hours ago,,https://www.naukri.com/job-listings-data-scientist-careernet-bengaluru-10-to-20-years-040626018097,2026-06-04T15:51:07.342793
Naukri,data scientist,Data Scientist,Ujjivan Small Finance Bank,3-6 Yrs,,,,,Bengaluru,Fraud Analytics | Transaction Monitoring | Fraud Prevention | Fraud Analysis | Credit Card Fraud | Fraud Detection | Analytics | Cards,,Few hours ago,4.0,https://www.naukri.com/job-listings-data-scientist-ujjivan-small-finance-bank-bengaluru-3-to-6-years-040626013475,2026-06-04T15:51:07.343210
Naukri,data scientist,Data Scientist,Ujjivan Small Finance Bank,3-6 Yrs,,,,,Bengaluru,python | Campaign Analytics | Advanced Analytics | Machine Learning Algorithms | Machine Learning | Customer Segmentation | Market Mix Modelling | Statistical Modeling,,Few hours ago,4.0,https://www.naukri.com/job-listings-data-scientist-ujjivan-small-finance-bank-bengaluru-3-to-6-years-040626012537,2026-06-04T15:51:07.343627
Naukri,data scientist,Data Scientist/AI-ML,Codepanda Academy,0-5 Yrs,,,,,"Noida, Gurugram, Delhi / NCR",Data Science | Business Intelligence | Generative AI | Artificial Intelligence | LLM | Machine Learning | Ml Algorithms | SQL,,5 days ago,4.5,https://www.naukri.com/job-listings-data-scientist-ai-ml-codepanda-academy-noida-gurugram-delhi-ncr-0-to-5-years-290526023855,2026-06-04T15:51:07.344046
Naukri,data scientist,Data Scientist- Gen AI,Fractal Analytics,1-6 Yrs,,,,,"Noida, Mumbai, Hyderabad, Pune, Chennai, Gurugram, Bengaluru",Computer vision | GIT | GCP | Analytical | Django | Software development life cycle | Workflow | Application development,,2 days ago,4.0,https://www.naukri.com/job-listings-data-scientist-gen-ai-fractal-analytics-ltd-noida-mumbai-hyderabad-pune-chennai-gurugram-bengaluru-1-to-6-years-020626500303,2026-06-04T15:51:07.344432
Naukri,data scientist,Data Scientist (ML/AI),Philips,5-10 Yrs,,,,,Bengaluru,time series analysis | python | scikit-learn | mathematics | microsoft azure | machine learning | artificial intelligence | sql,,2 days ago,3.8,https://www.naukri.com/job-listings-data-scientist-ml-ai-philips-india-limited-bengaluru-5-to-10-years-020626502504,2026-06-04T15:51:07.344820
Naukri,data scientist,Data Scientist,Tata Consultancy Services,5-10 Yrs,,,,,"Chennai, Bengaluru, Mumbai (All Areas)",Data Science | Generative Ai | Typescript | Aiml | Microservices | DeepEval | Python | Data,,4 days ago,3.3,https://www.naukri.com/job-listings-data-scientist-tata-consultancy-services-chennai-bengaluru-mumbai-all-areas-5-to-10-years-310526002811,2026-06-04T15:51:07.345212
Naukri,data scientist,Data Scientist /AI ML Engineer,Globallogic,5-10 Yrs,,,,,Bengaluru,hive | fundamentals | cursor | algorithms | data warehousing | data pipeline | artificial intelligence | sql,,2 days ago,3.5,https://www.naukri.com/job-listings-data-scientist-ai-ml-engineer-globallogic-bengaluru-5-to-10-years-020626016711,2026-06-04T15:51:07.345606
Naukri,data scientist,Data Scientist,HCLTech,5-10 Yrs,,,,,Hyderabad,Artificial Intelligence | Machine Learning | Python | Machine | Data | Intelligence,,2 weeks ago,3.4,https://www.naukri.com/job-listings-data-scientist-hcltech-hyderabad-5-to-10-years-130526042098,2026-06-04T15:51:28.916902
Naukri,data scientist,Data Scientist,Tata Consultancy Services,5-10 Yrs,,,,,"Hyderabad, Chennai",Artificial Intelligence | Machine Learning | Python | Natural Language Processing | Ml | Process | Languages | Machine,,1 week ago,3.3,https://www.naukri.com/job-listings-data-scientist-tata-consultancy-services-hyderabad-chennai-5-to-10-years-260326026450,2026-06-04T15:51:28.917301
Naukri,data scientist,Data Scientist,EXL,5-8 Yrs,,,,,"Hybrid - Gurugram, Bengaluru",Generative Ai | Artificial Intelligence | Python | SQL | Data Science | Data | Intelligence | Science,,1 day ago,3.6,https://www.naukri.com/job-listings-data-scientist-exl-gurugram-bengaluru-5-to-8-years-031125016780,2026-06-04T15:51:28.917727
Naukri,data scientist,AI / ML Data Scientist I,Nielsen Sports,0-3 Yrs,,,,,Bengaluru,Cloud computing | Operations research | Automation | Primary research | data science | Machine learning | JIRA | Statistics,,1 day ago,3.8,https://www.naukri.com/job-listings-ai-ml-data-scientist-i-nielsen-sports-bengaluru-0-to-3-years-030626504161,2026-06-04T15:51:28.918131
Naukri,data scientist,Data Scientist,Rolls-Royce,,,,,,Bengaluru,save,,Starts in 1-3 months,3.8,https://www.naukri.com/job-listings-data-scientist-rolls-royce-india-private-ltd-bengaluru-3-to-8-years-030626504364,2026-06-04T15:51:28.918607
Naukri,data scientist,Data Scientist - 23 Feb (Sat)-Weekend Virtual Interview - Pan India,Tata Consultancy Services,6 Yrs,,,,,"India, Bengaluru, Delhi / NCR",Data Science | Python | SQL | Machine Learning | Science | Interviewing | SAT | Machine,,1 day ago,3.3,https://www.naukri.com/job-listings-data-scientist-23-feb-sat-weekend-virtual-interview-pan-india-tata-consultancy-services-bengaluru-delhi-ncr-india-6-to-6-years-210526004106,2026-06-04T15:51:28.918998
Naukri,data scientist,Data Scientist-Artificial Intelligence,IBM,3-7 Yrs,,,,,Bengaluru,data scientist | python | ai solutions | ai frameworks | ai | cloud platforms | machine learning | artificial intelligence,,1 day ago,3.9,https://www.naukri.com/job-listings-data-scientist-artificial-intelligence-ibm-india-pvt-limited-bengaluru-3-to-7-years-030626928132,2026-06-04T15:51:28.919390
Naukri,data scientist,Data Scientist,Tata Consultancy Services,6-10 Yrs,,,,,"Hyderabad, Pune, Bengaluru",Machine Learning | Python | SQL | Natural Language Processing | Hadoop | Data | Processing | Languages,,Few hours ago,3.3,https://www.naukri.com/job-listings-data-scientist-tata-consultancy-services-hyderabad-pune-bengaluru-6-to-10-years-040626017185,2026-06-04T15:51:28.919780
Naukri,data scientist,Data Scientist -Pan India-   13th May (Wed) - Virtual Interview,Tata Consultancy Services,5-10 Yrs,,,,,"Hyderabad, India, Delhi / NCR",Data Science | Natural Language Processing | Machine Learning | Deep Learning | Python | Data | Science | Interviewing,,1 day ago,3.3,https://www.naukri.com/job-listings-data-scientist-pan-india-13th-may-wed-virtual-interview-tata-consultancy-services-hyderabad-delhi-ncr-india-5-to-10-years-110526013627,2026-06-04T15:51:28.920166
Naukri,data scientist,Data Scientist-Artificial Intelligence,IBM,7-9 Yrs,,,,,Bengaluru,data scientist | kubernetes | python | github | natural language processing | ai | react | bootstrap,,1 day ago,3.9,https://www.naukri.com/job-listings-data-scientist-artificial-intelligence-ibm-india-pvt-limited-bengaluru-7-to-9-years-030626922864,2026-06-04T15:51:28.920547
Naukri,data scientist,Walk-in || Data Scientist,Tata Consultancy Services,,,,,,Bengaluru,Natural Language Processing | Python | Tensorflow | Cloud | Numpy | Data | Processing | Languages,,Few hours ago,3.3,https://www.naukri.com/job-listings-data-scientist-tata-consultancy-services-bengaluru-6-to-11-years-040626015793,2026-06-04T15:51:28.921024
Naukri,data scientist,Walk-in || Data Scientist(6+ yrs exp candidates only),Tata Consultancy Services,,,,,,Bengaluru,Data Science | Machine Learning | Python | Machine | Science | Data | Exp,,Few hours ago,3.3,https://www.naukri.com/job-listings-data-scientist-6-yrs-exp-candidates-only-tata-consultancy-services-bengaluru-6-to-11-years-040626010114,2026-06-04T15:51:28.921486
Naukri,data scientist,Data Scientist,Careernet,10-20 Yrs,,,,,Hybrid - Bengaluru,Data Science | Ncr | Ccn | Artificial Intelligence | Machine Learning | Machine | Science | Data,,Few hours ago,,https://www.naukri.com/job-listings-data-scientist-careernet-bengaluru-10-to-20-years-040626018097,2026-06-04T15:51:28.921855
Naukri,data scientist,Data Scientist,Ujjivan Small Finance Bank,3-6 Yrs,,,,,Bengaluru,Fraud Analytics | Transaction Monitoring | Fraud Prevention | Fraud Analysis | Credit Card Fraud | Fraud Detection | Analytics | Cards,,Few hours ago,4.0,https://www.naukri.com/job-listings-data-scientist-ujjivan-small-finance-bank-bengaluru-3-to-6-years-040626013475,2026-06-04T15:51:28.922274
Naukri,data scientist,Data Scientist,Ujjivan Small Finance Bank,3-6 Yrs,,,,,Bengaluru,python | Campaign Analytics | Advanced Analytics | Machine Learning Algorithms | Machine Learning | Customer Segmentation | Market Mix Modelling | Statistical Modeling,,Few hours ago,4.0,https://www.naukri.com/job-listings-data-scientist-ujjivan-small-finance-bank-bengaluru-3-to-6-years-040626012537,2026-06-04T15:51:28.922691
Naukri,data scientist,Data Scientist/AI-ML,Codepanda Academy,0-5 Yrs,,,,,"Noida, Gurugram, Delhi / NCR",Data Science | Business Intelligence | Generative AI | Artificial Intelligence | LLM | Machine Learning | Ml Algorithms | SQL,,5 days ago,4.5,https://www.naukri.com/job-listings-data-scientist-ai-ml-codepanda-academy-noida-gurugram-delhi-ncr-0-to-5-years-290526023855,2026-06-04T15:51:28.923109
Naukri,data scientist,Data Scientist- Gen AI,Fractal Analytics,1-6 Yrs,,,,,"Noida, Mumbai, Hyderabad, Pune, Chennai, Gurugram, Bengaluru",Computer vision | GIT | GCP | Analytical | Django | Software development life cycle | Workflow | Application development,,2 days ago,4.0,https://www.naukri.com/job-listings-data-scientist-gen-ai-fractal-analytics-ltd-noida-mumbai-hyderabad-pune-chennai-gurugram-bengaluru-1-to-6-years-020626500303,2026-06-04T15:51:28.923493
Naukri,data scientist,Data Scientist (ML/AI),Philips,5-10 Yrs,,,,,Bengaluru,time series analysis | python | scikit-learn | mathematics | microsoft azure | machine learning | artificial intelligence | sql,,2 days ago,3.8,https://www.naukri.com/job-listings-data-scientist-ml-ai-philips-india-limited-bengaluru-5-to-10-years-020626502504,2026-06-04T15:51:28.923874
Naukri,data scientist,Data Scientist,Tata Consultancy Services,5-10 Yrs,,,,,"Chennai, Bengaluru, Mumbai (All Areas)",Data Science | Generative Ai | Typescript | Aiml | Microservices | DeepEval | Python | Data,,4 days ago,3.3,https://www.naukri.com/job-listings-data-scientist-tata-consultancy-services-chennai-bengaluru-mumbai-all-areas-5-to-10-years-310526002811,2026-06-04T15:51:28.924264
Naukri,data scientist,Data Scientist /AI ML Engineer,Globallogic,5-10 Yrs,,,,,Bengaluru,hive | fundamentals | cursor | algorithms | data warehousing | data pipeline | artificial intelligence | sql,,2 days ago,3.5,https://www.naukri.com/job-listings-data-scientist-ai-ml-engineer-globallogic-bengaluru-5-to-10-years-020626016711,2026-06-04T15:51:28.924651
Naukri,data scientist,Data Scientist,HCLTech,5-10 Yrs,,,,,Hyderabad,Artificial Intelligence | Machine Learning | Python | Machine | Data | Intelligence,,2 weeks ago,3.4,https://www.naukri.com/job-listings-data-scientist-hcltech-hyderabad-5-to-10-years-130526042098,2026-06-04T15:51:50.811990
Naukri,data scientist,Data Scientist,Tata Consultancy Services,5-10 Yrs,,,,,"Hyderabad, Chennai",Artificial Intelligence | Machine Learning | Python | Natural Language Processing | Ml | Process | Languages | Machine,,1 week ago,3.3,https://www.naukri.com/job-listings-data-scientist-tata-consultancy-services-hyderabad-chennai-5-to-10-years-260326026450,2026-06-04T15:51:50.812536
Naukri,data scientist,Data Scientist,EXL,5-8 Yrs,,,,,"Hybrid - Gurugram, Bengaluru",Generative Ai | Artificial Intelligence | Python | SQL | Data Science | Data | Intelligence | Science,,1 day ago,3.6,https://www.naukri.com/job-listings-data-scientist-exl-gurugram-bengaluru-5-to-8-years-031125016780,2026-06-04T15:51:50.812930
Naukri,data scientist,AI / ML Data Scientist I,Nielsen Sports,0-3 Yrs,,,,,Bengaluru,Cloud computing | Operations research | Automation | Primary research | data science | Machine learning | JIRA | Statistics,,1 day ago,3.8,https://www.naukri.com/job-listings-ai-ml-data-scientist-i-nielsen-sports-bengaluru-0-to-3-years-030626504161,2026-06-04T15:51:50.813318
Naukri,data scientist,Data Scientist,Rolls-Royce,,,,,,Bengaluru,save,,Starts in 1-3 months,3.8,https://www.naukri.com/job-listings-data-scientist-rolls-royce-india-private-ltd-bengaluru-3-to-8-years-030626504364,2026-06-04T15:51:50.813790
Naukri,data scientist,Data Scientist - 23 Feb (Sat)-Weekend Virtual Interview - Pan India,Tata Consultancy Services,6 Yrs,,,,,"India, Bengaluru, Delhi / NCR",Data Science | Python | SQL | Machine Learning | Science | Interviewing | SAT | Machine,,1 day ago,3.3,https://www.naukri.com/job-listings-data-scientist-23-feb-sat-weekend-virtual-interview-pan-india-tata-consultancy-services-bengaluru-delhi-ncr-india-6-to-6-years-210526004106,2026-06-04T15:51:50.814182
Naukri,data scientist,Data Scientist-Artificial Intelligence,IBM,3-7 Yrs,,,,,Bengaluru,data scientist | python | ai solutions | ai frameworks | ai | cloud platforms | machine learning | artificial intelligence,,1 day ago,3.9,https://www.naukri.com/job-listings-data-scientist-artificial-intelligence-ibm-india-pvt-limited-bengaluru-3-to-7-years-030626928132,2026-06-04T15:51:50.814567
Naukri,data scientist,Data Scientist,Tata Consultancy Services,6-10 Yrs,,,,,"Hyderabad, Pune, Bengaluru",Machine Learning | Python | SQL | Natural Language Processing | Hadoop | Data | Processing | Languages,,Few hours ago,3.3,https://www.naukri.com/job-listings-data-scientist-tata-consultancy-services-hyderabad-pune-bengaluru-6-to-10-years-040626017185,2026-06-04T15:51:50.814954
Naukri,data scientist,Data Scientist -Pan India-   13th May (Wed) - Virtual Interview,Tata Consultancy Services,5-10 Yrs,,,,,"Hyderabad, India, Delhi / NCR",Data Science | Natural Language Processing | Machine Learning | Deep Learning | Python | Data | Science | Interviewing,,1 day ago,3.3,https://www.naukri.com/job-listings-data-scientist-pan-india-13th-may-wed-virtual-interview-tata-consultancy-services-hyderabad-delhi-ncr-india-5-to-10-years-110526013627,2026-06-04T15:51:50.815336
Naukri,data scientist,Data Scientist-Artificial Intelligence,IBM,7-9 Yrs,,,,,Bengaluru,data scientist | kubernetes | python | github | natural language processing | ai | react | bootstrap,,1 day ago,3.9,https://www.naukri.com/job-listings-data-scientist-artificial-intelligence-ibm-india-pvt-limited-bengaluru-7-to-9-years-030626922864,2026-06-04T15:51:50.815724
Naukri,data scientist,Walk-in || Data Scientist,Tata Consultancy Services,,,,,,Bengaluru,Natural Language Processing | Python | Tensorflow | Cloud | Numpy | Data | Processing | Languages,,Few hours ago,3.3,https://www.naukri.com/job-listings-data-scientist-tata-consultancy-services-bengaluru-6-to-11-years-040626015793,2026-06-04T15:51:50.816207
Naukri,data scientist,Walk-in || Data Scientist(6+ yrs exp candidates only),Tata Consultancy Services,,,,,,Bengaluru,Data Science | Machine Learning | Python | Machine | Science | Data | Exp,,Few hours ago,3.3,https://www.naukri.com/job-listings-data-scientist-6-yrs-exp-candidates-only-tata-consultancy-services-bengaluru-6-to-11-years-040626010114,2026-06-04T15:51:50.816673
Naukri,data scientist,Data Scientist,Careernet,10-20 Yrs,,,,,Hybrid - Bengaluru,Data Science | Ncr | Ccn | Artificial Intelligence | Machine Learning | Machine | Science | Data,,Few hours ago,,https://www.naukri.com/job-listings-data-scientist-careernet-bengaluru-10-to-20-years-040626018097,2026-06-04T15:51:50.817044
Naukri,data scientist,Data Scientist,Ujjivan Small Finance Bank,3-6 Yrs,,,,,Bengaluru,Fraud Analytics | Transaction Monitoring | Fraud Prevention | Fraud Analysis | Credit Card Fraud | Fraud Detection | Analytics | Cards,,Few hours ago,4.0,https://www.naukri.com/job-listings-data-scientist-ujjivan-small-finance-bank-bengaluru-3-to-6-years-040626013475,2026-06-04T15:51:50.817473
Naukri,data scientist,Data Scientist,Ujjivan Small Finance Bank,3-6 Yrs,,,,,Bengaluru,python | Campaign Analytics | Advanced Analytics | Machine Learning Algorithms | Machine Learning | Customer Segmentation | Market Mix Modelling | Statistical Modeling,,Few hours ago,4.0,https://www.naukri.com/job-listings-data-scientist-ujjivan-small-finance-bank-bengaluru-3-to-6-years-040626012537,2026-06-04T15:51:50.817887
Naukri,data scientist,Data Scientist/AI-ML,Codepanda Academy,0-5 Yrs,,,,,"Noida, Gurugram, Delhi / NCR",Data Science | Business Intelligence | Generative AI | Artificial Intelligence | LLM | Machine Learning | Ml Algorithms | SQL,,5 days ago,4.5,https://www.naukri.com/job-listings-data-scientist-ai-ml-codepanda-academy-noida-gurugram-delhi-ncr-0-to-5-years-290526023855,2026-06-04T15:51:50.818305
Naukri,data scientist,Data Scientist- Gen AI,Fractal Analytics,1-6 Yrs,,,,,"Noida, Mumbai, Hyderabad, Pune, Chennai, Gurugram, Bengaluru",Computer vision | GIT | GCP | Analytical | Django | Software development life cycle | Workflow | Application development,,2 days ago,4.0,https://www.naukri.com/job-listings-data-scientist-gen-ai-fractal-analytics-ltd-noida-mumbai-hyderabad-pune-chennai-gurugram-bengaluru-1-to-6-years-020626500303,2026-06-04T15:51:50.818688
Naukri,data scientist,Data Scientist (ML/AI),Philips,5-10 Yrs,,,,,Bengaluru,time series analysis | python | scikit-learn | mathematics | microsoft azure | machine learning | artificial intelligence | sql,,2 days ago,3.8,https://www.naukri.com/job-listings-data-scientist-ml-ai-philips-india-limited-bengaluru-5-to-10-years-020626502504,2026-06-04T15:51:50.819070
Naukri,data scientist,Data Scientist,Tata Consultancy Services,5-10 Yrs,,,,,"Chennai, Bengaluru, Mumbai (All Areas)",Data Science | Generative Ai | Typescript | Aiml | Microservices | DeepEval | Python | Data,,4 days ago,3.3,https://www.naukri.com/job-listings-data-scientist-tata-consultancy-services-chennai-bengaluru-mumbai-all-areas-5-to-10-years-310526002811,2026-06-04T15:51:50.819452
Naukri,data scientist,Data Scientist /AI ML Engineer,Globallogic,5-10 Yrs,,,,,Bengaluru,hive | fundamentals | cursor | algorithms | data warehousing | data pipeline | artificial intelligence | sql,,2 days ago,3.5,https://www.naukri.com/job-listings-data-scientist-ai-ml-engineer-globallogic-bengaluru-5-to-10-years-020626016711,2026-06-04T15:51:50.819839
Naukri,data scientist,Data Scientist,HCLTech,5-10 Yrs,,,,,Hyderabad,Artificial Intelligence | Machine Learning | Python | Machine | Data | Intelligence,,2 weeks ago,3.4,https://www.naukri.com/job-listings-data-scientist-hcltech-hyderabad-5-to-10-years-130526042098,2026-06-04T15:52:12.372341
Naukri,data scientist,Data Scientist,Tata Consultancy Services,5-10 Yrs,,,,,"Hyderabad, Chennai",Artificial Intelligence | Machine Learning | Python | Natural Language Processing | Ml | Process | Languages | Machine,,1 week ago,3.3,https://www.naukri.com/job-listings-data-scientist-tata-consultancy-services-hyderabad-chennai-5-to-10-years-260326026450,2026-06-04T15:52:12.372745
Naukri,data scientist,Data Scientist,EXL,5-8 Yrs,,,,,"Hybrid - Gurugram, Bengaluru",Generative Ai | Artificial Intelligence | Python | SQL | Data Science | Data | Intelligence | Science,,1 day ago,3.6,https://www.naukri.com/job-listings-data-scientist-exl-gurugram-bengaluru-5-to-8-years-031125016780,2026-06-04T15:52:12.373152
Naukri,data scientist,AI / ML Data Scientist I,Nielsen Sports,0-3 Yrs,,,,,Bengaluru,Cloud computing | Operations research | Automation | Primary research | data science | Machine learning | JIRA | Statistics,,1 day ago,3.8,https://www.naukri.com/job-listings-ai-ml-data-scientist-i-nielsen-sports-bengaluru-0-to-3-years-030626504161,2026-06-04T15:52:12.373554
Naukri,data scientist,Data Scientist,Rolls-Royce,,,,,,Bengaluru,save,,Starts in 1-3 months,3.8,https://www.naukri.com/job-listings-data-scientist-rolls-royce-india-private-ltd-bengaluru-3-to-8-years-030626504364,2026-06-04T15:52:12.374036
Naukri,data scientist,Data Scientist - 23 Feb (Sat)-Weekend Virtual Interview - Pan India,Tata Consultancy Services,6 Yrs,,,,,"India, Bengaluru, Delhi / NCR",Data Science | Python | SQL | Machine Learning | Science | Interviewing | SAT | Machine,,1 day ago,3.3,https://www.naukri.com/job-listings-data-scientist-23-feb-sat-weekend-virtual-interview-pan-india-tata-consultancy-services-bengaluru-delhi-ncr-india-6-to-6-years-210526004106,2026-06-04T15:52:12.374438
Naukri,data scientist,Data Scientist-Artificial Intelligence,IBM,3-7 Yrs,,,,,Bengaluru,data scientist | python | ai solutions | ai frameworks | ai | cloud platforms | machine learning | artificial intelligence,,1 day ago,3.9,https://www.naukri.com/job-listings-data-scientist-artificial-intelligence-ibm-india-pvt-limited-bengaluru-3-to-7-years-030626928132,2026-06-04T15:52:12.374835
Naukri,data scientist,Data Scientist,Tata Consultancy Services,6-10 Yrs,,,,,"Hyderabad, Pune, Bengaluru",Machine Learning | Python | SQL | Natural Language Processing | Hadoop | Data | Processing | Languages,,Few hours ago,3.3,https://www.naukri.com/job-listings-data-scientist-tata-consultancy-services-hyderabad-pune-bengaluru-6-to-10-years-040626017185,2026-06-04T15:52:12.375231
Naukri,data scientist,Data Scientist -Pan India-   13th May (Wed) - Virtual Interview,Tata Consultancy Services,5-10 Yrs,,,,,"Hyderabad, India, Delhi / NCR",Data Science | Natural Language Processing | Machine Learning | Deep Learning | Python | Data | Science | Interviewing,,1 day ago,3.3,https://www.naukri.com/job-listings-data-scientist-pan-india-13th-may-wed-virtual-interview-tata-consultancy-services-hyderabad-delhi-ncr-india-5-to-10-years-110526013627,2026-06-04T15:52:12.375630
Naukri,data scientist,Data Scientist-Artificial Intelligence,IBM,7-9 Yrs,,,,,Bengaluru,data scientist | kubernetes | python | github | natural language processing | ai | react | bootstrap,,1 day ago,3.9,https://www.naukri.com/job-listings-data-scientist-artificial-intelligence-ibm-india-pvt-limited-bengaluru-7-to-9-years-030626922864,2026-06-04T15:52:12.376240
Naukri,data scientist,Walk-in || Data Scientist,Tata Consultancy Services,,,,,,Bengaluru,Natural Language Processing | Python | Tensorflow | Cloud | Numpy | Data | Processing | Languages,,Few hours ago,3.3,https://www.naukri.com/job-listings-data-scientist-tata-consultancy-services-bengaluru-6-to-11-years-040626015793,2026-06-04T15:52:12.376871
Naukri,data scientist,Walk-in || Data Scientist(6+ yrs exp candidates only),Tata Consultancy Services,,,,,,Bengaluru,Data Science | Machine Learning | Python | Machine | Science | Data | Exp,,Few hours ago,3.3,https://www.naukri.com/job-listings-data-scientist-6-yrs-exp-candidates-only-tata-consultancy-services-bengaluru-6-to-11-years-040626010114,2026-06-04T15:52:12.377384
Naukri,data scientist,Data Scientist,Careernet,10-20 Yrs,,,,,Hybrid - Bengaluru,Data Science | Ncr | Ccn | Artificial Intelligence | Machine Learning | Machine | Science | Data,,Few hours ago,,https://www.naukri.com/job-listings-data-scientist-careernet-bengaluru-10-to-20-years-040626018097,2026-06-04T15:52:12.377775
Naukri,data scientist,Data Scientist,Ujjivan Small Finance Bank,3-6 Yrs,,,,,Bengaluru,Fraud Analytics | Transaction Monitoring | Fraud Prevention | Fraud Analysis | Credit Card Fraud | Fraud Detection | Analytics | Cards,,Few hours ago,4.0,https://www.naukri.com/job-listings-data-scientist-ujjivan-small-finance-bank-bengaluru-3-to-6-years-040626013475,2026-06-04T15:52:12.378206
Naukri,data scientist,Data Scientist,Ujjivan Small Finance Bank,3-6 Yrs,,,,,Bengaluru,python | Campaign Analytics | Advanced Analytics | Machine Learning Algorithms | Machine Learning | Customer Segmentation | Market Mix Modelling | Statistical Modeling,,Few hours ago,4.0,https://www.naukri.com/job-listings-data-scientist-ujjivan-small-finance-bank-bengaluru-3-to-6-years-040626012537,2026-06-04T15:52:12.378636
Naukri,data scientist,Data Scientist/AI-ML,Codepanda Academy,0-5 Yrs,,,,,"Noida, Gurugram, Delhi / NCR",Data Science | Business Intelligence | Generative AI | Artificial Intelligence | LLM | Machine Learning | Ml Algorithms | SQL,,5 days ago,4.5,https://www.naukri.com/job-listings-data-scientist-ai-ml-codepanda-academy-noida-gurugram-delhi-ncr-0-to-5-years-290526023855,2026-06-04T15:52:12.379056
Naukri,data scientist,Data Scientist- Gen AI,Fractal Analytics,1-6 Yrs,,,,,"Noida, Mumbai, Hyderabad, Pune, Chennai, Gurugram, Bengaluru",Computer vision | GIT | GCP | Analytical | Django | Software development life cycle | Workflow | Application development,,2 days ago,4.0,https://www.naukri.com/job-listings-data-scientist-gen-ai-fractal-analytics-ltd-noida-mumbai-hyderabad-pune-chennai-gurugram-bengaluru-1-to-6-years-020626500303,2026-06-04T15:52:12.379444
Naukri,data scientist,Data Scientist (ML/AI),Philips,5-10 Yrs,,,,,Bengaluru,time series analysis | python | scikit-learn | mathematics | microsoft azure | machine learning | artificial intelligence | sql,,2 days ago,3.8,https://www.naukri.com/job-listings-data-scientist-ml-ai-philips-india-limited-bengaluru-5-to-10-years-020626502504,2026-06-04T15:52:12.379831
Naukri,data scientist,Data Scientist,Tata Consultancy Services,5-10 Yrs,,,,,"Chennai, Bengaluru, Mumbai (All Areas)",Data Science | Generative Ai | Typescript | Aiml | Microservices | DeepEval | Python | Data,,4 days ago,3.3,https://www.naukri.com/job-listings-data-scientist-tata-consultancy-services-chennai-bengaluru-mumbai-all-areas-5-to-10-years-310526002811,2026-06-04T15:52:12.380232
Naukri,data scientist,Data Scientist /AI ML Engineer,Globallogic,5-10 Yrs,,,,,Bengaluru,hive | fundamentals | cursor | algorithms | data warehousing | data pipeline | artificial intelligence | sql,,2 days ago,3.5,https://www.naukri.com/job-listings-data-scientist-ai-ml-engineer-globallogic-bengaluru-5-to-10-years-020626016711,2026-06-04T15:52:12.380627
Naukri,data scientist,Data Scientist,HCLTech,5-10 Yrs,,,,,Hyderabad,Artificial Intelligence | Machine Learning | Python | Machine | Data | Intelligence,,2 weeks ago,3.4,https://www.naukri.com/job-listings-data-scientist-hcltech-hyderabad-5-to-10-years-130526042098,2026-06-04T15:52:34.255398
Naukri,data scientist,Data Scientist,Tata Consultancy Services,5-10 Yrs,,,,,"Hyderabad, Chennai",Artificial Intelligence | Machine Learning | Python | Natural Language Processing | Ml | Process | Languages | Machine,,1 week ago,3.3,https://www.naukri.com/job-listings-data-scientist-tata-consultancy-services-hyderabad-chennai-5-to-10-years-260326026450,2026-06-04T15:52:34.255895
Naukri,data scientist,Data Scientist,EXL,5-8 Yrs,,,,,"Hybrid - Gurugram, Bengaluru",Generative Ai | Artificial Intelligence | Python | SQL | Data Science | Data | Intelligence | Science,,1 day ago,3.6,https://www.naukri.com/job-listings-data-scientist-exl-gurugram-bengaluru-5-to-8-years-031125016780,2026-06-04T15:52:34.256292
Naukri,data scientist,AI / ML Data Scientist I,Nielsen Sports,0-3 Yrs,,,,,Bengaluru,Cloud computing | Operations research | Automation | Primary research | data science | Machine learning | JIRA | Statistics,,1 day ago,3.8,https://www.naukri.com/job-listings-ai-ml-data-scientist-i-nielsen-sports-bengaluru-0-to-3-years-030626504161,2026-06-04T15:52:34.256689
Naukri,data scientist,Data Scientist,Rolls-Royce,,,,,,Bengaluru,save,,Starts in 1-3 months,3.8,https://www.naukri.com/job-listings-data-scientist-rolls-royce-india-private-ltd-bengaluru-3-to-8-years-030626504364,2026-06-04T15:52:34.257171
Naukri,data scientist,Data Scientist - 23 Feb (Sat)-Weekend Virtual Interview - Pan India,Tata Consultancy Services,6 Yrs,,,,,"India, Bengaluru, Delhi / NCR",Data Science | Python | SQL | Machine Learning | Science | Interviewing | SAT | Machine,,1 day ago,3.3,https://www.naukri.com/job-listings-data-scientist-23-feb-sat-weekend-virtual-interview-pan-india-tata-consultancy-services-bengaluru-delhi-ncr-india-6-to-6-years-210526004106,2026-06-04T15:52:34.257558
Naukri,data scientist,Data Scientist-Artificial Intelligence,IBM,3-7 Yrs,,,,,Bengaluru,data scientist | python | ai solutions | ai frameworks | ai | cloud platforms | machine learning | artificial intelligence,,1 day ago,3.9,https://www.naukri.com/job-listings-data-scientist-artificial-intelligence-ibm-india-pvt-limited-bengaluru-3-to-7-years-030626928132,2026-06-04T15:52:34.257942
Naukri,data scientist,Data Scientist,Tata Consultancy Services,6-10 Yrs,,,,,"Hyderabad, Pune, Bengaluru",Machine Learning | Python | SQL | Natural Language Processing | Hadoop | Data | Processing | Languages,,Few hours ago,3.3,https://www.naukri.com/job-listings-data-scientist-tata-consultancy-services-hyderabad-pune-bengaluru-6-to-10-years-040626017185,2026-06-04T15:52:34.258325
Naukri,data scientist,Data Scientist -Pan India-   13th May (Wed) - Virtual Interview,Tata Consultancy Services,5-10 Yrs,,,,,"Hyderabad, India, Delhi / NCR",Data Science | Natural Language Processing | Machine Learning | Deep Learning | Python | Data | Science | Interviewing,,1 day ago,3.3,https://www.naukri.com/job-listings-data-scientist-pan-india-13th-may-wed-virtual-interview-tata-consultancy-services-hyderabad-delhi-ncr-india-5-to-10-years-110526013627,2026-06-04T15:52:34.258710
Naukri,data scientist,Data Scientist-Artificial Intelligence,IBM,7-9 Yrs,,,,,Bengaluru,data scientist | kubernetes | python | github | natural language processing | ai | react | bootstrap,,1 day ago,3.9,https://www.naukri.com/job-listings-data-scientist-artificial-intelligence-ibm-india-pvt-limited-bengaluru-7-to-9-years-030626922864,2026-06-04T15:52:34.259097
Naukri,data scientist,Walk-in || Data Scientist,Tata Consultancy Services,,,,,,Bengaluru,Natural Language Processing | Python | Tensorflow | Cloud | Numpy | Data | Processing | Languages,,Few hours ago,3.3,https://www.naukri.com/job-listings-data-scientist-tata-consultancy-services-bengaluru-6-to-11-years-040626015793,2026-06-04T15:52:34.259571
Naukri,data scientist,Walk-in || Data Scientist(6+ yrs exp candidates only),Tata Consultancy Services,,,,,,Bengaluru,Data Science | Machine Learning | Python | Machine | Science | Data | Exp,,Few hours ago,3.3,https://www.naukri.com/job-listings-data-scientist-6-yrs-exp-candidates-only-tata-consultancy-services-bengaluru-6-to-11-years-040626010114,2026-06-04T15:52:34.260033
Naukri,data scientist,Data Scientist,Careernet,10-20 Yrs,,,,,Hybrid - Bengaluru,Data Science | Ncr | Ccn | Artificial Intelligence | Machine Learning | Machine | Science | Data,,Few hours ago,,https://www.naukri.com/job-listings-data-scientist-careernet-bengaluru-10-to-20-years-040626018097,2026-06-04T15:52:34.260401
Naukri,data scientist,Data Scientist,Ujjivan Small Finance Bank,3-6 Yrs,,,,,Bengaluru,Fraud Analytics | Transaction Monitoring | Fraud Prevention | Fraud Analysis | Credit Card Fraud | Fraud Detection | Analytics | Cards,,Few hours ago,4.0,https://www.naukri.com/job-listings-data-scientist-ujjivan-small-finance-bank-bengaluru-3-to-6-years-040626013475,2026-06-04T15:52:34.260814
Naukri,data scientist,Data Scientist,Ujjivan Small Finance Bank,3-6 Yrs,,,,,Bengaluru,python | Campaign Analytics | Advanced Analytics | Machine Learning Algorithms | Machine Learning | Customer Segmentation | Market Mix Modelling | Statistical Modeling,,Few hours ago,4.0,https://www.naukri.com/job-listings-data-scientist-ujjivan-small-finance-bank-bengaluru-3-to-6-years-040626012537,2026-06-04T15:52:34.261229
Naukri,data scientist,Data Scientist/AI-ML,Codepanda Academy,0-5 Yrs,,,,,"Noida, Gurugram, Delhi / NCR",Data Science | Business Intelligence | Generative AI | Artificial Intelligence | LLM | Machine Learning | Ml Algorithms | SQL,,5 days ago,4.5,https://www.naukri.com/job-listings-data-scientist-ai-ml-codepanda-academy-noida-gurugram-delhi-ncr-0-to-5-years-290526023855,2026-06-04T15:52:34.261643
Naukri,data scientist,Data Scientist- Gen AI,Fractal Analytics,1-6 Yrs,,,,,"Noida, Mumbai, Hyderabad, Pune, Chennai, Gurugram, Bengaluru",Computer vision | GIT | GCP | Analytical | Django | Software development life cycle | Workflow | Application development,,2 days ago,4.0,https://www.naukri.com/job-listings-data-scientist-gen-ai-fractal-analytics-ltd-noida-mumbai-hyderabad-pune-chennai-gurugram-bengaluru-1-to-6-years-020626500303,2026-06-04T15:52:34.262027
Naukri,data scientist,Data Scientist (ML/AI),Philips,5-10 Yrs,,,,,Bengaluru,time series analysis | python | scikit-learn | mathematics | microsoft azure | machine learning | artificial intelligence | sql,,2 days ago,3.8,https://www.naukri.com/job-listings-data-scientist-ml-ai-philips-india-limited-bengaluru-5-to-10-years-020626502504,2026-06-04T15:52:34.262412
Naukri,data scientist,Data Scientist,Tata Consultancy Services,5-10 Yrs,,,,,"Chennai, Bengaluru, Mumbai (All Areas)",Data Science | Generative Ai | Typescript | Aiml | Microservices | DeepEval | Python | Data,,4 days ago,3.3,https://www.naukri.com/job-listings-data-scientist-tata-consultancy-services-chennai-bengaluru-mumbai-all-areas-5-to-10-years-310526002811,2026-06-04T15:52:34.262795
Naukri,data scientist,Data Scientist /AI ML Engineer,Globallogic,5-10 Yrs,,,,,Bengaluru,hive | fundamentals | cursor | algorithms | data warehousing | data pipeline | artificial intelligence | sql,,2 days ago,3.5,https://www.naukri.com/job-listings-data-scientist-ai-ml-engineer-globallogic-bengaluru-5-to-10-years-020626016711,2026-06-04T15:52:34.263182
Naukri,data scientist,Data Scientist,HCLTech,5-10 Yrs,,,,,Hyderabad,Artificial Intelligence | Machine Learning | Python | Machine | Data | Intelligence,,2 weeks ago,3.4,https://www.naukri.com/job-listings-data-scientist-hcltech-hyderabad-5-to-10-years-130526042098,2026-06-04T15:52:55.963545
Naukri,data scientist,Data Scientist,Tata Consultancy Services,5-10 Yrs,,,,,"Hyderabad, Chennai",Artificial Intelligence | Machine Learning | Python | Natural Language Processing | Ml | Process | Languages | Machine,,1 week ago,3.3,https://www.naukri.com/job-listings-data-scientist-tata-consultancy-services-hyderabad-chennai-5-to-10-years-260326026450,2026-06-04T15:52:55.964085
Naukri,data scientist,Data Scientist,EXL,5-8 Yrs,,,,,"Hybrid - Gurugram, Bengaluru",Generative Ai | Artificial Intelligence | Python | SQL | Data Science | Data | Intelligence | Science,,1 day ago,3.6,https://www.naukri.com/job-listings-data-scientist-exl-gurugram-bengaluru-5-to-8-years-031125016780,2026-06-04T15:52:55.964484
Naukri,data scientist,AI / ML Data Scientist I,Nielsen Sports,0-3 Yrs,,,,,Bengaluru,Cloud computing | Operations research | Automation | Primary research | data science | Machine learning | JIRA | Statistics,,1 day ago,3.8,https://www.naukri.com/job-listings-ai-ml-data-scientist-i-nielsen-sports-bengaluru-0-to-3-years-030626504161,2026-06-04T15:52:55.964884
Naukri,data scientist,Data Scientist,Rolls-Royce,,,,,,Bengaluru,save,,Starts in 1-3 months,3.8,https://www.naukri.com/job-listings-data-scientist-rolls-royce-india-private-ltd-bengaluru-3-to-8-years-030626504364,2026-06-04T15:52:55.965368
Naukri,data scientist,Data Scientist - 23 Feb (Sat)-Weekend Virtual Interview - Pan India,Tata Consultancy Services,6 Yrs,,,,,"India, Bengaluru, Delhi / NCR",Data Science | Python | SQL | Machine Learning | Science | Interviewing | SAT | Machine,,1 day ago,3.3,https://www.naukri.com/job-listings-data-scientist-23-feb-sat-weekend-virtual-interview-pan-india-tata-consultancy-services-bengaluru-delhi-ncr-india-6-to-6-years-210526004106,2026-06-04T15:52:55.965772
Naukri,data scientist,Data Scientist-Artificial Intelligence,IBM,3-7 Yrs,,,,,Bengaluru,data scientist | python | ai solutions | ai frameworks | ai | cloud platforms | machine learning | artificial intelligence,,1 day ago,3.9,https://www.naukri.com/job-listings-data-scientist-artificial-intelligence-ibm-india-pvt-limited-bengaluru-3-to-7-years-030626928132,2026-06-04T15:52:55.966163
Naukri,data scientist,Data Scientist,Tata Consultancy Services,6-10 Yrs,,,,,"Hyderabad, Pune, Bengaluru",Machine Learning | Python | SQL | Natural Language Processing | Hadoop | Data | Processing | Languages,,Few hours ago,3.3,https://www.naukri.com/job-listings-data-scientist-tata-consultancy-services-hyderabad-pune-bengaluru-6-to-10-years-040626017185,2026-06-04T15:52:55.966558
Naukri,data scientist,Data Scientist -Pan India-   13th May (Wed) - Virtual Interview,Tata Consultancy Services,5-10 Yrs,,,,,"Hyderabad, India, Delhi / NCR",Data Science | Natural Language Processing | Machine Learning | Deep Learning | Python | Data | Science | Interviewing,,1 day ago,3.3,https://www.naukri.com/job-listings-data-scientist-pan-india-13th-may-wed-virtual-interview-tata-consultancy-services-hyderabad-delhi-ncr-india-5-to-10-years-110526013627,2026-06-04T15:52:55.966954
Naukri,data scientist,Data Scientist-Artificial Intelligence,IBM,7-9 Yrs,,,,,Bengaluru,data scientist | kubernetes | python | github | natural language processing | ai | react | bootstrap,,1 day ago,3.9,https://www.naukri.com/job-listings-data-scientist-artificial-intelligence-ibm-india-pvt-limited-bengaluru-7-to-9-years-030626922864,2026-06-04T15:52:55.967356
Naukri,data scientist,Walk-in || Data Scientist,Tata Consultancy Services,,,,,,Bengaluru,Natural Language Processing | Python | Tensorflow | Cloud | Numpy | Data | Processing | Languages,,Few hours ago,3.3,https://www.naukri.com/job-listings-data-scientist-tata-consultancy-services-bengaluru-6-to-11-years-040626015793,2026-06-04T15:52:55.967849
Naukri,data scientist,Walk-in || Data Scientist(6+ yrs exp candidates only),Tata Consultancy Services,,,,,,Bengaluru,Data Science | Machine Learning | Python | Machine | Science | Data | Exp,,Few hours ago,3.3,https://www.naukri.com/job-listings-data-scientist-6-yrs-exp-candidates-only-tata-consultancy-services-bengaluru-6-to-11-years-040626010114,2026-06-04T15:52:55.968320
Naukri,data scientist,Data Scientist,Careernet,10-20 Yrs,,,,,Hybrid - Bengaluru,Data Science | Ncr | Ccn | Artificial Intelligence | Machine Learning | Machine | Science | Data,,Few hours ago,,https://www.naukri.com/job-listings-data-scientist-careernet-bengaluru-10-to-20-years-040626018097,2026-06-04T15:52:55.968721
Naukri,data scientist,Data Scientist,Ujjivan Small Finance Bank,3-6 Yrs,,,,,Bengaluru,Fraud Analytics | Transaction Monitoring | Fraud Prevention | Fraud Analysis | Credit Card Fraud | Fraud Detection | Analytics | Cards,,Few hours ago,4.0,https://www.naukri.com/job-listings-data-scientist-ujjivan-small-finance-bank-bengaluru-3-to-6-years-040626013475,2026-06-04T15:52:55.969154
Naukri,data scientist,Data Scientist,Ujjivan Small Finance Bank,3-6 Yrs,,,,,Bengaluru,python | Campaign Analytics | Advanced Analytics | Machine Learning Algorithms | Machine Learning | Customer Segmentation | Market Mix Modelling | Statistical Modeling,,Few hours ago,4.0,https://www.naukri.com/job-listings-data-scientist-ujjivan-small-finance-bank-bengaluru-3-to-6-years-040626012537,2026-06-04T15:52:55.969586
Naukri,data scientist,Data Scientist/AI-ML,Codepanda Academy,0-5 Yrs,,,,,"Noida, Gurugram, Delhi / NCR",Data Science | Business Intelligence | Generative AI | Artificial Intelligence | LLM | Machine Learning | Ml Algorithms | SQL,,5 days ago,4.5,https://www.naukri.com/job-listings-data-scientist-ai-ml-codepanda-academy-noida-gurugram-delhi-ncr-0-to-5-years-290526023855,2026-06-04T15:52:55.970016
Naukri,data scientist,Data Scientist- Gen AI,Fractal Analytics,1-6 Yrs,,,,,"Noida, Mumbai, Hyderabad, Pune, Chennai, Gurugram, Bengaluru",Computer vision | GIT | GCP | Analytical | Django | Software development life cycle | Workflow | Application development,,2 days ago,4.0,https://www.naukri.com/job-listings-data-scientist-gen-ai-fractal-analytics-ltd-noida-mumbai-hyderabad-pune-chennai-gurugram-bengaluru-1-to-6-years-020626500303,2026-06-04T15:52:55.970414
Naukri,data scientist,Data Scientist (ML/AI),Philips,5-10 Yrs,,,,,Bengaluru,time series analysis | python | scikit-learn | mathematics | microsoft azure | machine learning | artificial intelligence | sql,,2 days ago,3.8,https://www.naukri.com/job-listings-data-scientist-ml-ai-philips-india-limited-bengaluru-5-to-10-years-020626502504,2026-06-04T15:52:55.970813
Naukri,data scientist,Data Scientist,Tata Consultancy Services,5-10 Yrs,,,,,"Chennai, Bengaluru, Mumbai (All Areas)",Data Science | Generative Ai | Typescript | Aiml | Microservices | DeepEval | Python | Data,,4 days ago,3.3,https://www.naukri.com/job-listings-data-scientist-tata-consultancy-services-chennai-bengaluru-mumbai-all-areas-5-to-10-years-310526002811,2026-06-04T15:52:55.971206
Naukri,data scientist,Data Scientist /AI ML Engineer,Globallogic,5-10 Yrs,,,,,Bengaluru,hive | fundamentals | cursor | algorithms | data warehousing | data pipeline | artificial intelligence | sql,,2 days ago,3.5,https://www.naukri.com/job-listings-data-scientist-ai-ml-engineer-globallogic-bengaluru-5-to-10-years-020626016711,2026-06-04T15:52:55.971611
Naukri,data scientist,Data Scientist,HCLTech,5-10 Yrs,,,,,Hyderabad,Artificial Intelligence | Machine Learning | Python | Machine | Data | Intelligence,,2 weeks ago,3.4,https://www.naukri.com/job-listings-data-scientist-hcltech-hyderabad-5-to-10-years-130526042098,2026-06-04T15:53:17.740901
Naukri,data scientist,Data Scientist,Tata Consultancy Services,5-10 Yrs,,,,,"Hyderabad, Chennai",Artificial Intelligence | Machine Learning | Python | Natural Language Processing | Ml | Process | Languages | Machine,,1 week ago,3.3,https://www.naukri.com/job-listings-data-scientist-tata-consultancy-services-hyderabad-chennai-5-to-10-years-260326026450,2026-06-04T15:53:17.741323
Naukri,data scientist,Data Scientist,EXL,5-8 Yrs,,,,,"Hybrid - Gurugram, Bengaluru",Generative Ai | Artificial Intelligence | Python | SQL | Data Science | Data | Intelligence | Science,,1 day ago,3.6,https://www.naukri.com/job-listings-data-scientist-exl-gurugram-bengaluru-5-to-8-years-031125016780,2026-06-04T15:53:17.741730
Naukri,data scientist,AI / ML Data Scientist I,Nielsen Sports,0-3 Yrs,,,,,Bengaluru,Cloud computing | Operations research | Automation | Primary research | data science | Machine learning | JIRA | Statistics,,1 day ago,3.8,https://www.naukri.com/job-listings-ai-ml-data-scientist-i-nielsen-sports-bengaluru-0-to-3-years-030626504161,2026-06-04T15:53:17.742162
Naukri,data scientist,Data Scientist,Rolls-Royce,,,,,,Bengaluru,save,,Starts in 1-3 months,3.8,https://www.naukri.com/job-listings-data-scientist-rolls-royce-india-private-ltd-bengaluru-3-to-8-years-030626504364,2026-06-04T15:53:17.742645
Naukri,data scientist,Data Scientist - 23 Feb (Sat)-Weekend Virtual Interview - Pan India,Tata Consultancy Services,6 Yrs,,,,,"India, Bengaluru, Delhi / NCR",Data Science | Python | SQL | Machine Learning | Science | Interviewing | SAT | Machine,,1 day ago,3.3,https://www.naukri.com/job-listings-data-scientist-23-feb-sat-weekend-virtual-interview-pan-india-tata-consultancy-services-bengaluru-delhi-ncr-india-6-to-6-years-210526004106,2026-06-04T15:53:17.743045
Naukri,data scientist,Data Scientist-Artificial Intelligence,IBM,3-7 Yrs,,,,,Bengaluru,data scientist | python | ai solutions | ai frameworks | ai | cloud platforms | machine learning | artificial intelligence,,1 day ago,3.9,https://www.naukri.com/job-listings-data-scientist-artificial-intelligence-ibm-india-pvt-limited-bengaluru-3-to-7-years-030626928132,2026-06-04T15:53:17.743443
Naukri,data scientist,Data Scientist,Tata Consultancy Services,6-10 Yrs,,,,,"Hyderabad, Pune, Bengaluru",Machine Learning | Python | SQL | Natural Language Processing | Hadoop | Data | Processing | Languages,,Few hours ago,3.3,https://www.naukri.com/job-listings-data-scientist-tata-consultancy-services-hyderabad-pune-bengaluru-6-to-10-years-040626017185,2026-06-04T15:53:17.743841
Naukri,data scientist,Data Scientist -Pan India-   13th May (Wed) - Virtual Interview,Tata Consultancy Services,5-10 Yrs,,,,,"Hyderabad, India, Delhi / NCR",Data Science | Natural Language Processing | Machine Learning | Deep Learning | Python | Data | Science | Interviewing,,1 day ago,3.3,https://www.naukri.com/job-listings-data-scientist-pan-india-13th-may-wed-virtual-interview-tata-consultancy-services-hyderabad-delhi-ncr-india-5-to-10-years-110526013627,2026-06-04T15:53:17.744239
Naukri,data scientist,Data Scientist-Artificial Intelligence,IBM,7-9 Yrs,,,,,Bengaluru,data scientist | kubernetes | python | github | natural language processing | ai | react | bootstrap,,1 day ago,3.9,https://www.naukri.com/job-listings-data-scientist-artificial-intelligence-ibm-india-pvt-limited-bengaluru-7-to-9-years-030626922864,2026-06-04T15:53:17.744635
Naukri,data scientist,Walk-in || Data Scientist,Tata Consultancy Services,,,,,,Bengaluru,Natural Language Processing | Python | Tensorflow | Cloud | Numpy | Data | Processing | Languages,,Few hours ago,3.3,https://www.naukri.com/job-listings-data-scientist-tata-consultancy-services-bengaluru-6-to-11-years-040626015793,2026-06-04T15:53:17.745126
Naukri,data scientist,Walk-in || Data Scientist(6+ yrs exp candidates only),Tata Consultancy Services,,,,,,Bengaluru,Data Science | Machine Learning | Python | Machine | Science | Data | Exp,,Few hours ago,3.3,https://www.naukri.com/job-listings-data-scientist-6-yrs-exp-candidates-only-tata-consultancy-services-bengaluru-6-to-11-years-040626010114,2026-06-04T15:53:17.745599
Naukri,data scientist,Data Scientist,Careernet,10-20 Yrs,,,,,Hybrid - Bengaluru,Data Science | Ncr | Ccn | Artificial Intelligence | Machine Learning | Machine | Science | Data,,Few hours ago,,https://www.naukri.com/job-listings-data-scientist-careernet-bengaluru-10-to-20-years-040626018097,2026-06-04T15:53:17.745982
Naukri,data scientist,Data Scientist,Ujjivan Small Finance Bank,3-6 Yrs,,,,,Bengaluru,Fraud Analytics | Transaction Monitoring | Fraud Prevention | Fraud Analysis | Credit Card Fraud | Fraud Detection | Analytics | Cards,,Few hours ago,4.0,https://www.naukri.com/job-listings-data-scientist-ujjivan-small-finance-bank-bengaluru-3-to-6-years-040626013475,2026-06-04T15:53:17.746409
Naukri,data scientist,Data Scientist,Ujjivan Small Finance Bank,3-6 Yrs,,,,,Bengaluru,python | Campaign Analytics | Advanced Analytics | Machine Learning Algorithms | Machine Learning | Customer Segmentation | Market Mix Modelling | Statistical Modeling,,Few hours ago,4.0,https://www.naukri.com/job-listings-data-scientist-ujjivan-small-finance-bank-bengaluru-3-to-6-years-040626012537,2026-06-04T15:53:17.746838
Naukri,data scientist,Data Scientist/AI-ML,Codepanda Academy,0-5 Yrs,,,,,"Noida, Gurugram, Delhi / NCR",Data Science | Business Intelligence | Generative AI | Artificial Intelligence | LLM | Machine Learning | Ml Algorithms | SQL,,5 days ago,4.5,https://www.naukri.com/job-listings-data-scientist-ai-ml-codepanda-academy-noida-gurugram-delhi-ncr-0-to-5-years-290526023855,2026-06-04T15:53:17.747268
Naukri,data scientist,Data Scientist- Gen AI,Fractal Analytics,1-6 Yrs,,,,,"Noida, Mumbai, Hyderabad, Pune, Chennai, Gurugram, Bengaluru",Computer vision | GIT | GCP | Analytical | Django | Software development life cycle | Workflow | Application development,,2 days ago,4.0,https://www.naukri.com/job-listings-data-scientist-gen-ai-fractal-analytics-ltd-noida-mumbai-hyderabad-pune-chennai-gurugram-bengaluru-1-to-6-years-020626500303,2026-06-04T15:53:17.747664
Naukri,data scientist,Data Scientist (ML/AI),Philips,5-10 Yrs,,,,,Bengaluru,time series analysis | python | scikit-learn | mathematics | microsoft azure | machine learning | artificial intelligence | sql,,2 days ago,3.8,https://www.naukri.com/job-listings-data-scientist-ml-ai-philips-india-limited-bengaluru-5-to-10-years-020626502504,2026-06-04T15:53:17.748067
Naukri,data scientist,Data Scientist,Tata Consultancy Services,5-10 Yrs,,,,,"Chennai, Bengaluru, Mumbai (All Areas)",Data Science | Generative Ai | Typescript | Aiml | Microservices | DeepEval | Python | Data,,4 days ago,3.3,https://www.naukri.com/job-listings-data-scientist-tata-consultancy-services-chennai-bengaluru-mumbai-all-areas-5-to-10-years-310526002811,2026-06-04T15:53:17.748467
Naukri,data scientist,Data Scientist /AI ML Engineer,Globallogic,5-10 Yrs,,,,,Bengaluru,hive | fundamentals | cursor | algorithms | data warehousing | data pipeline | artificial intelligence | sql,,2 days ago,3.5,https://www.naukri.com/job-listings-data-scientist-ai-ml-engineer-globallogic-bengaluru-5-to-10-years-020626016711,2026-06-04T15:53:17.748874
Naukri,data scientist,Data Scientist,HCLTech,5-10 Yrs,,,,,Hyderabad,Artificial Intelligence | Machine Learning | Python | Machine | Data | Intelligence,,2 weeks ago,3.4,https://www.naukri.com/job-listings-data-scientist-hcltech-hyderabad-5-to-10-years-130526042098,2026-06-04T15:53:39.297229
Naukri,data scientist,Data Scientist,Tata Consultancy Services,5-10 Yrs,,,,,"Hyderabad, Chennai",Artificial Intelligence | Machine Learning | Python | Natural Language Processing | Ml | Process | Languages | Machine,,1 week ago,3.3,https://www.naukri.com/job-listings-data-scientist-tata-consultancy-services-hyderabad-chennai-5-to-10-years-260326026450,2026-06-04T15:53:39.297718
Naukri,data scientist,Data Scientist,EXL,5-8 Yrs,,,,,"Hybrid - Gurugram, Bengaluru",Generative Ai | Artificial Intelligence | Python | SQL | Data Science | Data | Intelligence | Science,,1 day ago,3.6,https://www.naukri.com/job-listings-data-scientist-exl-gurugram-bengaluru-5-to-8-years-031125016780,2026-06-04T15:53:39.298123
Naukri,data scientist,AI / ML Data Scientist I,Nielsen Sports,0-3 Yrs,,,,,Bengaluru,Cloud computing | Operations research | Automation | Primary research | data science | Machine learning | JIRA | Statistics,,1 day ago,3.8,https://www.naukri.com/job-listings-ai-ml-data-scientist-i-nielsen-sports-bengaluru-0-to-3-years-030626504161,2026-06-04T15:53:39.298527
Naukri,data scientist,Data Scientist,Rolls-Royce,,,,,,Bengaluru,save,,Starts in 1-3 months,3.8,https://www.naukri.com/job-listings-data-scientist-rolls-royce-india-private-ltd-bengaluru-3-to-8-years-030626504364,2026-06-04T15:53:39.299007
Naukri,data scientist,Data Scientist - 23 Feb (Sat)-Weekend Virtual Interview - Pan India,Tata Consultancy Services,6 Yrs,,,,,"India, Bengaluru, Delhi / NCR",Data Science | Python | SQL | Machine Learning | Science | Interviewing | SAT | Machine,,1 day ago,3.3,https://www.naukri.com/job-listings-data-scientist-23-feb-sat-weekend-virtual-interview-pan-india-tata-consultancy-services-bengaluru-delhi-ncr-india-6-to-6-years-210526004106,2026-06-04T15:53:39.299408
Naukri,data scientist,Data Scientist-Artificial Intelligence,IBM,3-7 Yrs,,,,,Bengaluru,data scientist | python | ai solutions | ai frameworks | ai | cloud platforms | machine learning | artificial intelligence,,1 day ago,3.9,https://www.naukri.com/job-listings-data-scientist-artificial-intelligence-ibm-india-pvt-limited-bengaluru-3-to-7-years-030626928132,2026-06-04T15:53:39.299796
Naukri,data scientist,Data Scientist,Tata Consultancy Services,6-10 Yrs,,,,,"Hyderabad, Pune, Bengaluru",Machine Learning | Python | SQL | Natural Language Processing | Hadoop | Data | Processing | Languages,,Few hours ago,3.3,https://www.naukri.com/job-listings-data-scientist-tata-consultancy-services-hyderabad-pune-bengaluru-6-to-10-years-040626017185,2026-06-04T15:53:39.300183
Naukri,data scientist,Data Scientist -Pan India-   13th May (Wed) - Virtual Interview,Tata Consultancy Services,5-10 Yrs,,,,,"Hyderabad, India, Delhi / NCR",Data Science | Natural Language Processing | Machine Learning | Deep Learning | Python | Data | Science | Interviewing,,1 day ago,3.3,https://www.naukri.com/job-listings-data-scientist-pan-india-13th-may-wed-virtual-interview-tata-consultancy-services-hyderabad-delhi-ncr-india-5-to-10-years-110526013627,2026-06-04T15:53:39.300575
Naukri,data scientist,Data Scientist-Artificial Intelligence,IBM,7-9 Yrs,,,,,Bengaluru,data scientist | kubernetes | python | github | natural language processing | ai | react | bootstrap,,1 day ago,3.9,https://www.naukri.com/job-listings-data-scientist-artificial-intelligence-ibm-india-pvt-limited-bengaluru-7-to-9-years-030626922864,2026-06-04T15:53:39.300959
Naukri,data scientist,Walk-in || Data Scientist,Tata Consultancy Services,,,,,,Bengaluru,Natural Language Processing | Python | Tensorflow | Cloud | Numpy | Data | Processing | Languages,,Few hours ago,3.3,https://www.naukri.com/job-listings-data-scientist-tata-consultancy-services-bengaluru-6-to-11-years-040626015793,2026-06-04T15:53:39.301445
Naukri,data scientist,Walk-in || Data Scientist(6+ yrs exp candidates only),Tata Consultancy Services,,,,,,Bengaluru,Data Science | Machine Learning | Python | Machine | Science | Data | Exp,,Few hours ago,3.3,https://www.naukri.com/job-listings-data-scientist-6-yrs-exp-candidates-only-tata-consultancy-services-bengaluru-6-to-11-years-040626010114,2026-06-04T15:53:39.301907
Naukri,data scientist,Data Scientist,Careernet,10-20 Yrs,,,,,Hybrid - Bengaluru,Data Science | Ncr | Ccn | Artificial Intelligence | Machine Learning | Machine | Science | Data,,Few hours ago,,https://www.naukri.com/job-listings-data-scientist-careernet-bengaluru-10-to-20-years-040626018097,2026-06-04T15:53:39.302310
Naukri,data scientist,Data Scientist,Ujjivan Small Finance Bank,3-6 Yrs,,,,,Bengaluru,Fraud Analytics | Transaction Monitoring | Fraud Prevention | Fraud Analysis | Credit Card Fraud | Fraud Detection | Analytics | Cards,,Few hours ago,4.0,https://www.naukri.com/job-listings-data-scientist-ujjivan-small-finance-bank-bengaluru-3-to-6-years-040626013475,2026-06-04T15:53:39.302735
Naukri,data scientist,Data Scientist,Ujjivan Small Finance Bank,3-6 Yrs,,,,,Bengaluru,python | Campaign Analytics | Advanced Analytics | Machine Learning Algorithms | Machine Learning | Customer Segmentation | Market Mix Modelling | Statistical Modeling,,Few hours ago,4.0,https://www.naukri.com/job-listings-data-scientist-ujjivan-small-finance-bank-bengaluru-3-to-6-years-040626012537,2026-06-04T15:53:39.303149
Naukri,data scientist,Data Scientist/AI-ML,Codepanda Academy,0-5 Yrs,,,,,"Noida, Gurugram, Delhi / NCR",Data Science | Business Intelligence | Generative AI | Artificial Intelligence | LLM | Machine Learning | Ml Algorithms | SQL,,5 days ago,4.5,https://www.naukri.com/job-listings-data-scientist-ai-ml-codepanda-academy-noida-gurugram-delhi-ncr-0-to-5-years-290526023855,2026-06-04T15:53:39.303573
Naukri,data scientist,Data Scientist- Gen AI,Fractal Analytics,1-6 Yrs,,,,,"Noida, Mumbai, Hyderabad, Pune, Chennai, Gurugram, Bengaluru",Computer vision | GIT | GCP | Analytical | Django | Software development life cycle | Workflow | Application development,,2 days ago,4.0,https://www.naukri.com/job-listings-data-scientist-gen-ai-fractal-analytics-ltd-noida-mumbai-hyderabad-pune-chennai-gurugram-bengaluru-1-to-6-years-020626500303,2026-06-04T15:53:39.303954
Naukri,data scientist,Data Scientist (ML/AI),Philips,5-10 Yrs,,,,,Bengaluru,time series analysis | python | scikit-learn | mathematics | microsoft azure | machine learning | artificial intelligence | sql,,2 days ago,3.8,https://www.naukri.com/job-listings-data-scientist-ml-ai-philips-india-limited-bengaluru-5-to-10-years-020626502504,2026-06-04T15:53:39.304345
Naukri,data scientist,Data Scientist,Tata Consultancy Services,5-10 Yrs,,,,,"Chennai, Bengaluru, Mumbai (All Areas)",Data Science | Generative Ai | Typescript | Aiml | Microservices | DeepEval | Python | Data,,4 days ago,3.3,https://www.naukri.com/job-listings-data-scientist-tata-consultancy-services-chennai-bengaluru-mumbai-all-areas-5-to-10-years-310526002811,2026-06-04T15:53:39.304726
Naukri,data scientist,Data Scientist /AI ML Engineer,Globallogic,5-10 Yrs,,,,,Bengaluru,hive | fundamentals | cursor | algorithms | data warehousing | data pipeline | artificial intelligence | sql,,2 days ago,3.5,https://www.naukri.com/job-listings-data-scientist-ai-ml-engineer-globallogic-bengaluru-5-to-10-years-020626016711,2026-06-04T15:53:39.305116
Naukri,data engineer,Data Engineer,Google,0 Yrs,,,,,Bengaluru,Product management | Product engineering | Analytical | Machine learning | Data structures | Data processing | Data quality | Data mining,,3+ weeks ago,4.4,https://www.naukri.com/job-listings-data-engineer-google-india-private-limited-bengaluru-0-to-0-years-090725503768,2026-06-04T15:54:06.333755
Naukri,data engineer,Azure Data Engineer or Big data developer,HCLTech,7-12 Yrs,,,,,"Pune, Chennai, Bengaluru",Pyspark | Data Engineering | Software Engineering | Big Data | Spark | Data Bricks | Python | Software,,2 weeks ago,3.4,https://www.naukri.com/job-listings-azure-data-engineer-or-big-data-developer-hcltech-pune-chennai-bengaluru-7-to-12-years-130526041399,2026-06-04T15:54:06.334220
Naukri,data engineer,BI Developer- Data Engineer,Tata Consultancy Services,6-10 Yrs,,,,,"Pune, Chennai, Bengaluru",T-SQL | Power Bi | SSAS | Dax | Data Modeling | Microsoft Technology Ecosystem | GIT | Visual Studio,,1 week ago,3.3,https://www.naukri.com/job-listings-bi-developer-data-engineer-tata-consultancy-services-pune-chennai-bengaluru-6-to-10-years-050426004042,2026-06-04T15:54:06.334609
Naukri,data engineer,Data Engineer,IQVIA,6-11 Yrs,,,,,"Hybrid - Pune, Gurugram, Bengaluru",Pyspark | Data Engineering | Data Bricks | SQL | Azure | Azure Databricks | Azure Data Factory | Azure Synapse,,1 day ago,3.7,https://www.naukri.com/job-listings-data-engineer-iqvia-pune-gurugram-bengaluru-6-to-11-years-110325014320,2026-06-04T15:54:06.334992
Naukri,data engineer,Palantir -Pyspark Data Engineer,Tata Consultancy Services,5-9 Yrs,,,,,"Hyderabad, Pune, Bengaluru",Pyspark | Palantir | AWS | Ontology | Contour | Palantir Foundry | Python | Foundry,,1 week ago,3.3,https://www.naukri.com/job-listings-palantir-pyspark-data-engineer-tata-consultancy-services-hyderabad-pune-bengaluru-5-to-9-years-220126039954,2026-06-04T15:54:06.335375
Naukri,data engineer,"Walk-in || Hadoop, Spark, Scala - Data Engineer",Tata Consultancy Services,,,,,,Bengaluru,Data Engineering | Hadoop | SCALA | HDFS | Spark | Azure | Hive | Kafka,,1 day ago,3.3,https://www.naukri.com/job-listings-hadoop-spark-scala-data-engineer-tata-consultancy-services-bengaluru-5-to-10-years-020326027899,2026-06-04T15:54:06.335849
Naukri,data engineer,Data Engineer,Rolls-Royce,6-11 Yrs,,,,,Bengaluru,Supply chain | MS SQL | Linux | Data management | Data modeling | RDBMS | Agile | microsoft,,1 day ago,3.8,https://www.naukri.com/job-listings-data-engineer-rolls-royce-india-private-ltd-bengaluru-6-to-11-years-030626502032,2026-06-04T15:54:06.336238
Naukri,data engineer,Data Engineer,Accenture,2-7 Yrs,,,,,Hyderabad,Compliance | Azure | Automation | Data Pipelines | Architecture | Data Management | Data Integration | Data Quality,,Few hours ago,3.7,https://www.naukri.com/job-listings-data-engineer-accenture-solutions-pvt-ltd-hyderabad-2-to-7-years-040626918824,2026-06-04T15:54:06.336625
Naukri,data engineer,Data Engineers & Architects,Exalans And Hunar Corporate Solutions,7-12 Yrs,,,,,"Kochi, Bengaluru, Thiruvananthapuram",Data Engineering | Python | Etl Pipelines | Architecture | ETL | Pipeline | Data architecture | Data,,3+ weeks ago,,https://www.naukri.com/job-listings-data-engineers-architects-exalans-and-hunar-corporate-solutions-kochi-bengaluru-thiruvananthapuram-7-to-12-years-060526014370,2026-06-04T15:54:06.337049
Naukri,data engineer,Pyspark -Palantir Core- Data Engineer,Tata Consultancy Services,6-10 Yrs,,,,,"Pune, Bengaluru, Mumbai (All Areas)",Pyspark | Data Engineering | AWS | SQL | Snowflake | Data Bricks | Python | Bricks,,3+ weeks ago,3.3,https://www.naukri.com/job-listings-pyspark-palantir-core-data-engineer-tata-consultancy-services-pune-bengaluru-mumbai-all-areas-6-to-10-years-090326005611,2026-06-04T15:54:06.337458
Naukri,data engineer,Data Engineer,Accenture,15-20 Yrs,,,,,Navi Mumbai,pyspark | data engineering | data pipeline architecture | etl | data integration | hive | python | data analysis,,3+ weeks ago,3.7,https://www.naukri.com/job-listings-data-engineer-accenture-solutions-pvt-ltd-navi-mumbai-15-to-20-years-040526917231,2026-06-04T15:54:06.337837
Naukri,data engineer,Manager / Data Engineer-Data Architect,Benovymed Healthcare,3-15 Yrs,,,,,New Delhi,C++ | Data analysis | Data management | Data modeling | MySQL | Healthcare | Perl | Analytics,,3+ weeks ago,,https://www.naukri.com/job-listings-manager-data-engineer-data-architect-benovymed-healthcare-new-delhi-3-to-15-years-010525502789,2026-06-04T15:54:06.338184
Naukri,data engineer,Data Engineer,Accenture,5-10 Yrs,,,,,Bengaluru,Data Engineer | Java | Azure | Data Engineering | Data Pipelines | Big Data | Database Design | Programming,,Few hours ago,3.7,https://www.naukri.com/job-listings-data-engineer-accenture-solutions-pvt-ltd-bengaluru-5-to-10-years-040626919243,2026-06-04T15:54:06.338564
Naukri,data engineer,Data Engineer,Accenture,2-4 Yrs,,,,,Navi Mumbai,pyspark | database design | data modeling | design principles | aws | hive | snowflake | python,,1 week ago,3.7,https://www.naukri.com/job-listings-data-engineer-accenture-solutions-pvt-ltd-navi-mumbai-2-to-4-years-250526919452,2026-06-04T15:54:06.338970
Naukri,data engineer,Data Engineer,Trigent Software,5-10 Yrs,,,,,Hybrid - Bengaluru,GCP Cloud | Python | Software Development | Data Engineering | SQL | Software | Cloud | GCP,,2 days ago,,https://www.naukri.com/job-listings-data-engineer-trigent-software-bengaluru-5-to-10-years-020626007058,2026-06-04T15:54:06.339380
Naukri,data engineer,Data Engineer,Globallogic,8-13 Yrs,,,,,"Pune, Chennai, Bengaluru",Data Engineering | Data Modeling | Spark | Advance Sql | Python | SQL | Modeling | Engineering,,2 days ago,3.5,https://www.naukri.com/job-listings-data-engineer-globallogic-pune-chennai-bengaluru-8-to-13-years-020626009474,2026-06-04T15:54:06.339759
Naukri,data engineer,Big Data Developer/ Big Data Engineer,Tata Consultancy Services,8-13 Yrs,,,,,"Chennai, Coimbatore, Bengaluru",Pyspark | Hive | Hadoop | Big Data | Spark | SCALA | Big Data Ecosystem | SQL,,2 days ago,3.3,https://www.naukri.com/job-listings-big-data-developer-big-data-engineer-tata-consultancy-services-chennai-coimbatore-bengaluru-8-to-13-years-010626025323,2026-06-04T15:54:06.340141
Naukri,data engineer,Data Engineer / Architect,Bahwan CyberTek,5-10 Yrs,,,,,Chennai,cd | continuous integration | python | functional | azure data lake | data | workflow | glue,,6 days ago,3.3,https://www.naukri.com/job-listings-data-engineer-architect-bahwan-cybertek-chennai-5-to-10-years-280526031920,2026-06-04T15:54:06.340522
Naukri,data engineer,Data Engineer / Architect,Bahwan CyberTek,5-10 Yrs,,,,,Chennai,Automation | metadata | github | orchestration | Data modeling | Active directory | data governance | JIRA,,5 days ago,3.3,https://www.naukri.com/job-listings-data-engineer-architect-bahwan-cybertek-chennai-5-to-10-years-290526505769,2026-06-04T15:54:06.340902
Naukri,data engineer,Data Engineer,Big 4 Consulting Firm,5-10 Yrs,,,,,"Hybrid - Indore, Bengaluru, Mumbai (All Areas)",Data Bricks | Data Engineering | Python | Data | Bricks | Engineering,,5 days ago,,https://www.naukri.com/job-listings-data-engineer-anlage-infotech-indore-bengaluru-mumbai-all-areas-5-to-10-years-290526023124,2026-06-04T15:54:06.341263
Naukri,data engineer,Data Engineer,Google,0 Yrs,,,,,Bengaluru,Product management | Product engineering | Analytical | Machine learning | Data structures | Data processing | Data quality | Data mining,,3+ weeks ago,4.4,https://www.naukri.com/job-listings-data-engineer-google-india-private-limited-bengaluru-0-to-0-years-090725503768,2026-06-04T15:54:27.840663
Naukri,data engineer,Azure Data Engineer or Big data developer,HCLTech,7-12 Yrs,,,,,"Pune, Chennai, Bengaluru",Pyspark | Data Engineering | Software Engineering | Big Data | Spark | Data Bricks | Python | Software,,2 weeks ago,3.4,https://www.naukri.com/job-listings-azure-data-engineer-or-big-data-developer-hcltech-pune-chennai-bengaluru-7-to-12-years-130526041399,2026-06-04T15:54:27.841102
Naukri,data engineer,BI Developer- Data Engineer,Tata Consultancy Services,6-10 Yrs,,,,,"Pune, Chennai, Bengaluru",T-SQL | Power Bi | SSAS | Dax | Data Modeling | Microsoft Technology Ecosystem | GIT | Visual Studio,,1 week ago,3.3,https://www.naukri.com/job-listings-bi-developer-data-engineer-tata-consultancy-services-pune-chennai-bengaluru-6-to-10-years-050426004042,2026-06-04T15:54:27.841495
Naukri,data engineer,Data Engineer,IQVIA,6-11 Yrs,,,,,"Hybrid - Pune, Gurugram, Bengaluru",Pyspark | Data Engineering | Data Bricks | SQL | Azure | Azure Databricks | Azure Data Factory | Azure Synapse,,1 day ago,3.7,https://www.naukri.com/job-listings-data-engineer-iqvia-pune-gurugram-bengaluru-6-to-11-years-110325014320,2026-06-04T15:54:27.841888
Naukri,data engineer,Palantir -Pyspark Data Engineer,Tata Consultancy Services,5-9 Yrs,,,,,"Hyderabad, Pune, Bengaluru",Pyspark | Palantir | AWS | Ontology | Contour | Palantir Foundry | Python | Foundry,,1 week ago,3.3,https://www.naukri.com/job-listings-palantir-pyspark-data-engineer-tata-consultancy-services-hyderabad-pune-bengaluru-5-to-9-years-220126039954,2026-06-04T15:54:27.842277
Naukri,data engineer,"Walk-in || Hadoop, Spark, Scala - Data Engineer",Tata Consultancy Services,,,,,,Bengaluru,Data Engineering | Hadoop | SCALA | HDFS | Spark | Azure | Hive | Kafka,,1 day ago,3.3,https://www.naukri.com/job-listings-hadoop-spark-scala-data-engineer-tata-consultancy-services-bengaluru-5-to-10-years-020326027899,2026-06-04T15:54:27.842756
Naukri,data engineer,Data Engineer,Rolls-Royce,6-11 Yrs,,,,,Bengaluru,Supply chain | MS SQL | Linux | Data management | Data modeling | RDBMS | Agile | microsoft,,1 day ago,3.8,https://www.naukri.com/job-listings-data-engineer-rolls-royce-india-private-ltd-bengaluru-6-to-11-years-030626502032,2026-06-04T15:54:27.843142
Naukri,data engineer,Data Engineer,Accenture,2-7 Yrs,,,,,Hyderabad,Compliance | Azure | Automation | Data Pipelines | Architecture | Data Management | Data Integration | Data Quality,,Few hours ago,3.7,https://www.naukri.com/job-listings-data-engineer-accenture-solutions-pvt-ltd-hyderabad-2-to-7-years-040626918824,2026-06-04T15:54:27.843529
Naukri,data engineer,Data Engineers & Architects,Exalans And Hunar Corporate Solutions,7-12 Yrs,,,,,"Kochi, Bengaluru, Thiruvananthapuram",Data Engineering | Python | Etl Pipelines | Architecture | ETL | Pipeline | Data architecture | Data,,3+ weeks ago,,https://www.naukri.com/job-listings-data-engineers-architects-exalans-and-hunar-corporate-solutions-kochi-bengaluru-thiruvananthapuram-7-to-12-years-060526014370,2026-06-04T15:54:27.843929
Naukri,data engineer,Pyspark -Palantir Core- Data Engineer,Tata Consultancy Services,6-10 Yrs,,,,,"Pune, Bengaluru, Mumbai (All Areas)",Pyspark | Data Engineering | AWS | SQL | Snowflake | Data Bricks | Python | Bricks,,3+ weeks ago,3.3,https://www.naukri.com/job-listings-pyspark-palantir-core-data-engineer-tata-consultancy-services-pune-bengaluru-mumbai-all-areas-6-to-10-years-090326005611,2026-06-04T15:54:27.844325
Naukri,data engineer,Data Engineer,Accenture,15-20 Yrs,,,,,Navi Mumbai,pyspark | data engineering | data pipeline architecture | etl | data integration | hive | python | data analysis,,3+ weeks ago,3.7,https://www.naukri.com/job-listings-data-engineer-accenture-solutions-pvt-ltd-navi-mumbai-15-to-20-years-040526917231,2026-06-04T15:54:27.844723
Naukri,data engineer,Manager / Data Engineer-Data Architect,Benovymed Healthcare,3-15 Yrs,,,,,New Delhi,C++ | Data analysis | Data management | Data modeling | MySQL | Healthcare | Perl | Analytics,,3+ weeks ago,,https://www.naukri.com/job-listings-manager-data-engineer-data-architect-benovymed-healthcare-new-delhi-3-to-15-years-010525502789,2026-06-04T15:54:27.845076
Naukri,data engineer,Data Engineer,Accenture,5-10 Yrs,,,,,Bengaluru,Data Engineer | Java | Azure | Data Engineering | Data Pipelines | Big Data | Database Design | Programming,,Few hours ago,3.7,https://www.naukri.com/job-listings-data-engineer-accenture-solutions-pvt-ltd-bengaluru-5-to-10-years-040626919243,2026-06-04T15:54:27.845461
Naukri,data engineer,Data Engineer,Accenture,2-4 Yrs,,,,,Navi Mumbai,pyspark | database design | data modeling | design principles | aws | hive | snowflake | python,,1 week ago,3.7,https://www.naukri.com/job-listings-data-engineer-accenture-solutions-pvt-ltd-navi-mumbai-2-to-4-years-250526919452,2026-06-04T15:54:27.845845
Naukri,data engineer,Data Engineer,Trigent Software,5-10 Yrs,,,,,Hybrid - Bengaluru,GCP Cloud | Python | Software Development | Data Engineering | SQL | Software | Cloud | GCP,,2 days ago,,https://www.naukri.com/job-listings-data-engineer-trigent-software-bengaluru-5-to-10-years-020626007058,2026-06-04T15:54:27.846249
Naukri,data engineer,Data Engineer,Globallogic,8-13 Yrs,,,,,"Pune, Chennai, Bengaluru",Data Engineering | Data Modeling | Spark | Advance Sql | Python | SQL | Modeling | Engineering,,2 days ago,3.5,https://www.naukri.com/job-listings-data-engineer-globallogic-pune-chennai-bengaluru-8-to-13-years-020626009474,2026-06-04T15:54:27.846634
Naukri,data engineer,Big Data Developer/ Big Data Engineer,Tata Consultancy Services,8-13 Yrs,,,,,"Chennai, Coimbatore, Bengaluru",Pyspark | Hive | Hadoop | Big Data | Spark | SCALA | Big Data Ecosystem | SQL,,2 days ago,3.3,https://www.naukri.com/job-listings-big-data-developer-big-data-engineer-tata-consultancy-services-chennai-coimbatore-bengaluru-8-to-13-years-010626025323,2026-06-04T15:54:27.847016
Naukri,data engineer,Data Engineer / Architect,Bahwan CyberTek,5-10 Yrs,,,,,Chennai,cd | continuous integration | python | functional | azure data lake | data | workflow | glue,,6 days ago,3.3,https://www.naukri.com/job-listings-data-engineer-architect-bahwan-cybertek-chennai-5-to-10-years-280526031920,2026-06-04T15:54:27.847401
Naukri,data engineer,Data Engineer / Architect,Bahwan CyberTek,5-10 Yrs,,,,,Chennai,Automation | metadata | github | orchestration | Data modeling | Active directory | data governance | JIRA,,5 days ago,3.3,https://www.naukri.com/job-listings-data-engineer-architect-bahwan-cybertek-chennai-5-to-10-years-290526505769,2026-06-04T15:54:27.847790
Naukri,data engineer,Data Engineer,Big 4 Consulting Firm,5-10 Yrs,,,,,"Hybrid - Indore, Bengaluru, Mumbai (All Areas)",Data Bricks | Data Engineering | Python | Data | Bricks | Engineering,,5 days ago,,https://www.naukri.com/job-listings-data-engineer-anlage-infotech-indore-bengaluru-mumbai-all-areas-5-to-10-years-290526023124,2026-06-04T15:54:27.848157
Naukri,data engineer,Data Engineer,Google,0 Yrs,,,,,Bengaluru,Product management | Product engineering | Analytical | Machine learning | Data structures | Data processing | Data quality | Data mining,,3+ weeks ago,4.4,https://www.naukri.com/job-listings-data-engineer-google-india-private-limited-bengaluru-0-to-0-years-090725503768,2026-06-04T15:54:49.750752
Naukri,data engineer,Azure Data Engineer or Big data developer,HCLTech,7-12 Yrs,,,,,"Pune, Chennai, Bengaluru",Pyspark | Data Engineering | Software Engineering | Big Data | Spark | Data Bricks | Python | Software,,2 weeks ago,3.4,https://www.naukri.com/job-listings-azure-data-engineer-or-big-data-developer-hcltech-pune-chennai-bengaluru-7-to-12-years-130526041399,2026-06-04T15:54:49.751315
Naukri,data engineer,BI Developer- Data Engineer,Tata Consultancy Services,6-10 Yrs,,,,,"Pune, Chennai, Bengaluru",T-SQL | Power Bi | SSAS | Dax | Data Modeling | Microsoft Technology Ecosystem | GIT | Visual Studio,,1 week ago,3.3,https://www.naukri.com/job-listings-bi-developer-data-engineer-tata-consultancy-services-pune-chennai-bengaluru-6-to-10-years-050426004042,2026-06-04T15:54:49.751720
Naukri,data engineer,Data Engineer,IQVIA,6-11 Yrs,,,,,"Hybrid - Pune, Gurugram, Bengaluru",Pyspark | Data Engineering | Data Bricks | SQL | Azure | Azure Databricks | Azure Data Factory | Azure Synapse,,1 day ago,3.7,https://www.naukri.com/job-listings-data-engineer-iqvia-pune-gurugram-bengaluru-6-to-11-years-110325014320,2026-06-04T15:54:49.752111
Naukri,data engineer,Palantir -Pyspark Data Engineer,Tata Consultancy Services,5-9 Yrs,,,,,"Hyderabad, Pune, Bengaluru",Pyspark | Palantir | AWS | Ontology | Contour | Palantir Foundry | Python | Foundry,,1 week ago,3.3,https://www.naukri.com/job-listings-palantir-pyspark-data-engineer-tata-consultancy-services-hyderabad-pune-bengaluru-5-to-9-years-220126039954,2026-06-04T15:54:49.752681
Naukri,data engineer,"Walk-in || Hadoop, Spark, Scala - Data Engineer",Tata Consultancy Services,,,,,,Bengaluru,Data Engineering | Hadoop | SCALA | HDFS | Spark | Azure | Hive | Kafka,,1 day ago,3.3,https://www.naukri.com/job-listings-hadoop-spark-scala-data-engineer-tata-consultancy-services-bengaluru-5-to-10-years-020326027899,2026-06-04T15:54:49.753213
Naukri,data engineer,Data Engineer,Rolls-Royce,6-11 Yrs,,,,,Bengaluru,Supply chain | MS SQL | Linux | Data management | Data modeling | RDBMS | Agile | microsoft,,1 day ago,3.8,https://www.naukri.com/job-listings-data-engineer-rolls-royce-india-private-ltd-bengaluru-6-to-11-years-030626502032,2026-06-04T15:54:49.753611
Naukri,data engineer,Data Engineer,Accenture,2-7 Yrs,,,,,Hyderabad,Compliance | Azure | Automation | Data Pipelines | Architecture | Data Management | Data Integration | Data Quality,,Few hours ago,3.7,https://www.naukri.com/job-listings-data-engineer-accenture-solutions-pvt-ltd-hyderabad-2-to-7-years-040626918824,2026-06-04T15:54:49.754001
Naukri,data engineer,Data Engineers & Architects,Exalans And Hunar Corporate Solutions,7-12 Yrs,,,,,"Kochi, Bengaluru, Thiruvananthapuram",Data Engineering | Python | Etl Pipelines | Architecture | ETL | Pipeline | Data architecture | Data,,3+ weeks ago,,https://www.naukri.com/job-listings-data-engineers-architects-exalans-and-hunar-corporate-solutions-kochi-bengaluru-thiruvananthapuram-7-to-12-years-060526014370,2026-06-04T15:54:49.754403
Naukri,data engineer,Pyspark -Palantir Core- Data Engineer,Tata Consultancy Services,6-10 Yrs,,,,,"Pune, Bengaluru, Mumbai (All Areas)",Pyspark | Data Engineering | AWS | SQL | Snowflake | Data Bricks | Python | Bricks,,3+ weeks ago,3.3,https://www.naukri.com/job-listings-pyspark-palantir-core-data-engineer-tata-consultancy-services-pune-bengaluru-mumbai-all-areas-6-to-10-years-090326005611,2026-06-04T15:54:49.754796
Naukri,data engineer,Data Engineer,Accenture,15-20 Yrs,,,,,Navi Mumbai,pyspark | data engineering | data pipeline architecture | etl | data integration | hive | python | data analysis,,3+ weeks ago,3.7,https://www.naukri.com/job-listings-data-engineer-accenture-solutions-pvt-ltd-navi-mumbai-15-to-20-years-040526917231,2026-06-04T15:54:49.755200
Naukri,data engineer,Manager / Data Engineer-Data Architect,Benovymed Healthcare,3-15 Yrs,,,,,New Delhi,C++ | Data analysis | Data management | Data modeling | MySQL | Healthcare | Perl | Analytics,,3+ weeks ago,,https://www.naukri.com/job-listings-manager-data-engineer-data-architect-benovymed-healthcare-new-delhi-3-to-15-years-010525502789,2026-06-04T15:54:49.755558
Naukri,data engineer,Data Engineer,Accenture,5-10 Yrs,,,,,Bengaluru,Data Engineer | Java | Azure | Data Engineering | Data Pipelines | Big Data | Database Design | Programming,,Few hours ago,3.7,https://www.naukri.com/job-listings-data-engineer-accenture-solutions-pvt-ltd-bengaluru-5-to-10-years-040626919243,2026-06-04T15:54:49.755947
Naukri,data engineer,Data Engineer,Accenture,2-4 Yrs,,,,,Navi Mumbai,pyspark | database design | data modeling | design principles | aws | hive | snowflake | python,,1 week ago,3.7,https://www.naukri.com/job-listings-data-engineer-accenture-solutions-pvt-ltd-navi-mumbai-2-to-4-years-250526919452,2026-06-04T15:54:49.756343
Naukri,data engineer,Data Engineer,Trigent Software,5-10 Yrs,,,,,Hybrid - Bengaluru,GCP Cloud | Python | Software Development | Data Engineering | SQL | Software | Cloud | GCP,,2 days ago,,https://www.naukri.com/job-listings-data-engineer-trigent-software-bengaluru-5-to-10-years-020626007058,2026-06-04T15:54:49.756748
Naukri,data engineer,Data Engineer,Globallogic,8-13 Yrs,,,,,"Pune, Chennai, Bengaluru",Data Engineering | Data Modeling | Spark | Advance Sql | Python | SQL | Modeling | Engineering,,2 days ago,3.5,https://www.naukri.com/job-listings-data-engineer-globallogic-pune-chennai-bengaluru-8-to-13-years-020626009474,2026-06-04T15:54:49.757131
Naukri,data engineer,Big Data Developer/ Big Data Engineer,Tata Consultancy Services,8-13 Yrs,,,,,"Chennai, Coimbatore, Bengaluru",Pyspark | Hive | Hadoop | Big Data | Spark | SCALA | Big Data Ecosystem | SQL,,2 days ago,3.3,https://www.naukri.com/job-listings-big-data-developer-big-data-engineer-tata-consultancy-services-chennai-coimbatore-bengaluru-8-to-13-years-010626025323,2026-06-04T15:54:49.757526
Naukri,data engineer,Data Engineer / Architect,Bahwan CyberTek,5-10 Yrs,,,,,Chennai,cd | continuous integration | python | functional | azure data lake | data | workflow | glue,,6 days ago,3.3,https://www.naukri.com/job-listings-data-engineer-architect-bahwan-cybertek-chennai-5-to-10-years-280526031920,2026-06-04T15:54:49.757914
Naukri,data engineer,Data Engineer / Architect,Bahwan CyberTek,5-10 Yrs,,,,,Chennai,Automation | metadata | github | orchestration | Data modeling | Active directory | data governance | JIRA,,5 days ago,3.3,https://www.naukri.com/job-listings-data-engineer-architect-bahwan-cybertek-chennai-5-to-10-years-290526505769,2026-06-04T15:54:49.758317
Naukri,data engineer,Data Engineer,Big 4 Consulting Firm,5-10 Yrs,,,,,"Hybrid - Indore, Bengaluru, Mumbai (All Areas)",Data Bricks | Data Engineering | Python | Data | Bricks | Engineering,,5 days ago,,https://www.naukri.com/job-listings-data-engineer-anlage-infotech-indore-bengaluru-mumbai-all-areas-5-to-10-years-290526023124,2026-06-04T15:54:49.758687
Naukri,data engineer,Data Engineer,Google,0 Yrs,,,,,Bengaluru,Product management | Product engineering | Analytical | Machine learning | Data structures | Data processing | Data quality | Data mining,,3+ weeks ago,4.4,https://www.naukri.com/job-listings-data-engineer-google-india-private-limited-bengaluru-0-to-0-years-090725503768,2026-06-04T15:55:11.315204
Naukri,data engineer,Azure Data Engineer or Big data developer,HCLTech,7-12 Yrs,,,,,"Pune, Chennai, Bengaluru",Pyspark | Data Engineering | Software Engineering | Big Data | Spark | Data Bricks | Python | Software,,2 weeks ago,3.4,https://www.naukri.com/job-listings-azure-data-engineer-or-big-data-developer-hcltech-pune-chennai-bengaluru-7-to-12-years-130526041399,2026-06-04T15:55:11.315614
Naukri,data engineer,BI Developer- Data Engineer,Tata Consultancy Services,6-10 Yrs,,,,,"Pune, Chennai, Bengaluru",T-SQL | Power Bi | SSAS | Dax | Data Modeling | Microsoft Technology Ecosystem | GIT | Visual Studio,,1 week ago,3.3,https://www.naukri.com/job-listings-bi-developer-data-engineer-tata-consultancy-services-pune-chennai-bengaluru-6-to-10-years-050426004042,2026-06-04T15:55:11.316006
Naukri,data engineer,Data Engineer,IQVIA,6-11 Yrs,,,,,"Hybrid - Pune, Gurugram, Bengaluru",Pyspark | Data Engineering | Data Bricks | SQL | Azure | Azure Databricks | Azure Data Factory | Azure Synapse,,1 day ago,3.7,https://www.naukri.com/job-listings-data-engineer-iqvia-pune-gurugram-bengaluru-6-to-11-years-110325014320,2026-06-04T15:55:11.316426
Naukri,data engineer,Palantir -Pyspark Data Engineer,Tata Consultancy Services,5-9 Yrs,,,,,"Hyderabad, Pune, Bengaluru",Pyspark | Palantir | AWS | Ontology | Contour | Palantir Foundry | Python | Foundry,,1 week ago,3.3,https://www.naukri.com/job-listings-palantir-pyspark-data-engineer-tata-consultancy-services-hyderabad-pune-bengaluru-5-to-9-years-220126039954,2026-06-04T15:55:11.316810
Naukri,data engineer,"Walk-in || Hadoop, Spark, Scala - Data Engineer",Tata Consultancy Services,,,,,,Bengaluru,Data Engineering | Hadoop | SCALA | HDFS | Spark | Azure | Hive | Kafka,,1 day ago,3.3,https://www.naukri.com/job-listings-hadoop-spark-scala-data-engineer-tata-consultancy-services-bengaluru-5-to-10-years-020326027899,2026-06-04T15:55:11.317295
Naukri,data engineer,Data Engineer,Rolls-Royce,6-11 Yrs,,,,,Bengaluru,Supply chain | MS SQL | Linux | Data management | Data modeling | RDBMS | Agile | microsoft,,1 day ago,3.8,https://www.naukri.com/job-listings-data-engineer-rolls-royce-india-private-ltd-bengaluru-6-to-11-years-030626502032,2026-06-04T15:55:11.317678
Naukri,data engineer,Data Engineer,Accenture,2-7 Yrs,,,,,Hyderabad,Compliance | Azure | Automation | Data Pipelines | Architecture | Data Management | Data Integration | Data Quality,,Few hours ago,3.7,https://www.naukri.com/job-listings-data-engineer-accenture-solutions-pvt-ltd-hyderabad-2-to-7-years-040626918824,2026-06-04T15:55:11.318077
Naukri,data engineer,Data Engineers & Architects,Exalans And Hunar Corporate Solutions,7-12 Yrs,,,,,"Kochi, Bengaluru, Thiruvananthapuram",Data Engineering | Python | Etl Pipelines | Architecture | ETL | Pipeline | Data architecture | Data,,3+ weeks ago,,https://www.naukri.com/job-listings-data-engineers-architects-exalans-and-hunar-corporate-solutions-kochi-bengaluru-thiruvananthapuram-7-to-12-years-060526014370,2026-06-04T15:55:11.318527
Naukri,data engineer,Pyspark -Palantir Core- Data Engineer,Tata Consultancy Services,6-10 Yrs,,,,,"Pune, Bengaluru, Mumbai (All Areas)",Pyspark | Data Engineering | AWS | SQL | Snowflake | Data Bricks | Python | Bricks,,3+ weeks ago,3.3,https://www.naukri.com/job-listings-pyspark-palantir-core-data-engineer-tata-consultancy-services-pune-bengaluru-mumbai-all-areas-6-to-10-years-090326005611,2026-06-04T15:55:11.318918
Naukri,data engineer,Data Engineer,Accenture,15-20 Yrs,,,,,Navi Mumbai,pyspark | data engineering | data pipeline architecture | etl | data integration | hive | python | data analysis,,3+ weeks ago,3.7,https://www.naukri.com/job-listings-data-engineer-accenture-solutions-pvt-ltd-navi-mumbai-15-to-20-years-040526917231,2026-06-04T15:55:11.319322
Naukri,data engineer,Manager / Data Engineer-Data Architect,Benovymed Healthcare,3-15 Yrs,,,,,New Delhi,C++ | Data analysis | Data management | Data modeling | MySQL | Healthcare | Perl | Analytics,,3+ weeks ago,,https://www.naukri.com/job-listings-manager-data-engineer-data-architect-benovymed-healthcare-new-delhi-3-to-15-years-010525502789,2026-06-04T15:55:11.319675
Naukri,data engineer,Data Engineer,Accenture,5-10 Yrs,,,,,Bengaluru,Data Engineer | Java | Azure | Data Engineering | Data Pipelines | Big Data | Database Design | Programming,,Few hours ago,3.7,https://www.naukri.com/job-listings-data-engineer-accenture-solutions-pvt-ltd-bengaluru-5-to-10-years-040626919243,2026-06-04T15:55:11.320060
Naukri,data engineer,Data Engineer,Accenture,2-4 Yrs,,,,,Navi Mumbai,pyspark | database design | data modeling | design principles | aws | hive | snowflake | python,,1 week ago,3.7,https://www.naukri.com/job-listings-data-engineer-accenture-solutions-pvt-ltd-navi-mumbai-2-to-4-years-250526919452,2026-06-04T15:55:11.320445
Naukri,data engineer,Data Engineer,Trigent Software,5-10 Yrs,,,,,Hybrid - Bengaluru,GCP Cloud | Python | Software Development | Data Engineering | SQL | Software | Cloud | GCP,,2 days ago,,https://www.naukri.com/job-listings-data-engineer-trigent-software-bengaluru-5-to-10-years-020626007058,2026-06-04T15:55:11.320851
Naukri,data engineer,Data Engineer,Globallogic,8-13 Yrs,,,,,"Pune, Chennai, Bengaluru",Data Engineering | Data Modeling | Spark | Advance Sql | Python | SQL | Modeling | Engineering,,2 days ago,3.5,https://www.naukri.com/job-listings-data-engineer-globallogic-pune-chennai-bengaluru-8-to-13-years-020626009474,2026-06-04T15:55:11.321243
Naukri,data engineer,Big Data Developer/ Big Data Engineer,Tata Consultancy Services,8-13 Yrs,,,,,"Chennai, Coimbatore, Bengaluru",Pyspark | Hive | Hadoop | Big Data | Spark | SCALA | Big Data Ecosystem | SQL,,2 days ago,3.3,https://www.naukri.com/job-listings-big-data-developer-big-data-engineer-tata-consultancy-services-chennai-coimbatore-bengaluru-8-to-13-years-010626025323,2026-06-04T15:55:11.321631
Naukri,data engineer,Data Engineer / Architect,Bahwan CyberTek,5-10 Yrs,,,,,Chennai,cd | continuous integration | python | functional | azure data lake | data | workflow | glue,,6 days ago,3.3,https://www.naukri.com/job-listings-data-engineer-architect-bahwan-cybertek-chennai-5-to-10-years-280526031920,2026-06-04T15:55:11.322017
Naukri,data engineer,Data Engineer / Architect,Bahwan CyberTek,5-10 Yrs,,,,,Chennai,Automation | metadata | github | orchestration | Data modeling | Active directory | data governance | JIRA,,5 days ago,3.3,https://www.naukri.com/job-listings-data-engineer-architect-bahwan-cybertek-chennai-5-to-10-years-290526505769,2026-06-04T15:55:11.322401
Naukri,data engineer,Data Engineer,Big 4 Consulting Firm,5-10 Yrs,,,,,"Hybrid - Indore, Bengaluru, Mumbai (All Areas)",Data Bricks | Data Engineering | Python | Data | Bricks | Engineering,,5 days ago,,https://www.naukri.com/job-listings-data-engineer-anlage-infotech-indore-bengaluru-mumbai-all-areas-5-to-10-years-290526023124,2026-06-04T15:55:11.322758
Naukri,data engineer,Data Engineer,Google,0 Yrs,,,,,Bengaluru,Product management | Product engineering | Analytical | Machine learning | Data structures | Data processing | Data quality | Data mining,,3+ weeks ago,4.4,https://www.naukri.com/job-listings-data-engineer-google-india-private-limited-bengaluru-0-to-0-years-090725503768,2026-06-04T15:55:33.228027
Naukri,data engineer,Azure Data Engineer or Big data developer,HCLTech,7-12 Yrs,,,,,"Pune, Chennai, Bengaluru",Pyspark | Data Engineering | Software Engineering | Big Data | Spark | Data Bricks | Python | Software,,2 weeks ago,3.4,https://www.naukri.com/job-listings-azure-data-engineer-or-big-data-developer-hcltech-pune-chennai-bengaluru-7-to-12-years-130526041399,2026-06-04T15:55:33.228527
Naukri,data engineer,BI Developer- Data Engineer,Tata Consultancy Services,6-10 Yrs,,,,,"Pune, Chennai, Bengaluru",T-SQL | Power Bi | SSAS | Dax | Data Modeling | Microsoft Technology Ecosystem | GIT | Visual Studio,,1 week ago,3.3,https://www.naukri.com/job-listings-bi-developer-data-engineer-tata-consultancy-services-pune-chennai-bengaluru-6-to-10-years-050426004042,2026-06-04T15:55:33.228951
Naukri,data engineer,Data Engineer,IQVIA,6-11 Yrs,,,,,"Hybrid - Pune, Gurugram, Bengaluru",Pyspark | Data Engineering | Data Bricks | SQL | Azure | Azure Databricks | Azure Data Factory | Azure Synapse,,1 day ago,3.7,https://www.naukri.com/job-listings-data-engineer-iqvia-pune-gurugram-bengaluru-6-to-11-years-110325014320,2026-06-04T15:55:33.229338
Naukri,data engineer,Palantir -Pyspark Data Engineer,Tata Consultancy Services,5-9 Yrs,,,,,"Hyderabad, Pune, Bengaluru",Pyspark | Palantir | AWS | Ontology | Contour | Palantir Foundry | Python | Foundry,,1 week ago,3.3,https://www.naukri.com/job-listings-palantir-pyspark-data-engineer-tata-consultancy-services-hyderabad-pune-bengaluru-5-to-9-years-220126039954,2026-06-04T15:55:33.229725
Naukri,data engineer,"Walk-in || Hadoop, Spark, Scala - Data Engineer",Tata Consultancy Services,,,,,,Bengaluru,Data Engineering | Hadoop | SCALA | HDFS | Spark | Azure | Hive | Kafka,,1 day ago,3.3,https://www.naukri.com/job-listings-hadoop-spark-scala-data-engineer-tata-consultancy-services-bengaluru-5-to-10-years-020326027899,2026-06-04T15:55:33.230205
Naukri,data engineer,Data Engineer,Rolls-Royce,6-11 Yrs,,,,,Bengaluru,Supply chain | MS SQL | Linux | Data management | Data modeling | RDBMS | Agile | microsoft,,1 day ago,3.8,https://www.naukri.com/job-listings-data-engineer-rolls-royce-india-private-ltd-bengaluru-6-to-11-years-030626502032,2026-06-04T15:55:33.230688
Naukri,data engineer,Data Engineer,Accenture,2-7 Yrs,,,,,Hyderabad,Compliance | Azure | Automation | Data Pipelines | Architecture | Data Management | Data Integration | Data Quality,,Few hours ago,3.7,https://www.naukri.com/job-listings-data-engineer-accenture-solutions-pvt-ltd-hyderabad-2-to-7-years-040626918824,2026-06-04T15:55:33.231082
Naukri,data engineer,Data Engineers & Architects,Exalans And Hunar Corporate Solutions,7-12 Yrs,,,,,"Kochi, Bengaluru, Thiruvananthapuram",Data Engineering | Python | Etl Pipelines | Architecture | ETL | Pipeline | Data architecture | Data,,3+ weeks ago,,https://www.naukri.com/job-listings-data-engineers-architects-exalans-and-hunar-corporate-solutions-kochi-bengaluru-thiruvananthapuram-7-to-12-years-060526014370,2026-06-04T15:55:33.231469
Naukri,data engineer,Pyspark -Palantir Core- Data Engineer,Tata Consultancy Services,6-10 Yrs,,,,,"Pune, Bengaluru, Mumbai (All Areas)",Pyspark | Data Engineering | AWS | SQL | Snowflake | Data Bricks | Python | Bricks,,3+ weeks ago,3.3,https://www.naukri.com/job-listings-pyspark-palantir-core-data-engineer-tata-consultancy-services-pune-bengaluru-mumbai-all-areas-6-to-10-years-090326005611,2026-06-04T15:55:33.231865
Naukri,data engineer,Data Engineer,Accenture,15-20 Yrs,,,,,Navi Mumbai,pyspark | data engineering | data pipeline architecture | etl | data integration | hive | python | data analysis,,3+ weeks ago,3.7,https://www.naukri.com/job-listings-data-engineer-accenture-solutions-pvt-ltd-navi-mumbai-15-to-20-years-040526917231,2026-06-04T15:55:33.232251
Naukri,data engineer,Manager / Data Engineer-Data Architect,Benovymed Healthcare,3-15 Yrs,,,,,New Delhi,C++ | Data analysis | Data management | Data modeling | MySQL | Healthcare | Perl | Analytics,,3+ weeks ago,,https://www.naukri.com/job-listings-manager-data-engineer-data-architect-benovymed-healthcare-new-delhi-3-to-15-years-010525502789,2026-06-04T15:55:33.232608
Naukri,data engineer,Data Engineer,Accenture,5-10 Yrs,,,,,Bengaluru,Data Engineer | Java | Azure | Data Engineering | Data Pipelines | Big Data | Database Design | Programming,,Few hours ago,3.7,https://www.naukri.com/job-listings-data-engineer-accenture-solutions-pvt-ltd-bengaluru-5-to-10-years-040626919243,2026-06-04T15:55:33.232992
Naukri,data engineer,Data Engineer,Accenture,2-4 Yrs,,,,,Navi Mumbai,pyspark | database design | data modeling | design principles | aws | hive | snowflake | python,,1 week ago,3.7,https://www.naukri.com/job-listings-data-engineer-accenture-solutions-pvt-ltd-navi-mumbai-2-to-4-years-250526919452,2026-06-04T15:55:33.233377
Naukri,data engineer,Data Engineer,Trigent Software,5-10 Yrs,,,,,Hybrid - Bengaluru,GCP Cloud | Python | Software Development | Data Engineering | SQL | Software | Cloud | GCP,,2 days ago,,https://www.naukri.com/job-listings-data-engineer-trigent-software-bengaluru-5-to-10-years-020626007058,2026-06-04T15:55:33.233778
Naukri,data engineer,Data Engineer,Globallogic,8-13 Yrs,,,,,"Pune, Chennai, Bengaluru",Data Engineering | Data Modeling | Spark | Advance Sql | Python | SQL | Modeling | Engineering,,2 days ago,3.5,https://www.naukri.com/job-listings-data-engineer-globallogic-pune-chennai-bengaluru-8-to-13-years-020626009474,2026-06-04T15:55:33.234164
Naukri,data engineer,Big Data Developer/ Big Data Engineer,Tata Consultancy Services,8-13 Yrs,,,,,"Chennai, Coimbatore, Bengaluru",Pyspark | Hive | Hadoop | Big Data | Spark | SCALA | Big Data Ecosystem | SQL,,2 days ago,3.3,https://www.naukri.com/job-listings-big-data-developer-big-data-engineer-tata-consultancy-services-chennai-coimbatore-bengaluru-8-to-13-years-010626025323,2026-06-04T15:55:33.234550
Naukri,data engineer,Data Engineer / Architect,Bahwan CyberTek,5-10 Yrs,,,,,Chennai,cd | continuous integration | python | functional | azure data lake | data | workflow | glue,,6 days ago,3.3,https://www.naukri.com/job-listings-data-engineer-architect-bahwan-cybertek-chennai-5-to-10-years-280526031920,2026-06-04T15:55:33.234939
Naukri,data engineer,Data Engineer / Architect,Bahwan CyberTek,5-10 Yrs,,,,,Chennai,Automation | metadata | github | orchestration | Data modeling | Active directory | data governance | JIRA,,5 days ago,3.3,https://www.naukri.com/job-listings-data-engineer-architect-bahwan-cybertek-chennai-5-to-10-years-290526505769,2026-06-04T15:55:33.235323
Naukri,data engineer,Data Engineer,Big 4 Consulting Firm,5-10 Yrs,,,,,"Hybrid - Indore, Bengaluru, Mumbai (All Areas)",Data Bricks | Data Engineering | Python | Data | Bricks | Engineering,,5 days ago,,https://www.naukri.com/job-listings-data-engineer-anlage-infotech-indore-bengaluru-mumbai-all-areas-5-to-10-years-290526023124,2026-06-04T15:55:33.235683
Naukri,data engineer,Data Engineer,Google,0 Yrs,,,,,Bengaluru,Product management | Product engineering | Analytical | Machine learning | Data structures | Data processing | Data quality | Data mining,,3+ weeks ago,4.4,https://www.naukri.com/job-listings-data-engineer-google-india-private-limited-bengaluru-0-to-0-years-090725503768,2026-06-04T15:55:54.951776
Naukri,data engineer,Azure Data Engineer or Big data developer,HCLTech,7-12 Yrs,,,,,"Pune, Chennai, Bengaluru",Pyspark | Data Engineering | Software Engineering | Big Data | Spark | Data Bricks | Python | Software,,2 weeks ago,3.4,https://www.naukri.com/job-listings-azure-data-engineer-or-big-data-developer-hcltech-pune-chennai-bengaluru-7-to-12-years-130526041399,2026-06-04T15:55:54.952175
Naukri,data engineer,BI Developer- Data Engineer,Tata Consultancy Services,6-10 Yrs,,,,,"Pune, Chennai, Bengaluru",T-SQL | Power Bi | SSAS | Dax | Data Modeling | Microsoft Technology Ecosystem | GIT | Visual Studio,,1 week ago,3.3,https://www.naukri.com/job-listings-bi-developer-data-engineer-tata-consultancy-services-pune-chennai-bengaluru-6-to-10-years-050426004042,2026-06-04T15:55:54.952616
Naukri,data engineer,Data Engineer,IQVIA,6-11 Yrs,,,,,"Hybrid - Pune, Gurugram, Bengaluru",Pyspark | Data Engineering | Data Bricks | SQL | Azure | Azure Databricks | Azure Data Factory | Azure Synapse,,1 day ago,3.7,https://www.naukri.com/job-listings-data-engineer-iqvia-pune-gurugram-bengaluru-6-to-11-years-110325014320,2026-06-04T15:55:54.953138
Naukri,data engineer,Palantir -Pyspark Data Engineer,Tata Consultancy Services,5-9 Yrs,,,,,"Hyderabad, Pune, Bengaluru",Pyspark | Palantir | AWS | Ontology | Contour | Palantir Foundry | Python | Foundry,,1 week ago,3.3,https://www.naukri.com/job-listings-palantir-pyspark-data-engineer-tata-consultancy-services-hyderabad-pune-bengaluru-5-to-9-years-220126039954,2026-06-04T15:55:54.953549
Naukri,data engineer,"Walk-in || Hadoop, Spark, Scala - Data Engineer",Tata Consultancy Services,,,,,,Bengaluru,Data Engineering | Hadoop | SCALA | HDFS | Spark | Azure | Hive | Kafka,,1 day ago,3.3,https://www.naukri.com/job-listings-hadoop-spark-scala-data-engineer-tata-consultancy-services-bengaluru-5-to-10-years-020326027899,2026-06-04T15:55:54.954054
Naukri,data engineer,Data Engineer,Rolls-Royce,6-11 Yrs,,,,,Bengaluru,Supply chain | MS SQL | Linux | Data management | Data modeling | RDBMS | Agile | microsoft,,1 day ago,3.8,https://www.naukri.com/job-listings-data-engineer-rolls-royce-india-private-ltd-bengaluru-6-to-11-years-030626502032,2026-06-04T15:55:54.954444
Naukri,data engineer,Data Engineer,Accenture,2-7 Yrs,,,,,Hyderabad,Compliance | Azure | Automation | Data Pipelines | Architecture | Data Management | Data Integration | Data Quality,,Few hours ago,3.7,https://www.naukri.com/job-listings-data-engineer-accenture-solutions-pvt-ltd-hyderabad-2-to-7-years-040626918824,2026-06-04T15:55:54.954834
Naukri,data engineer,Data Engineers & Architects,Exalans And Hunar Corporate Solutions,7-12 Yrs,,,,,"Kochi, Bengaluru, Thiruvananthapuram",Data Engineering | Python | Etl Pipelines | Architecture | ETL | Pipeline | Data architecture | Data,,3+ weeks ago,,https://www.naukri.com/job-listings-data-engineers-architects-exalans-and-hunar-corporate-solutions-kochi-bengaluru-thiruvananthapuram-7-to-12-years-060526014370,2026-06-04T15:55:54.955217
Naukri,data engineer,Pyspark -Palantir Core- Data Engineer,Tata Consultancy Services,6-10 Yrs,,,,,"Pune, Bengaluru, Mumbai (All Areas)",Pyspark | Data Engineering | AWS | SQL | Snowflake | Data Bricks | Python | Bricks,,3+ weeks ago,3.3,https://www.naukri.com/job-listings-pyspark-palantir-core-data-engineer-tata-consultancy-services-pune-bengaluru-mumbai-all-areas-6-to-10-years-090326005611,2026-06-04T15:55:54.955606
Naukri,data engineer,Data Engineer,Accenture,15-20 Yrs,,,,,Navi Mumbai,pyspark | data engineering | data pipeline architecture | etl | data integration | hive | python | data analysis,,3+ weeks ago,3.7,https://www.naukri.com/job-listings-data-engineer-accenture-solutions-pvt-ltd-navi-mumbai-15-to-20-years-040526917231,2026-06-04T15:55:54.955992
Naukri,data engineer,Manager / Data Engineer-Data Architect,Benovymed Healthcare,3-15 Yrs,,,,,New Delhi,C++ | Data analysis | Data management | Data modeling | MySQL | Healthcare | Perl | Analytics,,3+ weeks ago,,https://www.naukri.com/job-listings-manager-data-engineer-data-architect-benovymed-healthcare-new-delhi-3-to-15-years-010525502789,2026-06-04T15:55:54.956343
Naukri,data engineer,Data Engineer,Accenture,5-10 Yrs,,,,,Bengaluru,Data Engineer | Java | Azure | Data Engineering | Data Pipelines | Big Data | Database Design | Programming,,Few hours ago,3.7,https://www.naukri.com/job-listings-data-engineer-accenture-solutions-pvt-ltd-bengaluru-5-to-10-years-040626919243,2026-06-04T15:55:54.956727
Naukri,data engineer,Data Engineer,Accenture,2-4 Yrs,,,,,Navi Mumbai,pyspark | database design | data modeling | design principles | aws | hive | snowflake | python,,1 week ago,3.7,https://www.naukri.com/job-listings-data-engineer-accenture-solutions-pvt-ltd-navi-mumbai-2-to-4-years-250526919452,2026-06-04T15:55:54.957109
Naukri,data engineer,Data Engineer,Trigent Software,5-10 Yrs,,,,,Hybrid - Bengaluru,GCP Cloud | Python | Software Development | Data Engineering | SQL | Software | Cloud | GCP,,2 days ago,,https://www.naukri.com/job-listings-data-engineer-trigent-software-bengaluru-5-to-10-years-020626007058,2026-06-04T15:55:54.957514
Naukri,data engineer,Data Engineer,Globallogic,8-13 Yrs,,,,,"Pune, Chennai, Bengaluru",Data Engineering | Data Modeling | Spark | Advance Sql | Python | SQL | Modeling | Engineering,,2 days ago,3.5,https://www.naukri.com/job-listings-data-engineer-globallogic-pune-chennai-bengaluru-8-to-13-years-020626009474,2026-06-04T15:55:54.957900
Naukri,data engineer,Big Data Developer/ Big Data Engineer,Tata Consultancy Services,8-13 Yrs,,,,,"Chennai, Coimbatore, Bengaluru",Pyspark | Hive | Hadoop | Big Data | Spark | SCALA | Big Data Ecosystem | SQL,,2 days ago,3.3,https://www.naukri.com/job-listings-big-data-developer-big-data-engineer-tata-consultancy-services-chennai-coimbatore-bengaluru-8-to-13-years-010626025323,2026-06-04T15:55:54.958281
Naukri,data engineer,Data Engineer / Architect,Bahwan CyberTek,5-10 Yrs,,,,,Chennai,cd | continuous integration | python | functional | azure data lake | data | workflow | glue,,6 days ago,3.3,https://www.naukri.com/job-listings-data-engineer-architect-bahwan-cybertek-chennai-5-to-10-years-280526031920,2026-06-04T15:55:54.958670
Naukri,data engineer,Data Engineer / Architect,Bahwan CyberTek,5-10 Yrs,,,,,Chennai,Automation | metadata | github | orchestration | Data modeling | Active directory | data governance | JIRA,,5 days ago,3.3,https://www.naukri.com/job-listings-data-engineer-architect-bahwan-cybertek-chennai-5-to-10-years-290526505769,2026-06-04T15:55:54.959053
Naukri,data engineer,Data Engineer,Big 4 Consulting Firm,5-10 Yrs,,,,,"Hybrid - Indore, Bengaluru, Mumbai (All Areas)",Data Bricks | Data Engineering | Python | Data | Bricks | Engineering,,5 days ago,,https://www.naukri.com/job-listings-data-engineer-anlage-infotech-indore-bengaluru-mumbai-all-areas-5-to-10-years-290526023124,2026-06-04T15:55:54.959410
Naukri,data engineer,Data Engineer,Google,0 Yrs,,,,,Bengaluru,Product management | Product engineering | Analytical | Machine learning | Data structures | Data processing | Data quality | Data mining,,3+ weeks ago,4.4,https://www.naukri.com/job-listings-data-engineer-google-india-private-limited-bengaluru-0-to-0-years-090725503768,2026-06-04T15:56:16.771348
Naukri,data engineer,Azure Data Engineer or Big data developer,HCLTech,7-12 Yrs,,,,,"Pune, Chennai, Bengaluru",Pyspark | Data Engineering | Software Engineering | Big Data | Spark | Data Bricks | Python | Software,,2 weeks ago,3.4,https://www.naukri.com/job-listings-azure-data-engineer-or-big-data-developer-hcltech-pune-chennai-bengaluru-7-to-12-years-130526041399,2026-06-04T15:56:16.771847
Naukri,data engineer,BI Developer- Data Engineer,Tata Consultancy Services,6-10 Yrs,,,,,"Pune, Chennai, Bengaluru",T-SQL | Power Bi | SSAS | Dax | Data Modeling | Microsoft Technology Ecosystem | GIT | Visual Studio,,1 week ago,3.3,https://www.naukri.com/job-listings-bi-developer-data-engineer-tata-consultancy-services-pune-chennai-bengaluru-6-to-10-years-050426004042,2026-06-04T15:56:16.772287
Naukri,data engineer,Data Engineer,IQVIA,6-11 Yrs,,,,,"Hybrid - Pune, Gurugram, Bengaluru",Pyspark | Data Engineering | Data Bricks | SQL | Azure | Azure Databricks | Azure Data Factory | Azure Synapse,,1 day ago,3.7,https://www.naukri.com/job-listings-data-engineer-iqvia-pune-gurugram-bengaluru-6-to-11-years-110325014320,2026-06-04T15:56:16.772670
Naukri,data engineer,Palantir -Pyspark Data Engineer,Tata Consultancy Services,5-9 Yrs,,,,,"Hyderabad, Pune, Bengaluru",Pyspark | Palantir | AWS | Ontology | Contour | Palantir Foundry | Python | Foundry,,1 week ago,3.3,https://www.naukri.com/job-listings-palantir-pyspark-data-engineer-tata-consultancy-services-hyderabad-pune-bengaluru-5-to-9-years-220126039954,2026-06-04T15:56:16.773060
Naukri,data engineer,"Walk-in || Hadoop, Spark, Scala - Data Engineer",Tata Consultancy Services,,,,,,Bengaluru,Data Engineering | Hadoop | SCALA | HDFS | Spark | Azure | Hive | Kafka,,1 day ago,3.3,https://www.naukri.com/job-listings-hadoop-spark-scala-data-engineer-tata-consultancy-services-bengaluru-5-to-10-years-020326027899,2026-06-04T15:56:16.773538
Naukri,data engineer,Data Engineer,Rolls-Royce,6-11 Yrs,,,,,Bengaluru,Supply chain | MS SQL | Linux | Data management | Data modeling | RDBMS | Agile | microsoft,,1 day ago,3.8,https://www.naukri.com/job-listings-data-engineer-rolls-royce-india-private-ltd-bengaluru-6-to-11-years-030626502032,2026-06-04T15:56:16.773927
Naukri,data engineer,Data Engineer,Accenture,2-7 Yrs,,,,,Hyderabad,Compliance | Azure | Automation | Data Pipelines | Architecture | Data Management | Data Integration | Data Quality,,Few hours ago,3.7,https://www.naukri.com/job-listings-data-engineer-accenture-solutions-pvt-ltd-hyderabad-2-to-7-years-040626918824,2026-06-04T15:56:16.774314
Naukri,data engineer,Data Engineers & Architects,Exalans And Hunar Corporate Solutions,7-12 Yrs,,,,,"Kochi, Bengaluru, Thiruvananthapuram",Data Engineering | Python | Etl Pipelines | Architecture | ETL | Pipeline | Data architecture | Data,,3+ weeks ago,,https://www.naukri.com/job-listings-data-engineers-architects-exalans-and-hunar-corporate-solutions-kochi-bengaluru-thiruvananthapuram-7-to-12-years-060526014370,2026-06-04T15:56:16.774701
Naukri,data engineer,Pyspark -Palantir Core- Data Engineer,Tata Consultancy Services,6-10 Yrs,,,,,"Pune, Bengaluru, Mumbai (All Areas)",Pyspark | Data Engineering | AWS | SQL | Snowflake | Data Bricks | Python | Bricks,,3+ weeks ago,3.3,https://www.naukri.com/job-listings-pyspark-palantir-core-data-engineer-tata-consultancy-services-pune-bengaluru-mumbai-all-areas-6-to-10-years-090326005611,2026-06-04T15:56:16.775088
Naukri,data engineer,Data Engineer,Accenture,15-20 Yrs,,,,,Navi Mumbai,pyspark | data engineering | data pipeline architecture | etl | data integration | hive | python | data analysis,,3+ weeks ago,3.7,https://www.naukri.com/job-listings-data-engineer-accenture-solutions-pvt-ltd-navi-mumbai-15-to-20-years-040526917231,2026-06-04T15:56:16.775469
Naukri,data engineer,Manager / Data Engineer-Data Architect,Benovymed Healthcare,3-15 Yrs,,,,,New Delhi,C++ | Data analysis | Data management | Data modeling | MySQL | Healthcare | Perl | Analytics,,3+ weeks ago,,https://www.naukri.com/job-listings-manager-data-engineer-data-architect-benovymed-healthcare-new-delhi-3-to-15-years-010525502789,2026-06-04T15:56:16.775821
Naukri,data engineer,Data Engineer,Accenture,5-10 Yrs,,,,,Bengaluru,Data Engineer | Java | Azure | Data Engineering | Data Pipelines | Big Data | Database Design | Programming,,Few hours ago,3.7,https://www.naukri.com/job-listings-data-engineer-accenture-solutions-pvt-ltd-bengaluru-5-to-10-years-040626919243,2026-06-04T15:56:16.776213
Naukri,data engineer,Data Engineer,Accenture,2-4 Yrs,,,,,Navi Mumbai,pyspark | database design | data modeling | design principles | aws | hive | snowflake | python,,1 week ago,3.7,https://www.naukri.com/job-listings-data-engineer-accenture-solutions-pvt-ltd-navi-mumbai-2-to-4-years-250526919452,2026-06-04T15:56:16.776598
Naukri,data engineer,Data Engineer,Trigent Software,5-10 Yrs,,,,,Hybrid - Bengaluru,GCP Cloud | Python | Software Development | Data Engineering | SQL | Software | Cloud | GCP,,2 days ago,,https://www.naukri.com/job-listings-data-engineer-trigent-software-bengaluru-5-to-10-years-020626007058,2026-06-04T15:56:16.777003
Naukri,data engineer,Data Engineer,Globallogic,8-13 Yrs,,,,,"Pune, Chennai, Bengaluru",Data Engineering | Data Modeling | Spark | Advance Sql | Python | SQL | Modeling | Engineering,,2 days ago,3.5,https://www.naukri.com/job-listings-data-engineer-globallogic-pune-chennai-bengaluru-8-to-13-years-020626009474,2026-06-04T15:56:16.777385
Naukri,data engineer,Big Data Developer/ Big Data Engineer,Tata Consultancy Services,8-13 Yrs,,,,,"Chennai, Coimbatore, Bengaluru",Pyspark | Hive | Hadoop | Big Data | Spark | SCALA | Big Data Ecosystem | SQL,,2 days ago,3.3,https://www.naukri.com/job-listings-big-data-developer-big-data-engineer-tata-consultancy-services-chennai-coimbatore-bengaluru-8-to-13-years-010626025323,2026-06-04T15:56:16.777765
Naukri,data engineer,Data Engineer / Architect,Bahwan CyberTek,5-10 Yrs,,,,,Chennai,cd | continuous integration | python | functional | azure data lake | data | workflow | glue,,6 days ago,3.3,https://www.naukri.com/job-listings-data-engineer-architect-bahwan-cybertek-chennai-5-to-10-years-280526031920,2026-06-04T15:56:16.778155
Naukri,data engineer,Data Engineer / Architect,Bahwan CyberTek,5-10 Yrs,,,,,Chennai,Automation | metadata | github | orchestration | Data modeling | Active directory | data governance | JIRA,,5 days ago,3.3,https://www.naukri.com/job-listings-data-engineer-architect-bahwan-cybertek-chennai-5-to-10-years-290526505769,2026-06-04T15:56:16.778541
Naukri,data engineer,Data Engineer,Big 4 Consulting Firm,5-10 Yrs,,,,,"Hybrid - Indore, Bengaluru, Mumbai (All Areas)",Data Bricks | Data Engineering | Python | Data | Bricks | Engineering,,5 days ago,,https://www.naukri.com/job-listings-data-engineer-anlage-infotech-indore-bengaluru-mumbai-all-areas-5-to-10-years-290526023124,2026-06-04T15:56:16.778901
Naukri,data engineer,Data Engineer,Google,0 Yrs,,,,,Bengaluru,Product management | Product engineering | Analytical | Machine learning | Data structures | Data processing | Data quality | Data mining,,3+ weeks ago,4.4,https://www.naukri.com/job-listings-data-engineer-google-india-private-limited-bengaluru-0-to-0-years-090725503768,2026-06-04T15:56:38.324685
Naukri,data engineer,Azure Data Engineer or Big data developer,HCLTech,7-12 Yrs,,,,,"Pune, Chennai, Bengaluru",Pyspark | Data Engineering | Software Engineering | Big Data | Spark | Data Bricks | Python | Software,,2 weeks ago,3.4,https://www.naukri.com/job-listings-azure-data-engineer-or-big-data-developer-hcltech-pune-chennai-bengaluru-7-to-12-years-130526041399,2026-06-04T15:56:38.325123
Naukri,data engineer,BI Developer- Data Engineer,Tata Consultancy Services,6-10 Yrs,,,,,"Pune, Chennai, Bengaluru",T-SQL | Power Bi | SSAS | Dax | Data Modeling | Microsoft Technology Ecosystem | GIT | Visual Studio,,1 week ago,3.3,https://www.naukri.com/job-listings-bi-developer-data-engineer-tata-consultancy-services-pune-chennai-bengaluru-6-to-10-years-050426004042,2026-06-04T15:56:38.325525
Naukri,data engineer,Data Engineer,IQVIA,6-11 Yrs,,,,,"Hybrid - Pune, Gurugram, Bengaluru",Pyspark | Data Engineering | Data Bricks | SQL | Azure | Azure Databricks | Azure Data Factory | Azure Synapse,,1 day ago,3.7,https://www.naukri.com/job-listings-data-engineer-iqvia-pune-gurugram-bengaluru-6-to-11-years-110325014320,2026-06-04T15:56:38.325918
Naukri,data engineer,Palantir -Pyspark Data Engineer,Tata Consultancy Services,5-9 Yrs,,,,,"Hyderabad, Pune, Bengaluru",Pyspark | Palantir | AWS | Ontology | Contour | Palantir Foundry | Python | Foundry,,1 week ago,3.3,https://www.naukri.com/job-listings-palantir-pyspark-data-engineer-tata-consultancy-services-hyderabad-pune-bengaluru-5-to-9-years-220126039954,2026-06-04T15:56:38.326305
Naukri,data engineer,"Walk-in || Hadoop, Spark, Scala - Data Engineer",Tata Consultancy Services,,,,,,Bengaluru,Data Engineering | Hadoop | SCALA | HDFS | Spark | Azure | Hive | Kafka,,1 day ago,3.3,https://www.naukri.com/job-listings-hadoop-spark-scala-data-engineer-tata-consultancy-services-bengaluru-5-to-10-years-020326027899,2026-06-04T15:56:38.326782
Naukri,data engineer,Data Engineer,Rolls-Royce,6-11 Yrs,,,,,Bengaluru,Supply chain | MS SQL | Linux | Data management | Data modeling | RDBMS | Agile | microsoft,,1 day ago,3.8,https://www.naukri.com/job-listings-data-engineer-rolls-royce-india-private-ltd-bengaluru-6-to-11-years-030626502032,2026-06-04T15:56:38.327171
Naukri,data engineer,Data Engineer,Accenture,2-7 Yrs,,,,,Hyderabad,Compliance | Azure | Automation | Data Pipelines | Architecture | Data Management | Data Integration | Data Quality,,Few hours ago,3.7,https://www.naukri.com/job-listings-data-engineer-accenture-solutions-pvt-ltd-hyderabad-2-to-7-years-040626918824,2026-06-04T15:56:38.327569
Naukri,data engineer,Data Engineers & Architects,Exalans And Hunar Corporate Solutions,7-12 Yrs,,,,,"Kochi, Bengaluru, Thiruvananthapuram",Data Engineering | Python | Etl Pipelines | Architecture | ETL | Pipeline | Data architecture | Data,,3+ weeks ago,,https://www.naukri.com/job-listings-data-engineers-architects-exalans-and-hunar-corporate-solutions-kochi-bengaluru-thiruvananthapuram-7-to-12-years-060526014370,2026-06-04T15:56:38.327956
Naukri,data engineer,Pyspark -Palantir Core- Data Engineer,Tata Consultancy Services,6-10 Yrs,,,,,"Pune, Bengaluru, Mumbai (All Areas)",Pyspark | Data Engineering | AWS | SQL | Snowflake | Data Bricks | Python | Bricks,,3+ weeks ago,3.3,https://www.naukri.com/job-listings-pyspark-palantir-core-data-engineer-tata-consultancy-services-pune-bengaluru-mumbai-all-areas-6-to-10-years-090326005611,2026-06-04T15:56:38.328348
Naukri,data engineer,Data Engineer,Accenture,15-20 Yrs,,,,,Navi Mumbai,pyspark | data engineering | data pipeline architecture | etl | data integration | hive | python | data analysis,,3+ weeks ago,3.7,https://www.naukri.com/job-listings-data-engineer-accenture-solutions-pvt-ltd-navi-mumbai-15-to-20-years-040526917231,2026-06-04T15:56:38.328727
Naukri,data engineer,Manager / Data Engineer-Data Architect,Benovymed Healthcare,3-15 Yrs,,,,,New Delhi,C++ | Data analysis | Data management | Data modeling | MySQL | Healthcare | Perl | Analytics,,3+ weeks ago,,https://www.naukri.com/job-listings-manager-data-engineer-data-architect-benovymed-healthcare-new-delhi-3-to-15-years-010525502789,2026-06-04T15:56:38.329072
Naukri,data engineer,Data Engineer,Accenture,5-10 Yrs,,,,,Bengaluru,Data Engineer | Java | Azure | Data Engineering | Data Pipelines | Big Data | Database Design | Programming,,Few hours ago,3.7,https://www.naukri.com/job-listings-data-engineer-accenture-solutions-pvt-ltd-bengaluru-5-to-10-years-040626919243,2026-06-04T15:56:38.329452
Naukri,data engineer,Data Engineer,Accenture,2-4 Yrs,,,,,Navi Mumbai,pyspark | database design | data modeling | design principles | aws | hive | snowflake | python,,1 week ago,3.7,https://www.naukri.com/job-listings-data-engineer-accenture-solutions-pvt-ltd-navi-mumbai-2-to-4-years-250526919452,2026-06-04T15:56:38.329833
Naukri,data engineer,Data Engineer,Trigent Software,5-10 Yrs,,,,,Hybrid - Bengaluru,GCP Cloud | Python | Software Development | Data Engineering | SQL | Software | Cloud | GCP,,2 days ago,,https://www.naukri.com/job-listings-data-engineer-trigent-software-bengaluru-5-to-10-years-020626007058,2026-06-04T15:56:38.330233
Naukri,data engineer,Data Engineer,Globallogic,8-13 Yrs,,,,,"Pune, Chennai, Bengaluru",Data Engineering | Data Modeling | Spark | Advance Sql | Python | SQL | Modeling | Engineering,,2 days ago,3.5,https://www.naukri.com/job-listings-data-engineer-globallogic-pune-chennai-bengaluru-8-to-13-years-020626009474,2026-06-04T15:56:38.330618
Naukri,data engineer,Big Data Developer/ Big Data Engineer,Tata Consultancy Services,8-13 Yrs,,,,,"Chennai, Coimbatore, Bengaluru",Pyspark | Hive | Hadoop | Big Data | Spark | SCALA | Big Data Ecosystem | SQL,,2 days ago,3.3,https://www.naukri.com/job-listings-big-data-developer-big-data-engineer-tata-consultancy-services-chennai-coimbatore-bengaluru-8-to-13-years-010626025323,2026-06-04T15:56:38.331005
Naukri,data engineer,Data Engineer / Architect,Bahwan CyberTek,5-10 Yrs,,,,,Chennai,cd | continuous integration | python | functional | azure data lake | data | workflow | glue,,6 days ago,3.3,https://www.naukri.com/job-listings-data-engineer-architect-bahwan-cybertek-chennai-5-to-10-years-280526031920,2026-06-04T15:56:38.331395
Naukri,data engineer,Data Engineer / Architect,Bahwan CyberTek,5-10 Yrs,,,,,Chennai,Automation | metadata | github | orchestration | Data modeling | Active directory | data governance | JIRA,,5 days ago,3.3,https://www.naukri.com/job-listings-data-engineer-architect-bahwan-cybertek-chennai-5-to-10-years-290526505769,2026-06-04T15:56:38.331800
Naukri,data engineer,Data Engineer,Big 4 Consulting Firm,5-10 Yrs,,,,,"Hybrid - Indore, Bengaluru, Mumbai (All Areas)",Data Bricks | Data Engineering | Python | Data | Bricks | Engineering,,5 days ago,,https://www.naukri.com/job-listings-data-engineer-anlage-infotech-indore-bengaluru-mumbai-all-areas-5-to-10-years-290526023124,2026-06-04T15:56:38.332339
Naukri,data engineer,Data Engineer,Google,0 Yrs,,,,,Bengaluru,Product management | Product engineering | Analytical | Machine learning | Data structures | Data processing | Data quality | Data mining,,3+ weeks ago,4.4,https://www.naukri.com/job-listings-data-engineer-google-india-private-limited-bengaluru-0-to-0-years-090725503768,2026-06-04T15:57:00.255997
Naukri,data engineer,Azure Data Engineer or Big data developer,HCLTech,7-12 Yrs,,,,,"Pune, Chennai, Bengaluru",Pyspark | Data Engineering | Software Engineering | Big Data | Spark | Data Bricks | Python | Software,,2 weeks ago,3.4,https://www.naukri.com/job-listings-azure-data-engineer-or-big-data-developer-hcltech-pune-chennai-bengaluru-7-to-12-years-130526041399,2026-06-04T15:57:00.256486
Naukri,data engineer,BI Developer- Data Engineer,Tata Consultancy Services,6-10 Yrs,,,,,"Pune, Chennai, Bengaluru",T-SQL | Power Bi | SSAS | Dax | Data Modeling | Microsoft Technology Ecosystem | GIT | Visual Studio,,1 week ago,3.3,https://www.naukri.com/job-listings-bi-developer-data-engineer-tata-consultancy-services-pune-chennai-bengaluru-6-to-10-years-050426004042,2026-06-04T15:57:00.256884
Naukri,data engineer,Data Engineer,IQVIA,6-11 Yrs,,,,,"Hybrid - Pune, Gurugram, Bengaluru",Pyspark | Data Engineering | Data Bricks | SQL | Azure | Azure Databricks | Azure Data Factory | Azure Synapse,,1 day ago,3.7,https://www.naukri.com/job-listings-data-engineer-iqvia-pune-gurugram-bengaluru-6-to-11-years-110325014320,2026-06-04T15:57:00.257276
Naukri,data engineer,Palantir -Pyspark Data Engineer,Tata Consultancy Services,5-9 Yrs,,,,,"Hyderabad, Pune, Bengaluru",Pyspark | Palantir | AWS | Ontology | Contour | Palantir Foundry | Python | Foundry,,1 week ago,3.3,https://www.naukri.com/job-listings-palantir-pyspark-data-engineer-tata-consultancy-services-hyderabad-pune-bengaluru-5-to-9-years-220126039954,2026-06-04T15:57:00.257659
Naukri,data engineer,"Walk-in || Hadoop, Spark, Scala - Data Engineer",Tata Consultancy Services,,,,,,Bengaluru,Data Engineering | Hadoop | SCALA | HDFS | Spark | Azure | Hive | Kafka,,1 day ago,3.3,https://www.naukri.com/job-listings-hadoop-spark-scala-data-engineer-tata-consultancy-services-bengaluru-5-to-10-years-020326027899,2026-06-04T15:57:00.258138
Naukri,data engineer,Data Engineer,Rolls-Royce,6-11 Yrs,,,,,Bengaluru,Supply chain | MS SQL | Linux | Data management | Data modeling | RDBMS | Agile | microsoft,,1 day ago,3.8,https://www.naukri.com/job-listings-data-engineer-rolls-royce-india-private-ltd-bengaluru-6-to-11-years-030626502032,2026-06-04T15:57:00.258527
Naukri,data engineer,Data Engineer,Accenture,2-7 Yrs,,,,,Hyderabad,Compliance | Azure | Automation | Data Pipelines | Architecture | Data Management | Data Integration | Data Quality,,Few hours ago,3.7,https://www.naukri.com/job-listings-data-engineer-accenture-solutions-pvt-ltd-hyderabad-2-to-7-years-040626918824,2026-06-04T15:57:00.258915
Naukri,data engineer,Data Engineers & Architects,Exalans And Hunar Corporate Solutions,7-12 Yrs,,,,,"Kochi, Bengaluru, Thiruvananthapuram",Data Engineering | Python | Etl Pipelines | Architecture | ETL | Pipeline | Data architecture | Data,,3+ weeks ago,,https://www.naukri.com/job-listings-data-engineers-architects-exalans-and-hunar-corporate-solutions-kochi-bengaluru-thiruvananthapuram-7-to-12-years-060526014370,2026-06-04T15:57:00.259302
Naukri,data engineer,Pyspark -Palantir Core- Data Engineer,Tata Consultancy Services,6-10 Yrs,,,,,"Pune, Bengaluru, Mumbai (All Areas)",Pyspark | Data Engineering | AWS | SQL | Snowflake | Data Bricks | Python | Bricks,,3+ weeks ago,3.3,https://www.naukri.com/job-listings-pyspark-palantir-core-data-engineer-tata-consultancy-services-pune-bengaluru-mumbai-all-areas-6-to-10-years-090326005611,2026-06-04T15:57:00.259691
Naukri,data engineer,Data Engineer,Accenture,15-20 Yrs,,,,,Navi Mumbai,pyspark | data engineering | data pipeline architecture | etl | data integration | hive | python | data analysis,,3+ weeks ago,3.7,https://www.naukri.com/job-listings-data-engineer-accenture-solutions-pvt-ltd-navi-mumbai-15-to-20-years-040526917231,2026-06-04T15:57:00.260078
Naukri,data engineer,Manager / Data Engineer-Data Architect,Benovymed Healthcare,3-15 Yrs,,,,,New Delhi,C++ | Data analysis | Data management | Data modeling | MySQL | Healthcare | Perl | Analytics,,3+ weeks ago,,https://www.naukri.com/job-listings-manager-data-engineer-data-architect-benovymed-healthcare-new-delhi-3-to-15-years-010525502789,2026-06-04T15:57:00.260429
Naukri,data engineer,Data Engineer,Accenture,5-10 Yrs,,,,,Bengaluru,Data Engineer | Java | Azure | Data Engineering | Data Pipelines | Big Data | Database Design | Programming,,Few hours ago,3.7,https://www.naukri.com/job-listings-data-engineer-accenture-solutions-pvt-ltd-bengaluru-5-to-10-years-040626919243,2026-06-04T15:57:00.260816
Naukri,data engineer,Data Engineer,Accenture,2-4 Yrs,,,,,Navi Mumbai,pyspark | database design | data modeling | design principles | aws | hive | snowflake | python,,1 week ago,3.7,https://www.naukri.com/job-listings-data-engineer-accenture-solutions-pvt-ltd-navi-mumbai-2-to-4-years-250526919452,2026-06-04T15:57:00.261202
Naukri,data engineer,Data Engineer,Trigent Software,5-10 Yrs,,,,,Hybrid - Bengaluru,GCP Cloud | Python | Software Development | Data Engineering | SQL | Software | Cloud | GCP,,2 days ago,,https://www.naukri.com/job-listings-data-engineer-trigent-software-bengaluru-5-to-10-years-020626007058,2026-06-04T15:57:00.261607
Naukri,data engineer,Data Engineer,Globallogic,8-13 Yrs,,,,,"Pune, Chennai, Bengaluru",Data Engineering | Data Modeling | Spark | Advance Sql | Python | SQL | Modeling | Engineering,,2 days ago,3.5,https://www.naukri.com/job-listings-data-engineer-globallogic-pune-chennai-bengaluru-8-to-13-years-020626009474,2026-06-04T15:57:00.261994
Naukri,data engineer,Big Data Developer/ Big Data Engineer,Tata Consultancy Services,8-13 Yrs,,,,,"Chennai, Coimbatore, Bengaluru",Pyspark | Hive | Hadoop | Big Data | Spark | SCALA | Big Data Ecosystem | SQL,,2 days ago,3.3,https://www.naukri.com/job-listings-big-data-developer-big-data-engineer-tata-consultancy-services-chennai-coimbatore-bengaluru-8-to-13-years-010626025323,2026-06-04T15:57:00.262381
Naukri,data engineer,Data Engineer / Architect,Bahwan CyberTek,5-10 Yrs,,,,,Chennai,cd | continuous integration | python | functional | azure data lake | data | workflow | glue,,6 days ago,3.3,https://www.naukri.com/job-listings-data-engineer-architect-bahwan-cybertek-chennai-5-to-10-years-280526031920,2026-06-04T15:57:00.262771
Naukri,data engineer,Data Engineer / Architect,Bahwan CyberTek,5-10 Yrs,,,,,Chennai,Automation | metadata | github | orchestration | Data modeling | Active directory | data governance | JIRA,,5 days ago,3.3,https://www.naukri.com/job-listings-data-engineer-architect-bahwan-cybertek-chennai-5-to-10-years-290526505769,2026-06-04T15:57:00.263157
Naukri,data engineer,Data Engineer,Big 4 Consulting Firm,5-10 Yrs,,,,,"Hybrid - Indore, Bengaluru, Mumbai (All Areas)",Data Bricks | Data Engineering | Python | Data | Bricks | Engineering,,5 days ago,,https://www.naukri.com/job-listings-data-engineer-anlage-infotech-indore-bengaluru-mumbai-all-areas-5-to-10-years-290526023124,2026-06-04T15:57:00.263515
Naukri,data engineer,Data Engineer,Google,0 Yrs,,,,,Bengaluru,Product management | Product engineering | Analytical | Machine learning | Data structures | Data processing | Data quality | Data mining,,3+ weeks ago,4.4,https://www.naukri.com/job-listings-data-engineer-google-india-private-limited-bengaluru-0-to-0-years-090725503768,2026-06-04T15:57:21.891651
Naukri,data engineer,Azure Data Engineer or Big data developer,HCLTech,7-12 Yrs,,,,,"Pune, Chennai, Bengaluru",Pyspark | Data Engineering | Software Engineering | Big Data | Spark | Data Bricks | Python | Software,,2 weeks ago,3.4,https://www.naukri.com/job-listings-azure-data-engineer-or-big-data-developer-hcltech-pune-chennai-bengaluru-7-to-12-years-130526041399,2026-06-04T15:57:21.892153
Naukri,data engineer,BI Developer- Data Engineer,Tata Consultancy Services,6-10 Yrs,,,,,"Pune, Chennai, Bengaluru",T-SQL | Power Bi | SSAS | Dax | Data Modeling | Microsoft Technology Ecosystem | GIT | Visual Studio,,1 week ago,3.3,https://www.naukri.com/job-listings-bi-developer-data-engineer-tata-consultancy-services-pune-chennai-bengaluru-6-to-10-years-050426004042,2026-06-04T15:57:21.892580
Naukri,data engineer,Data Engineer,IQVIA,6-11 Yrs,,,,,"Hybrid - Pune, Gurugram, Bengaluru",Pyspark | Data Engineering | Data Bricks | SQL | Azure | Azure Databricks | Azure Data Factory | Azure Synapse,,1 day ago,3.7,https://www.naukri.com/job-listings-data-engineer-iqvia-pune-gurugram-bengaluru-6-to-11-years-110325014320,2026-06-04T15:57:21.892965
Naukri,data engineer,Palantir -Pyspark Data Engineer,Tata Consultancy Services,5-9 Yrs,,,,,"Hyderabad, Pune, Bengaluru",Pyspark | Palantir | AWS | Ontology | Contour | Palantir Foundry | Python | Foundry,,1 week ago,3.3,https://www.naukri.com/job-listings-palantir-pyspark-data-engineer-tata-consultancy-services-hyderabad-pune-bengaluru-5-to-9-years-220126039954,2026-06-04T15:57:21.893349
Naukri,data engineer,"Walk-in || Hadoop, Spark, Scala - Data Engineer",Tata Consultancy Services,,,,,,Bengaluru,Data Engineering | Hadoop | SCALA | HDFS | Spark | Azure | Hive | Kafka,,1 day ago,3.3,https://www.naukri.com/job-listings-hadoop-spark-scala-data-engineer-tata-consultancy-services-bengaluru-5-to-10-years-020326027899,2026-06-04T15:57:21.893865
Naukri,data engineer,Data Engineer,Rolls-Royce,6-11 Yrs,,,,,Bengaluru,Supply chain | MS SQL | Linux | Data management | Data modeling | RDBMS | Agile | microsoft,,1 day ago,3.8,https://www.naukri.com/job-listings-data-engineer-rolls-royce-india-private-ltd-bengaluru-6-to-11-years-030626502032,2026-06-04T15:57:21.894257
Naukri,data engineer,Data Engineer,Accenture,2-7 Yrs,,,,,Hyderabad,Compliance | Azure | Automation | Data Pipelines | Architecture | Data Management | Data Integration | Data Quality,,Few hours ago,3.7,https://www.naukri.com/job-listings-data-engineer-accenture-solutions-pvt-ltd-hyderabad-2-to-7-years-040626918824,2026-06-04T15:57:21.894639
Naukri,data engineer,Data Engineers & Architects,Exalans And Hunar Corporate Solutions,7-12 Yrs,,,,,"Kochi, Bengaluru, Thiruvananthapuram",Data Engineering | Python | Etl Pipelines | Architecture | ETL | Pipeline | Data architecture | Data,,3+ weeks ago,,https://www.naukri.com/job-listings-data-engineers-architects-exalans-and-hunar-corporate-solutions-kochi-bengaluru-thiruvananthapuram-7-to-12-years-060526014370,2026-06-04T15:57:21.895035
Naukri,data engineer,Pyspark -Palantir Core- Data Engineer,Tata Consultancy Services,6-10 Yrs,,,,,"Pune, Bengaluru, Mumbai (All Areas)",Pyspark | Data Engineering | AWS | SQL | Snowflake | Data Bricks | Python | Bricks,,3+ weeks ago,3.3,https://www.naukri.com/job-listings-pyspark-palantir-core-data-engineer-tata-consultancy-services-pune-bengaluru-mumbai-all-areas-6-to-10-years-090326005611,2026-06-04T15:57:21.895417
Naukri,data engineer,Data Engineer,Accenture,15-20 Yrs,,,,,Navi Mumbai,pyspark | data engineering | data pipeline architecture | etl | data integration | hive | python | data analysis,,3+ weeks ago,3.7,https://www.naukri.com/job-listings-data-engineer-accenture-solutions-pvt-ltd-navi-mumbai-15-to-20-years-040526917231,2026-06-04T15:57:21.895802
Naukri,data engineer,Manager / Data Engineer-Data Architect,Benovymed Healthcare,3-15 Yrs,,,,,New Delhi,C++ | Data analysis | Data management | Data modeling | MySQL | Healthcare | Perl | Analytics,,3+ weeks ago,,https://www.naukri.com/job-listings-manager-data-engineer-data-architect-benovymed-healthcare-new-delhi-3-to-15-years-010525502789,2026-06-04T15:57:21.896151
Naukri,data engineer,Data Engineer,Accenture,5-10 Yrs,,,,,Bengaluru,Data Engineer | Java | Azure | Data Engineering | Data Pipelines | Big Data | Database Design | Programming,,Few hours ago,3.7,https://www.naukri.com/job-listings-data-engineer-accenture-solutions-pvt-ltd-bengaluru-5-to-10-years-040626919243,2026-06-04T15:57:21.896534
Naukri,data engineer,Data Engineer,Accenture,2-4 Yrs,,,,,Navi Mumbai,pyspark | database design | data modeling | design principles | aws | hive | snowflake | python,,1 week ago,3.7,https://www.naukri.com/job-listings-data-engineer-accenture-solutions-pvt-ltd-navi-mumbai-2-to-4-years-250526919452,2026-06-04T15:57:21.896956
Naukri,data engineer,Data Engineer,Trigent Software,5-10 Yrs,,,,,Hybrid - Bengaluru,GCP Cloud | Python | Software Development | Data Engineering | SQL | Software | Cloud | GCP,,2 days ago,,https://www.naukri.com/job-listings-data-engineer-trigent-software-bengaluru-5-to-10-years-020626007058,2026-06-04T15:57:21.897360
Naukri,data engineer,Data Engineer,Globallogic,8-13 Yrs,,,,,"Pune, Chennai, Bengaluru",Data Engineering | Data Modeling | Spark | Advance Sql | Python | SQL | Modeling | Engineering,,2 days ago,3.5,https://www.naukri.com/job-listings-data-engineer-globallogic-pune-chennai-bengaluru-8-to-13-years-020626009474,2026-06-04T15:57:21.897748
Naukri,data engineer,Big Data Developer/ Big Data Engineer,Tata Consultancy Services,8-13 Yrs,,,,,"Chennai, Coimbatore, Bengaluru",Pyspark | Hive | Hadoop | Big Data | Spark | SCALA | Big Data Ecosystem | SQL,,2 days ago,3.3,https://www.naukri.com/job-listings-big-data-developer-big-data-engineer-tata-consultancy-services-chennai-coimbatore-bengaluru-8-to-13-years-010626025323,2026-06-04T15:57:21.898131
Naukri,data engineer,Data Engineer / Architect,Bahwan CyberTek,5-10 Yrs,,,,,Chennai,cd | continuous integration | python | functional | azure data lake | data | workflow | glue,,6 days ago,3.3,https://www.naukri.com/job-listings-data-engineer-architect-bahwan-cybertek-chennai-5-to-10-years-280526031920,2026-06-04T15:57:21.898510
Naukri,data engineer,Data Engineer / Architect,Bahwan CyberTek,5-10 Yrs,,,,,Chennai,Automation | metadata | github | orchestration | Data modeling | Active directory | data governance | JIRA,,5 days ago,3.3,https://www.naukri.com/job-listings-data-engineer-architect-bahwan-cybertek-chennai-5-to-10-years-290526505769,2026-06-04T15:57:21.898896
Naukri,data engineer,Data Engineer,Big 4 Consulting Firm,5-10 Yrs,,,,,"Hybrid - Indore, Bengaluru, Mumbai (All Areas)",Data Bricks | Data Engineering | Python | Data | Bricks | Engineering,,5 days ago,,https://www.naukri.com/job-listings-data-engineer-anlage-infotech-indore-bengaluru-mumbai-all-areas-5-to-10-years-290526023124,2026-06-04T15:57:21.899252
Naukri,machine learning engineer,AI/Machine Learning Engineer,Apple,4-9 Yrs,,,,,Bengaluru,Training | analytics reporting | deep learning | Retail | data services | data science | Machine learning | Infrastructure,,3+ weeks ago,4.3,https://www.naukri.com/job-listings-ai-machine-learning-engineer-apple-india-pvt-ltd-bengaluru-4-to-9-years-200326500889,2026-06-04T15:57:48.719364
Naukri,machine learning engineer,"Staff Engineer, Machine Learning, Gen AI",Nagarro,5-8 Yrs,,,,,"Hybrid - Bengaluru, Mumbai (All Areas)",Generative Ai | Retrieval Augmented Generation | Machine Learning | Gen | Generation | Machine | Artificial Intelligence,,1 day ago,3.9,https://www.naukri.com/job-listings-staff-engineer-machine-learning-gen-ai-nagarro-bengaluru-mumbai-all-areas-5-to-8-years-080126020675,2026-06-04T15:57:48.719765
Naukri,machine learning engineer,"Machine Learning Engineer, Apple Intelligence",Apple,4-12 Yrs,,,,,Bengaluru,Training | Product engineering | Focus | Machine learning | Architectural design | Programming | Deployment | Natural language processing,,3+ weeks ago,4.3,https://www.naukri.com/job-listings-machine-learning-engineer-apple-intelligence-apple-india-pvt-ltd-bengaluru-4-to-12-years-130226502590,2026-06-04T15:57:48.720155
Naukri,machine learning engineer,Data Scientist/ Machine Learning Engineer,Hitachi Energy,5-8 Yrs,,,,,Bengaluru,Usage | Neural networks | Focus | Machine learning | Programming | Transformers | Natural language processing | data privacy,,3+ weeks ago,4.0,https://www.naukri.com/job-listings-data-scientist-machine-learning-engineer-hitachi-energy-bengaluru-5-to-8-years-010526502483,2026-06-04T15:57:48.720544
Naukri,machine learning engineer,Machine Learning Physical Design Engineer,Google,4-9 Yrs,,,,,Bengaluru,Logistic regression | Chip design | Neural networks | Artificial Intelligence | CAD | Machine learning | Physical verification | Data structures,,3+ weeks ago,4.4,https://www.naukri.com/job-listings-machine-learning-physical-design-engineer-google-india-private-limited-bengaluru-4-to-9-years-090725503781,2026-06-04T15:57:48.720931
Naukri,machine learning engineer,Machine Learning Engineer,Ltimindtree,6-11 Yrs,,,,,"Hybrid - Kolkata, Hyderabad, Bengaluru",Machine Learning | Artificial Intelligence | Ml | Intelligence | Machine,,Few hours ago,3.6,https://www.naukri.com/job-listings-machine-learning-engineer-ltimindtree-kolkata-hyderabad-bengaluru-6-to-11-years-040626015631,2026-06-04T15:57:48.721293
Naukri,machine learning engineer,Machine Learning Engineer,Valuelabs,3-7 Yrs,,,,,Hyderabad,Pytorch | Tensorflow | Xgboost | Artificial Intelligence | Natural Language Processing | Machine Learning | Deep Learning | Scikit-Learn,,1 day ago,3.4,https://www.naukri.com/job-listings-machine-learning-engineer-valuelabs-hyderabad-3-to-7-years-030626034363,2026-06-04T15:57:48.721715
Naukri,machine learning engineer,Machine Learning Engineer-Digital Twin,Capgemini,2-5 Yrs,,,,,Chennai,Machine Learning | Tensorflow | Generative Ai | Use Cases | Feature Engineering | Ai | Simulation Tools | Forecasting,,1 day ago,3.6,https://www.naukri.com/job-listings-machine-learning-engineer-digital-twin-capgemini-technology-services-india-limited-chennai-2-to-5-years-020626924821,2026-06-04T15:57:48.722103
Naukri,machine learning engineer,Artificial Intelligence Engineer & Machine Learning Engineer,Wappnet Systems,3-8 Yrs,,,,,Ahmedabad,Automation | Manager Quality Assurance | Prototype | GCP | Analytical | Machine learning | Outsourcing | SQL,,1 day ago,4.2,https://www.naukri.com/job-listings-artificial-intelligence-engineer-machine-learning-engineer-wappnet-systems-ahmedabad-3-to-8-years-030626502500,2026-06-04T15:57:48.722493
Naukri,machine learning engineer,Machine Learning Engineer(Computer Vision),Sarvayana Sansar Industries,2-7 Yrs,,,,,Hybrid - Bengaluru,YOLO v5 v7 v8 | Computer Vision | Tensorflow | Label Studio | Horovod | PyTorch DDP | X3D | AUROC,,Few hours ago,,https://www.naukri.com/job-listings-machine-learning-engineer-computer-vision-sarvayana-sansar-industries-bengaluru-2-to-7-years-040626010535,2026-06-04T15:57:48.722896
Naukri,machine learning engineer,Machine Learning Engineer ( RAG & Generative AI),Experis,5-10 Yrs,,,,,"Hyderabad, Pune, Bengaluru",LLM | SQL | Vector Database | RAG | Python | Retrieval | Azure | Generative AI,,Few hours ago,,https://www.naukri.com/job-listings-machine-learning-engineer-rag-generative-ai-experis-hyderabad-pune-bengaluru-5-to-10-years-040626018929,2026-06-04T15:57:48.723263
Naukri,machine learning engineer,Principal Machine Learning Engineer,Amgen Inc,10-15 Yrs,,,,,Hyderabad,compliance | python | github | ai | llm | machine learning | docker | ai engineer,,1 day ago,2.8,https://www.naukri.com/job-listings-principal-machine-learning-engineer-amgen-inc-hyderabad-10-to-15-years-030626914556,2026-06-04T15:57:48.723650
Naukri,machine learning engineer,Machine Learning Engineer,Wipro,6-10 Yrs,,,,,Bengaluru,Artificial Intelligence | Machine Learning | Python | Data Engineering | Aiml | Ci/Cd | Machine Learning Engineer | Al,,1 day ago,,https://www.naukri.com/job-listings-machine-learning-engineer-naukri-e-hire-campaign-bengaluru-6-to-10-years-030626019643,2026-06-04T15:57:48.724045
Naukri,machine learning engineer,"Machine Learning Engineer,AIML Engineer,Data Scientist,MI Engineer",Burgeon IT Services,7-12 Yrs,,,,,"Hybrid - Hyderabad, Chennai, Bengaluru",LLMs | Machine Learning | Deep Learning | Large Language Model | Python | Tensorflow | Pyspark | Cnn,,1 week ago,,https://www.naukri.com/job-listings-machine-learning-engineer-aiml-engineer-data-scientist-mi-engineer-burgeon-it-services-hyderabad-chennai-bengaluru-7-to-12-years-260526017004,2026-06-04T15:57:48.724441
Naukri,machine learning engineer,Artificial Intelligence and Machine Learning Engineer (R&D),Litmus7 Systems Consulting,2-6 Yrs,,,,,Thiruvananthapuram,Artificial Intelligence | Machine Learning | Cnn | Rnn | Large Language Model | Natural Language Processing | Neural Networks | Reinforcement Learning,,1 day ago,3.6,https://www.naukri.com/job-listings-artificial-intelligence-and-machine-learning-engineer-r-d-litmus7-systems-consulting-thiruvananthapuram-2-to-6-years-030626029306,2026-06-04T15:57:48.724826
Naukri,machine learning engineer,Principal Machine Learning Engineer,Red Hat,2-6 Yrs,,,,,Bengaluru,Machine Learning | Open Source | C | Red Hat | Data Structures | Ai | Pytorch | Design,,5 days ago,4.3,https://www.naukri.com/job-listings-principal-machine-learning-engineer-red-hat-india-pvt-ltd-bengaluru-2-to-6-years-290526921019,2026-06-04T15:57:48.725207
Naukri,machine learning engineer,Machine Learning Engineer,Jforce Solutions,3-8 Yrs,,,,,Mumbai,Computer science | Training | Usage | data science | Artificial Intelligence | Machine learning | Deployment | Natural language processing,,2 days ago,2.3,https://www.naukri.com/job-listings-machine-learning-engineer-jforce-solutions-mumbai-3-to-8-years-020626501543,2026-06-04T15:57:48.725589
Naukri,machine learning engineer,Immediate Opportunity For Machine Learning Engineer,Trigyn Technologies,3-8 Yrs,,,,,Remote,Deep Learning | Cloud Deployment | Artificial Intelligence | Natural Language Processing | Api Integration | Machine Learning | Languages | Intelligence,,6 days ago,3.7,https://www.naukri.com/job-listings-immediate-opportunity-for-machine-learning-engineer-trigyn-technologies-mumbai-all-areas-3-to-8-years-290526007225,2026-06-04T15:57:48.725970
Naukri,machine learning engineer,"Principal Machine Learning Engineer, Document AI Data",Abbyy,10-15 Yrs,,,,,Bengaluru,Training | Automation | Diversity and Inclusion | Machine learning | Technical leadership | Wellness | Technical Lead | Data quality,,1 week ago,2.8,https://www.naukri.com/job-listings-principal-machine-learning-engineer-document-ai-data-abbyy-bengaluru-10-to-15-years-250526502972,2026-06-04T15:57:48.726348
Naukri,machine learning engineer,"Principal Machine Learning Engineer-AgenticAI, GenAi/LLM",Red Hat,5-10 Yrs,,,,,Bengaluru,Llm | Golang | Airflow | Tensorflow | Compliance | Alerting | Feature Engineering | Sre,,5 days ago,4.3,https://www.naukri.com/job-listings-principal-machine-learning-engineer-agenticai-genai-llm-red-hat-india-pvt-ltd-bengaluru-5-to-10-years-290526921020,2026-06-04T15:57:48.726733
Naukri,machine learning engineer,AI/Machine Learning Engineer,Apple,4-9 Yrs,,,,,Bengaluru,Training | analytics reporting | deep learning | Retail | data services | data science | Machine learning | Infrastructure,,3+ weeks ago,4.3,https://www.naukri.com/job-listings-ai-machine-learning-engineer-apple-india-pvt-ltd-bengaluru-4-to-9-years-200326500889,2026-06-04T15:58:10.284195
Naukri,machine learning engineer,"Staff Engineer, Machine Learning, Gen AI",Nagarro,5-8 Yrs,,,,,"Hybrid - Bengaluru, Mumbai (All Areas)",Generative Ai | Retrieval Augmented Generation | Machine Learning | Gen | Generation | Machine | Artificial Intelligence,,1 day ago,3.9,https://www.naukri.com/job-listings-staff-engineer-machine-learning-gen-ai-nagarro-bengaluru-mumbai-all-areas-5-to-8-years-080126020675,2026-06-04T15:58:10.284593
Naukri,machine learning engineer,"Machine Learning Engineer, Apple Intelligence",Apple,4-12 Yrs,,,,,Bengaluru,Training | Product engineering | Focus | Machine learning | Architectural design | Programming | Deployment | Natural language processing,,3+ weeks ago,4.3,https://www.naukri.com/job-listings-machine-learning-engineer-apple-intelligence-apple-india-pvt-ltd-bengaluru-4-to-12-years-130226502590,2026-06-04T15:58:10.285026
Naukri,machine learning engineer,Data Scientist/ Machine Learning Engineer,Hitachi Energy,5-8 Yrs,,,,,Bengaluru,Usage | Neural networks | Focus | Machine learning | Programming | Transformers | Natural language processing | data privacy,,3+ weeks ago,4.0,https://www.naukri.com/job-listings-data-scientist-machine-learning-engineer-hitachi-energy-bengaluru-5-to-8-years-010526502483,2026-06-04T15:58:10.285423
Naukri,machine learning engineer,Machine Learning Physical Design Engineer,Google,4-9 Yrs,,,,,Bengaluru,Logistic regression | Chip design | Neural networks | Artificial Intelligence | CAD | Machine learning | Physical verification | Data structures,,3+ weeks ago,4.4,https://www.naukri.com/job-listings-machine-learning-physical-design-engineer-google-india-private-limited-bengaluru-4-to-9-years-090725503781,2026-06-04T15:58:10.285806
Naukri,machine learning engineer,Machine Learning Engineer,Ltimindtree,6-11 Yrs,,,,,"Hybrid - Kolkata, Hyderabad, Bengaluru",Machine Learning | Artificial Intelligence | Ml | Intelligence | Machine,,Few hours ago,3.6,https://www.naukri.com/job-listings-machine-learning-engineer-ltimindtree-kolkata-hyderabad-bengaluru-6-to-11-years-040626015631,2026-06-04T15:58:10.286165
Naukri,machine learning engineer,Machine Learning Engineer,Valuelabs,3-7 Yrs,,,,,Hyderabad,Pytorch | Tensorflow | Xgboost | Artificial Intelligence | Natural Language Processing | Machine Learning | Deep Learning | Scikit-Learn,,1 day ago,3.4,https://www.naukri.com/job-listings-machine-learning-engineer-valuelabs-hyderabad-3-to-7-years-030626034363,2026-06-04T15:58:10.286583
Naukri,machine learning engineer,Machine Learning Engineer-Digital Twin,Capgemini,2-5 Yrs,,,,,Chennai,Machine Learning | Tensorflow | Generative Ai | Use Cases | Feature Engineering | Ai | Simulation Tools | Forecasting,,1 day ago,3.6,https://www.naukri.com/job-listings-machine-learning-engineer-digital-twin-capgemini-technology-services-india-limited-chennai-2-to-5-years-020626924821,2026-06-04T15:58:10.286978
Naukri,machine learning engineer,Artificial Intelligence Engineer & Machine Learning Engineer,Wappnet Systems,3-8 Yrs,,,,,Ahmedabad,Automation | Manager Quality Assurance | Prototype | GCP | Analytical | Machine learning | Outsourcing | SQL,,1 day ago,4.2,https://www.naukri.com/job-listings-artificial-intelligence-engineer-machine-learning-engineer-wappnet-systems-ahmedabad-3-to-8-years-030626502500,2026-06-04T15:58:10.287366
Naukri,machine learning engineer,Machine Learning Engineer(Computer Vision),Sarvayana Sansar Industries,2-7 Yrs,,,,,Hybrid - Bengaluru,YOLO v5 v7 v8 | Computer Vision | Tensorflow | Label Studio | Horovod | PyTorch DDP | X3D | AUROC,,Few hours ago,,https://www.naukri.com/job-listings-machine-learning-engineer-computer-vision-sarvayana-sansar-industries-bengaluru-2-to-7-years-040626010535,2026-06-04T15:58:10.287755
Naukri,machine learning engineer,Machine Learning Engineer ( RAG & Generative AI),Experis,5-10 Yrs,,,,,"Hyderabad, Pune, Bengaluru",LLM | SQL | Vector Database | RAG | Python | Retrieval | Azure | Generative AI,,Few hours ago,,https://www.naukri.com/job-listings-machine-learning-engineer-rag-generative-ai-experis-hyderabad-pune-bengaluru-5-to-10-years-040626018929,2026-06-04T15:58:10.288121
Naukri,machine learning engineer,Principal Machine Learning Engineer,Amgen Inc,10-15 Yrs,,,,,Hyderabad,compliance | python | github | ai | llm | machine learning | docker | ai engineer,,1 day ago,2.8,https://www.naukri.com/job-listings-principal-machine-learning-engineer-amgen-inc-hyderabad-10-to-15-years-030626914556,2026-06-04T15:58:10.288501
Naukri,machine learning engineer,Machine Learning Engineer,Wipro,6-10 Yrs,,,,,Bengaluru,Artificial Intelligence | Machine Learning | Python | Data Engineering | Aiml | Ci/Cd | Machine Learning Engineer | Al,,1 day ago,,https://www.naukri.com/job-listings-machine-learning-engineer-naukri-e-hire-campaign-bengaluru-6-to-10-years-030626019643,2026-06-04T15:58:10.288897
Naukri,machine learning engineer,"Machine Learning Engineer,AIML Engineer,Data Scientist,MI Engineer",Burgeon IT Services,7-12 Yrs,,,,,"Hybrid - Hyderabad, Chennai, Bengaluru",LLMs | Machine Learning | Deep Learning | Large Language Model | Python | Tensorflow | Pyspark | Cnn,,1 week ago,,https://www.naukri.com/job-listings-machine-learning-engineer-aiml-engineer-data-scientist-mi-engineer-burgeon-it-services-hyderabad-chennai-bengaluru-7-to-12-years-260526017004,2026-06-04T15:58:10.289297
Naukri,machine learning engineer,Artificial Intelligence and Machine Learning Engineer (R&D),Litmus7 Systems Consulting,2-6 Yrs,,,,,Thiruvananthapuram,Artificial Intelligence | Machine Learning | Cnn | Rnn | Large Language Model | Natural Language Processing | Neural Networks | Reinforcement Learning,,1 day ago,3.6,https://www.naukri.com/job-listings-artificial-intelligence-and-machine-learning-engineer-r-d-litmus7-systems-consulting-thiruvananthapuram-2-to-6-years-030626029306,2026-06-04T15:58:10.289679
Naukri,machine learning engineer,Principal Machine Learning Engineer,Red Hat,2-6 Yrs,,,,,Bengaluru,Machine Learning | Open Source | C | Red Hat | Data Structures | Ai | Pytorch | Design,,5 days ago,4.3,https://www.naukri.com/job-listings-principal-machine-learning-engineer-red-hat-india-pvt-ltd-bengaluru-2-to-6-years-290526921019,2026-06-04T15:58:10.290059
Naukri,machine learning engineer,Machine Learning Engineer,Jforce Solutions,3-8 Yrs,,,,,Mumbai,Computer science | Training | Usage | data science | Artificial Intelligence | Machine learning | Deployment | Natural language processing,,2 days ago,2.3,https://www.naukri.com/job-listings-machine-learning-engineer-jforce-solutions-mumbai-3-to-8-years-020626501543,2026-06-04T15:58:10.290439
Naukri,machine learning engineer,Immediate Opportunity For Machine Learning Engineer,Trigyn Technologies,3-8 Yrs,,,,,Remote,Deep Learning | Cloud Deployment | Artificial Intelligence | Natural Language Processing | Api Integration | Machine Learning | Languages | Intelligence,,6 days ago,3.7,https://www.naukri.com/job-listings-immediate-opportunity-for-machine-learning-engineer-trigyn-technologies-mumbai-all-areas-3-to-8-years-290526007225,2026-06-04T15:58:10.290820
Naukri,machine learning engineer,"Principal Machine Learning Engineer, Document AI Data",Abbyy,10-15 Yrs,,,,,Bengaluru,Training | Automation | Diversity and Inclusion | Machine learning | Technical leadership | Wellness | Technical Lead | Data quality,,1 week ago,2.8,https://www.naukri.com/job-listings-principal-machine-learning-engineer-document-ai-data-abbyy-bengaluru-10-to-15-years-250526502972,2026-06-04T15:58:10.291200
Naukri,machine learning engineer,"Principal Machine Learning Engineer-AgenticAI, GenAi/LLM",Red Hat,5-10 Yrs,,,,,Bengaluru,Llm | Golang | Airflow | Tensorflow | Compliance | Alerting | Feature Engineering | Sre,,5 days ago,4.3,https://www.naukri.com/job-listings-principal-machine-learning-engineer-agenticai-genai-llm-red-hat-india-pvt-ltd-bengaluru-5-to-10-years-290526921020,2026-06-04T15:58:10.291591
Naukri,machine learning engineer,AI/Machine Learning Engineer,Apple,4-9 Yrs,,,,,Bengaluru,Training | analytics reporting | deep learning | Retail | data services | data science | Machine learning | Infrastructure,,3+ weeks ago,4.3,https://www.naukri.com/job-listings-ai-machine-learning-engineer-apple-india-pvt-ltd-bengaluru-4-to-9-years-200326500889,2026-06-04T15:58:32.130733
Naukri,machine learning engineer,"Staff Engineer, Machine Learning, Gen AI",Nagarro,5-8 Yrs,,,,,"Hybrid - Bengaluru, Mumbai (All Areas)",Generative Ai | Retrieval Augmented Generation | Machine Learning | Gen | Generation | Machine | Artificial Intelligence,,1 day ago,3.9,https://www.naukri.com/job-listings-staff-engineer-machine-learning-gen-ai-nagarro-bengaluru-mumbai-all-areas-5-to-8-years-080126020675,2026-06-04T15:58:32.131123
Naukri,machine learning engineer,"Machine Learning Engineer, Apple Intelligence",Apple,4-12 Yrs,,,,,Bengaluru,Training | Product engineering | Focus | Machine learning | Architectural design | Programming | Deployment | Natural language processing,,3+ weeks ago,4.3,https://www.naukri.com/job-listings-machine-learning-engineer-apple-intelligence-apple-india-pvt-ltd-bengaluru-4-to-12-years-130226502590,2026-06-04T15:58:32.131517
Naukri,machine learning engineer,Data Scientist/ Machine Learning Engineer,Hitachi Energy,5-8 Yrs,,,,,Bengaluru,Usage | Neural networks | Focus | Machine learning | Programming | Transformers | Natural language processing | data privacy,,3+ weeks ago,4.0,https://www.naukri.com/job-listings-data-scientist-machine-learning-engineer-hitachi-energy-bengaluru-5-to-8-years-010526502483,2026-06-04T15:58:32.131904
Naukri,machine learning engineer,Machine Learning Physical Design Engineer,Google,4-9 Yrs,,,,,Bengaluru,Logistic regression | Chip design | Neural networks | Artificial Intelligence | CAD | Machine learning | Physical verification | Data structures,,3+ weeks ago,4.4,https://www.naukri.com/job-listings-machine-learning-physical-design-engineer-google-india-private-limited-bengaluru-4-to-9-years-090725503781,2026-06-04T15:58:32.132289
Naukri,machine learning engineer,Machine Learning Engineer,Ltimindtree,6-11 Yrs,,,,,"Hybrid - Kolkata, Hyderabad, Bengaluru",Machine Learning | Artificial Intelligence | Ml | Intelligence | Machine,,Few hours ago,3.6,https://www.naukri.com/job-listings-machine-learning-engineer-ltimindtree-kolkata-hyderabad-bengaluru-6-to-11-years-040626015631,2026-06-04T15:58:32.132653
Naukri,machine learning engineer,Machine Learning Engineer,Valuelabs,3-7 Yrs,,,,,Hyderabad,Pytorch | Tensorflow | Xgboost | Artificial Intelligence | Natural Language Processing | Machine Learning | Deep Learning | Scikit-Learn,,1 day ago,3.4,https://www.naukri.com/job-listings-machine-learning-engineer-valuelabs-hyderabad-3-to-7-years-030626034363,2026-06-04T15:58:32.133073
Naukri,machine learning engineer,Machine Learning Engineer-Digital Twin,Capgemini,2-5 Yrs,,,,,Chennai,Machine Learning | Tensorflow | Generative Ai | Use Cases | Feature Engineering | Ai | Simulation Tools | Forecasting,,1 day ago,3.6,https://www.naukri.com/job-listings-machine-learning-engineer-digital-twin-capgemini-technology-services-india-limited-chennai-2-to-5-years-020626924821,2026-06-04T15:58:32.133461
Naukri,machine learning engineer,Artificial Intelligence Engineer & Machine Learning Engineer,Wappnet Systems,3-8 Yrs,,,,,Ahmedabad,Automation | Manager Quality Assurance | Prototype | GCP | Analytical | Machine learning | Outsourcing | SQL,,1 day ago,4.2,https://www.naukri.com/job-listings-artificial-intelligence-engineer-machine-learning-engineer-wappnet-systems-ahmedabad-3-to-8-years-030626502500,2026-06-04T15:58:32.133847
Naukri,machine learning engineer,Machine Learning Engineer(Computer Vision),Sarvayana Sansar Industries,2-7 Yrs,,,,,Hybrid - Bengaluru,YOLO v5 v7 v8 | Computer Vision | Tensorflow | Label Studio | Horovod | PyTorch DDP | X3D | AUROC,,Few hours ago,,https://www.naukri.com/job-listings-machine-learning-engineer-computer-vision-sarvayana-sansar-industries-bengaluru-2-to-7-years-040626010535,2026-06-04T15:58:32.134229
Naukri,machine learning engineer,Machine Learning Engineer ( RAG & Generative AI),Experis,5-10 Yrs,,,,,"Hyderabad, Pune, Bengaluru",LLM | SQL | Vector Database | RAG | Python | Retrieval | Azure | Generative AI,,Few hours ago,,https://www.naukri.com/job-listings-machine-learning-engineer-rag-generative-ai-experis-hyderabad-pune-bengaluru-5-to-10-years-040626018929,2026-06-04T15:58:32.134598
Naukri,machine learning engineer,Principal Machine Learning Engineer,Amgen Inc,10-15 Yrs,,,,,Hyderabad,compliance | python | github | ai | llm | machine learning | docker | ai engineer,,1 day ago,2.8,https://www.naukri.com/job-listings-principal-machine-learning-engineer-amgen-inc-hyderabad-10-to-15-years-030626914556,2026-06-04T15:58:32.134984
Naukri,machine learning engineer,Machine Learning Engineer,Wipro,6-10 Yrs,,,,,Bengaluru,Artificial Intelligence | Machine Learning | Python | Data Engineering | Aiml | Ci/Cd | Machine Learning Engineer | Al,,1 day ago,,https://www.naukri.com/job-listings-machine-learning-engineer-naukri-e-hire-campaign-bengaluru-6-to-10-years-030626019643,2026-06-04T15:58:32.135380
Naukri,machine learning engineer,"Machine Learning Engineer,AIML Engineer,Data Scientist,MI Engineer",Burgeon IT Services,7-12 Yrs,,,,,"Hybrid - Hyderabad, Chennai, Bengaluru",LLMs | Machine Learning | Deep Learning | Large Language Model | Python | Tensorflow | Pyspark | Cnn,,1 week ago,,https://www.naukri.com/job-listings-machine-learning-engineer-aiml-engineer-data-scientist-mi-engineer-burgeon-it-services-hyderabad-chennai-bengaluru-7-to-12-years-260526017004,2026-06-04T15:58:32.135784
Naukri,machine learning engineer,Artificial Intelligence and Machine Learning Engineer (R&D),Litmus7 Systems Consulting,2-6 Yrs,,,,,Thiruvananthapuram,Artificial Intelligence | Machine Learning | Cnn | Rnn | Large Language Model | Natural Language Processing | Neural Networks | Reinforcement Learning,,1 day ago,3.6,https://www.naukri.com/job-listings-artificial-intelligence-and-machine-learning-engineer-r-d-litmus7-systems-consulting-thiruvananthapuram-2-to-6-years-030626029306,2026-06-04T15:58:32.136172
Naukri,machine learning engineer,Principal Machine Learning Engineer,Red Hat,2-6 Yrs,,,,,Bengaluru,Machine Learning | Open Source | C | Red Hat | Data Structures | Ai | Pytorch | Design,,5 days ago,4.3,https://www.naukri.com/job-listings-principal-machine-learning-engineer-red-hat-india-pvt-ltd-bengaluru-2-to-6-years-290526921019,2026-06-04T15:58:32.136558
Naukri,machine learning engineer,Machine Learning Engineer,Jforce Solutions,3-8 Yrs,,,,,Mumbai,Computer science | Training | Usage | data science | Artificial Intelligence | Machine learning | Deployment | Natural language processing,,2 days ago,2.3,https://www.naukri.com/job-listings-machine-learning-engineer-jforce-solutions-mumbai-3-to-8-years-020626501543,2026-06-04T15:58:32.136943
Naukri,machine learning engineer,Immediate Opportunity For Machine Learning Engineer,Trigyn Technologies,3-8 Yrs,,,,,Remote,Deep Learning | Cloud Deployment | Artificial Intelligence | Natural Language Processing | Api Integration | Machine Learning | Languages | Intelligence,,6 days ago,3.7,https://www.naukri.com/job-listings-immediate-opportunity-for-machine-learning-engineer-trigyn-technologies-mumbai-all-areas-3-to-8-years-290526007225,2026-06-04T15:58:32.137326
Naukri,machine learning engineer,"Principal Machine Learning Engineer, Document AI Data",Abbyy,10-15 Yrs,,,,,Bengaluru,Training | Automation | Diversity and Inclusion | Machine learning | Technical leadership | Wellness | Technical Lead | Data quality,,1 week ago,2.8,https://www.naukri.com/job-listings-principal-machine-learning-engineer-document-ai-data-abbyy-bengaluru-10-to-15-years-250526502972,2026-06-04T15:58:32.137707
Naukri,machine learning engineer,"Principal Machine Learning Engineer-AgenticAI, GenAi/LLM",Red Hat,5-10 Yrs,,,,,Bengaluru,Llm | Golang | Airflow | Tensorflow | Compliance | Alerting | Feature Engineering | Sre,,5 days ago,4.3,https://www.naukri.com/job-listings-principal-machine-learning-engineer-agenticai-genai-llm-red-hat-india-pvt-ltd-bengaluru-5-to-10-years-290526921020,2026-06-04T15:58:32.138095
Naukri,machine learning engineer,AI/Machine Learning Engineer,Apple,4-9 Yrs,,,,,Bengaluru,Training | analytics reporting | deep learning | Retail | data services | data science | Machine learning | Infrastructure,,3+ weeks ago,4.3,https://www.naukri.com/job-listings-ai-machine-learning-engineer-apple-india-pvt-ltd-bengaluru-4-to-9-years-200326500889,2026-06-04T15:58:53.691099
Naukri,machine learning engineer,"Staff Engineer, Machine Learning, Gen AI",Nagarro,5-8 Yrs,,,,,"Hybrid - Bengaluru, Mumbai (All Areas)",Generative Ai | Retrieval Augmented Generation | Machine Learning | Gen | Generation | Machine | Artificial Intelligence,,1 day ago,3.9,https://www.naukri.com/job-listings-staff-engineer-machine-learning-gen-ai-nagarro-bengaluru-mumbai-all-areas-5-to-8-years-080126020675,2026-06-04T15:58:53.691548
Naukri,machine learning engineer,"Machine Learning Engineer, Apple Intelligence",Apple,4-12 Yrs,,,,,Bengaluru,Training | Product engineering | Focus | Machine learning | Architectural design | Programming | Deployment | Natural language processing,,3+ weeks ago,4.3,https://www.naukri.com/job-listings-machine-learning-engineer-apple-intelligence-apple-india-pvt-ltd-bengaluru-4-to-12-years-130226502590,2026-06-04T15:58:53.691952
Naukri,machine learning engineer,Data Scientist/ Machine Learning Engineer,Hitachi Energy,5-8 Yrs,,,,,Bengaluru,Usage | Neural networks | Focus | Machine learning | Programming | Transformers | Natural language processing | data privacy,,3+ weeks ago,4.0,https://www.naukri.com/job-listings-data-scientist-machine-learning-engineer-hitachi-energy-bengaluru-5-to-8-years-010526502483,2026-06-04T15:58:53.692343
Naukri,machine learning engineer,Machine Learning Physical Design Engineer,Google,4-9 Yrs,,,,,Bengaluru,Logistic regression | Chip design | Neural networks | Artificial Intelligence | CAD | Machine learning | Physical verification | Data structures,,3+ weeks ago,4.4,https://www.naukri.com/job-listings-machine-learning-physical-design-engineer-google-india-private-limited-bengaluru-4-to-9-years-090725503781,2026-06-04T15:58:53.692727
Naukri,machine learning engineer,Machine Learning Engineer,Ltimindtree,6-11 Yrs,,,,,"Hybrid - Kolkata, Hyderabad, Bengaluru",Machine Learning | Artificial Intelligence | Ml | Intelligence | Machine,,Few hours ago,3.6,https://www.naukri.com/job-listings-machine-learning-engineer-ltimindtree-kolkata-hyderabad-bengaluru-6-to-11-years-040626015631,2026-06-04T15:58:53.693089
Naukri,machine learning engineer,Machine Learning Engineer,Valuelabs,3-7 Yrs,,,,,Hyderabad,Pytorch | Tensorflow | Xgboost | Artificial Intelligence | Natural Language Processing | Machine Learning | Deep Learning | Scikit-Learn,,1 day ago,3.4,https://www.naukri.com/job-listings-machine-learning-engineer-valuelabs-hyderabad-3-to-7-years-030626034363,2026-06-04T15:58:53.693509
Naukri,machine learning engineer,Machine Learning Engineer-Digital Twin,Capgemini,2-5 Yrs,,,,,Chennai,Machine Learning | Tensorflow | Generative Ai | Use Cases | Feature Engineering | Ai | Simulation Tools | Forecasting,,1 day ago,3.6,https://www.naukri.com/job-listings-machine-learning-engineer-digital-twin-capgemini-technology-services-india-limited-chennai-2-to-5-years-020626924821,2026-06-04T15:58:53.693896
Naukri,machine learning engineer,Artificial Intelligence Engineer & Machine Learning Engineer,Wappnet Systems,3-8 Yrs,,,,,Ahmedabad,Automation | Manager Quality Assurance | Prototype | GCP | Analytical | Machine learning | Outsourcing | SQL,,1 day ago,4.2,https://www.naukri.com/job-listings-artificial-intelligence-engineer-machine-learning-engineer-wappnet-systems-ahmedabad-3-to-8-years-030626502500,2026-06-04T15:58:53.694282
Naukri,machine learning engineer,Machine Learning Engineer(Computer Vision),Sarvayana Sansar Industries,2-7 Yrs,,,,,Hybrid - Bengaluru,YOLO v5 v7 v8 | Computer Vision | Tensorflow | Label Studio | Horovod | PyTorch DDP | X3D | AUROC,,Few hours ago,,https://www.naukri.com/job-listings-machine-learning-engineer-computer-vision-sarvayana-sansar-industries-bengaluru-2-to-7-years-040626010535,2026-06-04T15:58:53.694666
Naukri,machine learning engineer,Machine Learning Engineer ( RAG & Generative AI),Experis,5-10 Yrs,,,,,"Hyderabad, Pune, Bengaluru",LLM | SQL | Vector Database | RAG | Python | Retrieval | Azure | Generative AI,,Few hours ago,,https://www.naukri.com/job-listings-machine-learning-engineer-rag-generative-ai-experis-hyderabad-pune-bengaluru-5-to-10-years-040626018929,2026-06-04T15:58:53.695036
Naukri,machine learning engineer,Principal Machine Learning Engineer,Amgen Inc,10-15 Yrs,,,,,Hyderabad,compliance | python | github | ai | llm | machine learning | docker | ai engineer,,1 day ago,2.8,https://www.naukri.com/job-listings-principal-machine-learning-engineer-amgen-inc-hyderabad-10-to-15-years-030626914556,2026-06-04T15:58:53.695421
Naukri,machine learning engineer,Machine Learning Engineer,Wipro,6-10 Yrs,,,,,Bengaluru,Artificial Intelligence | Machine Learning | Python | Data Engineering | Aiml | Ci/Cd | Machine Learning Engineer | Al,,1 day ago,,https://www.naukri.com/job-listings-machine-learning-engineer-naukri-e-hire-campaign-bengaluru-6-to-10-years-030626019643,2026-06-04T15:58:53.695817
Naukri,machine learning engineer,"Machine Learning Engineer,AIML Engineer,Data Scientist,MI Engineer",Burgeon IT Services,7-12 Yrs,,,,,"Hybrid - Hyderabad, Chennai, Bengaluru",LLMs | Machine Learning | Deep Learning | Large Language Model | Python | Tensorflow | Pyspark | Cnn,,1 week ago,,https://www.naukri.com/job-listings-machine-learning-engineer-aiml-engineer-data-scientist-mi-engineer-burgeon-it-services-hyderabad-chennai-bengaluru-7-to-12-years-260526017004,2026-06-04T15:58:53.696256
Naukri,machine learning engineer,Artificial Intelligence and Machine Learning Engineer (R&D),Litmus7 Systems Consulting,2-6 Yrs,,,,,Thiruvananthapuram,Artificial Intelligence | Machine Learning | Cnn | Rnn | Large Language Model | Natural Language Processing | Neural Networks | Reinforcement Learning,,1 day ago,3.6,https://www.naukri.com/job-listings-artificial-intelligence-and-machine-learning-engineer-r-d-litmus7-systems-consulting-thiruvananthapuram-2-to-6-years-030626029306,2026-06-04T15:58:53.696647
Naukri,machine learning engineer,Principal Machine Learning Engineer,Red Hat,2-6 Yrs,,,,,Bengaluru,Machine Learning | Open Source | C | Red Hat | Data Structures | Ai | Pytorch | Design,,5 days ago,4.3,https://www.naukri.com/job-listings-principal-machine-learning-engineer-red-hat-india-pvt-ltd-bengaluru-2-to-6-years-290526921019,2026-06-04T15:58:53.697029
Naukri,machine learning engineer,Machine Learning Engineer,Jforce Solutions,3-8 Yrs,,,,,Mumbai,Computer science | Training | Usage | data science | Artificial Intelligence | Machine learning | Deployment | Natural language processing,,2 days ago,2.3,https://www.naukri.com/job-listings-machine-learning-engineer-jforce-solutions-mumbai-3-to-8-years-020626501543,2026-06-04T15:58:53.697414
Naukri,machine learning engineer,Immediate Opportunity For Machine Learning Engineer,Trigyn Technologies,3-8 Yrs,,,,,Remote,Deep Learning | Cloud Deployment | Artificial Intelligence | Natural Language Processing | Api Integration | Machine Learning | Languages | Intelligence,,6 days ago,3.7,https://www.naukri.com/job-listings-immediate-opportunity-for-machine-learning-engineer-trigyn-technologies-mumbai-all-areas-3-to-8-years-290526007225,2026-06-04T15:58:53.697797
Naukri,machine learning engineer,"Principal Machine Learning Engineer, Document AI Data",Abbyy,10-15 Yrs,,,,,Bengaluru,Training | Automation | Diversity and Inclusion | Machine learning | Technical leadership | Wellness | Technical Lead | Data quality,,1 week ago,2.8,https://www.naukri.com/job-listings-principal-machine-learning-engineer-document-ai-data-abbyy-bengaluru-10-to-15-years-250526502972,2026-06-04T15:58:53.698182
Naukri,machine learning engineer,"Principal Machine Learning Engineer-AgenticAI, GenAi/LLM",Red Hat,5-10 Yrs,,,,,Bengaluru,Llm | Golang | Airflow | Tensorflow | Compliance | Alerting | Feature Engineering | Sre,,5 days ago,4.3,https://www.naukri.com/job-listings-principal-machine-learning-engineer-agenticai-genai-llm-red-hat-india-pvt-ltd-bengaluru-5-to-10-years-290526921020,2026-06-04T15:58:53.698570
Naukri,machine learning engineer,AI/Machine Learning Engineer,Apple,4-9 Yrs,,,,,Bengaluru,Training | analytics reporting | deep learning | Retail | data services | data science | Machine learning | Infrastructure,,3+ weeks ago,4.3,https://www.naukri.com/job-listings-ai-machine-learning-engineer-apple-india-pvt-ltd-bengaluru-4-to-9-years-200326500889,2026-06-04T15:59:15.539808
Naukri,machine learning engineer,"Staff Engineer, Machine Learning, Gen AI",Nagarro,5-8 Yrs,,,,,"Hybrid - Bengaluru, Mumbai (All Areas)",Generative Ai | Retrieval Augmented Generation | Machine Learning | Gen | Generation | Machine | Artificial Intelligence,,1 day ago,3.9,https://www.naukri.com/job-listings-staff-engineer-machine-learning-gen-ai-nagarro-bengaluru-mumbai-all-areas-5-to-8-years-080126020675,2026-06-04T15:59:15.540204
Naukri,machine learning engineer,"Machine Learning Engineer, Apple Intelligence",Apple,4-12 Yrs,,,,,Bengaluru,Training | Product engineering | Focus | Machine learning | Architectural design | Programming | Deployment | Natural language processing,,3+ weeks ago,4.3,https://www.naukri.com/job-listings-machine-learning-engineer-apple-intelligence-apple-india-pvt-ltd-bengaluru-4-to-12-years-130226502590,2026-06-04T15:59:15.540589
Naukri,machine learning engineer,Data Scientist/ Machine Learning Engineer,Hitachi Energy,5-8 Yrs,,,,,Bengaluru,Usage | Neural networks | Focus | Machine learning | Programming | Transformers | Natural language processing | data privacy,,3+ weeks ago,4.0,https://www.naukri.com/job-listings-data-scientist-machine-learning-engineer-hitachi-energy-bengaluru-5-to-8-years-010526502483,2026-06-04T15:59:15.540975
Naukri,machine learning engineer,Machine Learning Physical Design Engineer,Google,4-9 Yrs,,,,,Bengaluru,Logistic regression | Chip design | Neural networks | Artificial Intelligence | CAD | Machine learning | Physical verification | Data structures,,3+ weeks ago,4.4,https://www.naukri.com/job-listings-machine-learning-physical-design-engineer-google-india-private-limited-bengaluru-4-to-9-years-090725503781,2026-06-04T15:59:15.541365
Naukri,machine learning engineer,Machine Learning Engineer,Ltimindtree,6-11 Yrs,,,,,"Hybrid - Kolkata, Hyderabad, Bengaluru",Machine Learning | Artificial Intelligence | Ml | Intelligence | Machine,,Few hours ago,3.6,https://www.naukri.com/job-listings-machine-learning-engineer-ltimindtree-kolkata-hyderabad-bengaluru-6-to-11-years-040626015631,2026-06-04T15:59:15.541722
Naukri,machine learning engineer,Machine Learning Engineer,Valuelabs,3-7 Yrs,,,,,Hyderabad,Pytorch | Tensorflow | Xgboost | Artificial Intelligence | Natural Language Processing | Machine Learning | Deep Learning | Scikit-Learn,,1 day ago,3.4,https://www.naukri.com/job-listings-machine-learning-engineer-valuelabs-hyderabad-3-to-7-years-030626034363,2026-06-04T15:59:15.542140
Naukri,machine learning engineer,Machine Learning Engineer-Digital Twin,Capgemini,2-5 Yrs,,,,,Chennai,Machine Learning | Tensorflow | Generative Ai | Use Cases | Feature Engineering | Ai | Simulation Tools | Forecasting,,1 day ago,3.6,https://www.naukri.com/job-listings-machine-learning-engineer-digital-twin-capgemini-technology-services-india-limited-chennai-2-to-5-years-020626924821,2026-06-04T15:59:15.542576
Naukri,machine learning engineer,Artificial Intelligence Engineer & Machine Learning Engineer,Wappnet Systems,3-8 Yrs,,,,,Ahmedabad,Automation | Manager Quality Assurance | Prototype | GCP | Analytical | Machine learning | Outsourcing | SQL,,1 day ago,4.2,https://www.naukri.com/job-listings-artificial-intelligence-engineer-machine-learning-engineer-wappnet-systems-ahmedabad-3-to-8-years-030626502500,2026-06-04T15:59:15.542963
Naukri,machine learning engineer,Machine Learning Engineer(Computer Vision),Sarvayana Sansar Industries,2-7 Yrs,,,,,Hybrid - Bengaluru,YOLO v5 v7 v8 | Computer Vision | Tensorflow | Label Studio | Horovod | PyTorch DDP | X3D | AUROC,,Few hours ago,,https://www.naukri.com/job-listings-machine-learning-engineer-computer-vision-sarvayana-sansar-industries-bengaluru-2-to-7-years-040626010535,2026-06-04T15:59:15.543345
Naukri,machine learning engineer,Machine Learning Engineer ( RAG & Generative AI),Experis,5-10 Yrs,,,,,"Hyderabad, Pune, Bengaluru",LLM | SQL | Vector Database | RAG | Python | Retrieval | Azure | Generative AI,,Few hours ago,,https://www.naukri.com/job-listings-machine-learning-engineer-rag-generative-ai-experis-hyderabad-pune-bengaluru-5-to-10-years-040626018929,2026-06-04T15:59:15.543722
Naukri,machine learning engineer,Principal Machine Learning Engineer,Amgen Inc,10-15 Yrs,,,,,Hyderabad,compliance | python | github | ai | llm | machine learning | docker | ai engineer,,1 day ago,2.8,https://www.naukri.com/job-listings-principal-machine-learning-engineer-amgen-inc-hyderabad-10-to-15-years-030626914556,2026-06-04T15:59:15.544110
Naukri,machine learning engineer,Machine Learning Engineer,Wipro,6-10 Yrs,,,,,Bengaluru,Artificial Intelligence | Machine Learning | Python | Data Engineering | Aiml | Ci/Cd | Machine Learning Engineer | Al,,1 day ago,,https://www.naukri.com/job-listings-machine-learning-engineer-naukri-e-hire-campaign-bengaluru-6-to-10-years-030626019643,2026-06-04T15:59:15.544509
Naukri,machine learning engineer,"Machine Learning Engineer,AIML Engineer,Data Scientist,MI Engineer",Burgeon IT Services,7-12 Yrs,,,,,"Hybrid - Hyderabad, Chennai, Bengaluru",LLMs | Machine Learning | Deep Learning | Large Language Model | Python | Tensorflow | Pyspark | Cnn,,1 week ago,,https://www.naukri.com/job-listings-machine-learning-engineer-aiml-engineer-data-scientist-mi-engineer-burgeon-it-services-hyderabad-chennai-bengaluru-7-to-12-years-260526017004,2026-06-04T15:59:15.544916
Naukri,machine learning engineer,Artificial Intelligence and Machine Learning Engineer (R&D),Litmus7 Systems Consulting,2-6 Yrs,,,,,Thiruvananthapuram,Artificial Intelligence | Machine Learning | Cnn | Rnn | Large Language Model | Natural Language Processing | Neural Networks | Reinforcement Learning,,1 day ago,3.6,https://www.naukri.com/job-listings-artificial-intelligence-and-machine-learning-engineer-r-d-litmus7-systems-consulting-thiruvananthapuram-2-to-6-years-030626029306,2026-06-04T15:59:15.545303
Naukri,machine learning engineer,Principal Machine Learning Engineer,Red Hat,2-6 Yrs,,,,,Bengaluru,Machine Learning | Open Source | C | Red Hat | Data Structures | Ai | Pytorch | Design,,5 days ago,4.3,https://www.naukri.com/job-listings-principal-machine-learning-engineer-red-hat-india-pvt-ltd-bengaluru-2-to-6-years-290526921019,2026-06-04T15:59:15.545689
Naukri,machine learning engineer,Machine Learning Engineer,Jforce Solutions,3-8 Yrs,,,,,Mumbai,Computer science | Training | Usage | data science | Artificial Intelligence | Machine learning | Deployment | Natural language processing,,2 days ago,2.3,https://www.naukri.com/job-listings-machine-learning-engineer-jforce-solutions-mumbai-3-to-8-years-020626501543,2026-06-04T15:59:15.546072
Naukri,machine learning engineer,Immediate Opportunity For Machine Learning Engineer,Trigyn Technologies,3-8 Yrs,,,,,Remote,Deep Learning | Cloud Deployment | Artificial Intelligence | Natural Language Processing | Api Integration | Machine Learning | Languages | Intelligence,,6 days ago,3.7,https://www.naukri.com/job-listings-immediate-opportunity-for-machine-learning-engineer-trigyn-technologies-mumbai-all-areas-3-to-8-years-290526007225,2026-06-04T15:59:15.546454
Naukri,machine learning engineer,"Principal Machine Learning Engineer, Document AI Data",Abbyy,10-15 Yrs,,,,,Bengaluru,Training | Automation | Diversity and Inclusion | Machine learning | Technical leadership | Wellness | Technical Lead | Data quality,,1 week ago,2.8,https://www.naukri.com/job-listings-principal-machine-learning-engineer-document-ai-data-abbyy-bengaluru-10-to-15-years-250526502972,2026-06-04T15:59:15.546840
Naukri,machine learning engineer,"Principal Machine Learning Engineer-AgenticAI, GenAi/LLM",Red Hat,5-10 Yrs,,,,,Bengaluru,Llm | Golang | Airflow | Tensorflow | Compliance | Alerting | Feature Engineering | Sre,,5 days ago,4.3,https://www.naukri.com/job-listings-principal-machine-learning-engineer-agenticai-genai-llm-red-hat-india-pvt-ltd-bengaluru-5-to-10-years-290526921020,2026-06-04T15:59:15.547235
Naukri,machine learning engineer,AI/Machine Learning Engineer,Apple,4-9 Yrs,,,,,Bengaluru,Training | analytics reporting | deep learning | Retail | data services | data science | Machine learning | Infrastructure,,3+ weeks ago,4.3,https://www.naukri.com/job-listings-ai-machine-learning-engineer-apple-india-pvt-ltd-bengaluru-4-to-9-years-200326500889,2026-06-04T15:59:37.100007
Naukri,machine learning engineer,"Staff Engineer, Machine Learning, Gen AI",Nagarro,5-8 Yrs,,,,,"Hybrid - Bengaluru, Mumbai (All Areas)",Generative Ai | Retrieval Augmented Generation | Machine Learning | Gen | Generation | Machine | Artificial Intelligence,,1 day ago,3.9,https://www.naukri.com/job-listings-staff-engineer-machine-learning-gen-ai-nagarro-bengaluru-mumbai-all-areas-5-to-8-years-080126020675,2026-06-04T15:59:37.100516
Naukri,machine learning engineer,"Machine Learning Engineer, Apple Intelligence",Apple,4-12 Yrs,,,,,Bengaluru,Training | Product engineering | Focus | Machine learning | Architectural design | Programming | Deployment | Natural language processing,,3+ weeks ago,4.3,https://www.naukri.com/job-listings-machine-learning-engineer-apple-intelligence-apple-india-pvt-ltd-bengaluru-4-to-12-years-130226502590,2026-06-04T15:59:37.100951
Naukri,machine learning engineer,Data Scientist/ Machine Learning Engineer,Hitachi Energy,5-8 Yrs,,,,,Bengaluru,Usage | Neural networks | Focus | Machine learning | Programming | Transformers | Natural language processing | data privacy,,3+ weeks ago,4.0,https://www.naukri.com/job-listings-data-scientist-machine-learning-engineer-hitachi-energy-bengaluru-5-to-8-years-010526502483,2026-06-04T15:59:37.101345
Naukri,machine learning engineer,Machine Learning Physical Design Engineer,Google,4-9 Yrs,,,,,Bengaluru,Logistic regression | Chip design | Neural networks | Artificial Intelligence | CAD | Machine learning | Physical verification | Data structures,,3+ weeks ago,4.4,https://www.naukri.com/job-listings-machine-learning-physical-design-engineer-google-india-private-limited-bengaluru-4-to-9-years-090725503781,2026-06-04T15:59:37.101743
Naukri,machine learning engineer,Machine Learning Engineer,Ltimindtree,6-11 Yrs,,,,,"Hybrid - Kolkata, Hyderabad, Bengaluru",Machine Learning | Artificial Intelligence | Ml | Intelligence | Machine,,Few hours ago,3.6,https://www.naukri.com/job-listings-machine-learning-engineer-ltimindtree-kolkata-hyderabad-bengaluru-6-to-11-years-040626015631,2026-06-04T15:59:37.102108
Naukri,machine learning engineer,Machine Learning Engineer,Valuelabs,3-7 Yrs,,,,,Hyderabad,Pytorch | Tensorflow | Xgboost | Artificial Intelligence | Natural Language Processing | Machine Learning | Deep Learning | Scikit-Learn,,1 day ago,3.4,https://www.naukri.com/job-listings-machine-learning-engineer-valuelabs-hyderabad-3-to-7-years-030626034363,2026-06-04T15:59:37.102536
Naukri,machine learning engineer,Machine Learning Engineer-Digital Twin,Capgemini,2-5 Yrs,,,,,Chennai,Machine Learning | Tensorflow | Generative Ai | Use Cases | Feature Engineering | Ai | Simulation Tools | Forecasting,,1 day ago,3.6,https://www.naukri.com/job-listings-machine-learning-engineer-digital-twin-capgemini-technology-services-india-limited-chennai-2-to-5-years-020626924821,2026-06-04T15:59:37.102941
Naukri,machine learning engineer,Artificial Intelligence Engineer & Machine Learning Engineer,Wappnet Systems,3-8 Yrs,,,,,Ahmedabad,Automation | Manager Quality Assurance | Prototype | GCP | Analytical | Machine learning | Outsourcing | SQL,,1 day ago,4.2,https://www.naukri.com/job-listings-artificial-intelligence-engineer-machine-learning-engineer-wappnet-systems-ahmedabad-3-to-8-years-030626502500,2026-06-04T15:59:37.103337
Naukri,machine learning engineer,Machine Learning Engineer(Computer Vision),Sarvayana Sansar Industries,2-7 Yrs,,,,,Hybrid - Bengaluru,YOLO v5 v7 v8 | Computer Vision | Tensorflow | Label Studio | Horovod | PyTorch DDP | X3D | AUROC,,Few hours ago,,https://www.naukri.com/job-listings-machine-learning-engineer-computer-vision-sarvayana-sansar-industries-bengaluru-2-to-7-years-040626010535,2026-06-04T15:59:37.103736
Naukri,machine learning engineer,Machine Learning Engineer ( RAG & Generative AI),Experis,5-10 Yrs,,,,,"Hyderabad, Pune, Bengaluru",LLM | SQL | Vector Database | RAG | Python | Retrieval | Azure | Generative AI,,Few hours ago,,https://www.naukri.com/job-listings-machine-learning-engineer-rag-generative-ai-experis-hyderabad-pune-bengaluru-5-to-10-years-040626018929,2026-06-04T15:59:37.104113
Naukri,machine learning engineer,Principal Machine Learning Engineer,Amgen Inc,10-15 Yrs,,,,,Hyderabad,compliance | python | github | ai | llm | machine learning | docker | ai engineer,,1 day ago,2.8,https://www.naukri.com/job-listings-principal-machine-learning-engineer-amgen-inc-hyderabad-10-to-15-years-030626914556,2026-06-04T15:59:37.104526
Naukri,machine learning engineer,Machine Learning Engineer,Wipro,6-10 Yrs,,,,,Bengaluru,Artificial Intelligence | Machine Learning | Python | Data Engineering | Aiml | Ci/Cd | Machine Learning Engineer | Al,,1 day ago,,https://www.naukri.com/job-listings-machine-learning-engineer-naukri-e-hire-campaign-bengaluru-6-to-10-years-030626019643,2026-06-04T15:59:37.104964
Naukri,machine learning engineer,"Machine Learning Engineer,AIML Engineer,Data Scientist,MI Engineer",Burgeon IT Services,7-12 Yrs,,,,,"Hybrid - Hyderabad, Chennai, Bengaluru",LLMs | Machine Learning | Deep Learning | Large Language Model | Python | Tensorflow | Pyspark | Cnn,,1 week ago,,https://www.naukri.com/job-listings-machine-learning-engineer-aiml-engineer-data-scientist-mi-engineer-burgeon-it-services-hyderabad-chennai-bengaluru-7-to-12-years-260526017004,2026-06-04T15:59:37.105379
Naukri,machine learning engineer,Artificial Intelligence and Machine Learning Engineer (R&D),Litmus7 Systems Consulting,2-6 Yrs,,,,,Thiruvananthapuram,Artificial Intelligence | Machine Learning | Cnn | Rnn | Large Language Model | Natural Language Processing | Neural Networks | Reinforcement Learning,,1 day ago,3.6,https://www.naukri.com/job-listings-artificial-intelligence-and-machine-learning-engineer-r-d-litmus7-systems-consulting-thiruvananthapuram-2-to-6-years-030626029306,2026-06-04T15:59:37.105783
Naukri,machine learning engineer,Principal Machine Learning Engineer,Red Hat,2-6 Yrs,,,,,Bengaluru,Machine Learning | Open Source | C | Red Hat | Data Structures | Ai | Pytorch | Design,,5 days ago,4.3,https://www.naukri.com/job-listings-principal-machine-learning-engineer-red-hat-india-pvt-ltd-bengaluru-2-to-6-years-290526921019,2026-06-04T15:59:37.106173
Naukri,machine learning engineer,Machine Learning Engineer,Jforce Solutions,3-8 Yrs,,,,,Mumbai,Computer science | Training | Usage | data science | Artificial Intelligence | Machine learning | Deployment | Natural language processing,,2 days ago,2.3,https://www.naukri.com/job-listings-machine-learning-engineer-jforce-solutions-mumbai-3-to-8-years-020626501543,2026-06-04T15:59:37.106577
Naukri,machine learning engineer,Immediate Opportunity For Machine Learning Engineer,Trigyn Technologies,3-8 Yrs,,,,,Remote,Deep Learning | Cloud Deployment | Artificial Intelligence | Natural Language Processing | Api Integration | Machine Learning | Languages | Intelligence,,6 days ago,3.7,https://www.naukri.com/job-listings-immediate-opportunity-for-machine-learning-engineer-trigyn-technologies-mumbai-all-areas-3-to-8-years-290526007225,2026-06-04T15:59:37.106972
Naukri,machine learning engineer,"Principal Machine Learning Engineer, Document AI Data",Abbyy,10-15 Yrs,,,,,Bengaluru,Training | Automation | Diversity and Inclusion | Machine learning | Technical leadership | Wellness | Technical Lead | Data quality,,1 week ago,2.8,https://www.naukri.com/job-listings-principal-machine-learning-engineer-document-ai-data-abbyy-bengaluru-10-to-15-years-250526502972,2026-06-04T15:59:37.107366
Naukri,machine learning engineer,"Principal Machine Learning Engineer-AgenticAI, GenAi/LLM",Red Hat,5-10 Yrs,,,,,Bengaluru,Llm | Golang | Airflow | Tensorflow | Compliance | Alerting | Feature Engineering | Sre,,5 days ago,4.3,https://www.naukri.com/job-listings-principal-machine-learning-engineer-agenticai-genai-llm-red-hat-india-pvt-ltd-bengaluru-5-to-10-years-290526921020,2026-06-04T15:59:37.107776
Naukri,machine learning engineer,AI/Machine Learning Engineer,Apple,4-9 Yrs,,,,,Bengaluru,Training | analytics reporting | deep learning | Retail | data services | data science | Machine learning | Infrastructure,,3+ weeks ago,4.3,https://www.naukri.com/job-listings-ai-machine-learning-engineer-apple-india-pvt-ltd-bengaluru-4-to-9-years-200326500889,2026-06-04T15:59:58.887587
Naukri,machine learning engineer,"Staff Engineer, Machine Learning, Gen AI",Nagarro,5-8 Yrs,,,,,"Hybrid - Bengaluru, Mumbai (All Areas)",Generative Ai | Retrieval Augmented Generation | Machine Learning | Gen | Generation | Machine | Artificial Intelligence,,1 day ago,3.9,https://www.naukri.com/job-listings-staff-engineer-machine-learning-gen-ai-nagarro-bengaluru-mumbai-all-areas-5-to-8-years-080126020675,2026-06-04T15:59:58.888035
Naukri,machine learning engineer,"Machine Learning Engineer, Apple Intelligence",Apple,4-12 Yrs,,,,,Bengaluru,Training | Product engineering | Focus | Machine learning | Architectural design | Programming | Deployment | Natural language processing,,3+ weeks ago,4.3,https://www.naukri.com/job-listings-machine-learning-engineer-apple-intelligence-apple-india-pvt-ltd-bengaluru-4-to-12-years-130226502590,2026-06-04T15:59:58.888434
Naukri,machine learning engineer,Data Scientist/ Machine Learning Engineer,Hitachi Energy,5-8 Yrs,,,,,Bengaluru,Usage | Neural networks | Focus | Machine learning | Programming | Transformers | Natural language processing | data privacy,,3+ weeks ago,4.0,https://www.naukri.com/job-listings-data-scientist-machine-learning-engineer-hitachi-energy-bengaluru-5-to-8-years-010526502483,2026-06-04T15:59:58.888822
Naukri,machine learning engineer,Machine Learning Physical Design Engineer,Google,4-9 Yrs,,,,,Bengaluru,Logistic regression | Chip design | Neural networks | Artificial Intelligence | CAD | Machine learning | Physical verification | Data structures,,3+ weeks ago,4.4,https://www.naukri.com/job-listings-machine-learning-physical-design-engineer-google-india-private-limited-bengaluru-4-to-9-years-090725503781,2026-06-04T15:59:58.889204
Naukri,machine learning engineer,Machine Learning Engineer,Ltimindtree,6-11 Yrs,,,,,"Hybrid - Kolkata, Hyderabad, Bengaluru",Machine Learning | Artificial Intelligence | Ml | Intelligence | Machine,,Few hours ago,3.6,https://www.naukri.com/job-listings-machine-learning-engineer-ltimindtree-kolkata-hyderabad-bengaluru-6-to-11-years-040626015631,2026-06-04T15:59:58.889564
Naukri,machine learning engineer,Machine Learning Engineer,Valuelabs,3-7 Yrs,,,,,Hyderabad,Pytorch | Tensorflow | Xgboost | Artificial Intelligence | Natural Language Processing | Machine Learning | Deep Learning | Scikit-Learn,,1 day ago,3.4,https://www.naukri.com/job-listings-machine-learning-engineer-valuelabs-hyderabad-3-to-7-years-030626034363,2026-06-04T15:59:58.889981
Naukri,machine learning engineer,Machine Learning Engineer-Digital Twin,Capgemini,2-5 Yrs,,,,,Chennai,Machine Learning | Tensorflow | Generative Ai | Use Cases | Feature Engineering | Ai | Simulation Tools | Forecasting,,1 day ago,3.6,https://www.naukri.com/job-listings-machine-learning-engineer-digital-twin-capgemini-technology-services-india-limited-chennai-2-to-5-years-020626924821,2026-06-04T15:59:58.890364
Naukri,machine learning engineer,Artificial Intelligence Engineer & Machine Learning Engineer,Wappnet Systems,3-8 Yrs,,,,,Ahmedabad,Automation | Manager Quality Assurance | Prototype | GCP | Analytical | Machine learning | Outsourcing | SQL,,1 day ago,4.2,https://www.naukri.com/job-listings-artificial-intelligence-engineer-machine-learning-engineer-wappnet-systems-ahmedabad-3-to-8-years-030626502500,2026-06-04T15:59:58.890748
Naukri,machine learning engineer,Machine Learning Engineer(Computer Vision),Sarvayana Sansar Industries,2-7 Yrs,,,,,Hybrid - Bengaluru,YOLO v5 v7 v8 | Computer Vision | Tensorflow | Label Studio | Horovod | PyTorch DDP | X3D | AUROC,,Few hours ago,,https://www.naukri.com/job-listings-machine-learning-engineer-computer-vision-sarvayana-sansar-industries-bengaluru-2-to-7-years-040626010535,2026-06-04T15:59:58.891127
Naukri,machine learning engineer,Machine Learning Engineer ( RAG & Generative AI),Experis,5-10 Yrs,,,,,"Hyderabad, Pune, Bengaluru",LLM | SQL | Vector Database | RAG | Python | Retrieval | Azure | Generative AI,,Few hours ago,,https://www.naukri.com/job-listings-machine-learning-engineer-rag-generative-ai-experis-hyderabad-pune-bengaluru-5-to-10-years-040626018929,2026-06-04T15:59:58.891496
Naukri,machine learning engineer,Principal Machine Learning Engineer,Amgen Inc,10-15 Yrs,,,,,Hyderabad,compliance | python | github | ai | llm | machine learning | docker | ai engineer,,1 day ago,2.8,https://www.naukri.com/job-listings-principal-machine-learning-engineer-amgen-inc-hyderabad-10-to-15-years-030626914556,2026-06-04T15:59:58.891883
Naukri,machine learning engineer,Machine Learning Engineer,Wipro,6-10 Yrs,,,,,Bengaluru,Artificial Intelligence | Machine Learning | Python | Data Engineering | Aiml | Ci/Cd | Machine Learning Engineer | Al,,1 day ago,,https://www.naukri.com/job-listings-machine-learning-engineer-naukri-e-hire-campaign-bengaluru-6-to-10-years-030626019643,2026-06-04T15:59:58.892277
Naukri,machine learning engineer,"Machine Learning Engineer,AIML Engineer,Data Scientist,MI Engineer",Burgeon IT Services,7-12 Yrs,,,,,"Hybrid - Hyderabad, Chennai, Bengaluru",LLMs | Machine Learning | Deep Learning | Large Language Model | Python | Tensorflow | Pyspark | Cnn,,1 week ago,,https://www.naukri.com/job-listings-machine-learning-engineer-aiml-engineer-data-scientist-mi-engineer-burgeon-it-services-hyderabad-chennai-bengaluru-7-to-12-years-260526017004,2026-06-04T15:59:58.892675
Naukri,machine learning engineer,Artificial Intelligence and Machine Learning Engineer (R&D),Litmus7 Systems Consulting,2-6 Yrs,,,,,Thiruvananthapuram,Artificial Intelligence | Machine Learning | Cnn | Rnn | Large Language Model | Natural Language Processing | Neural Networks | Reinforcement Learning,,1 day ago,3.6,https://www.naukri.com/job-listings-artificial-intelligence-and-machine-learning-engineer-r-d-litmus7-systems-consulting-thiruvananthapuram-2-to-6-years-030626029306,2026-06-04T15:59:58.893056
Naukri,machine learning engineer,Principal Machine Learning Engineer,Red Hat,2-6 Yrs,,,,,Bengaluru,Machine Learning | Open Source | C | Red Hat | Data Structures | Ai | Pytorch | Design,,5 days ago,4.3,https://www.naukri.com/job-listings-principal-machine-learning-engineer-red-hat-india-pvt-ltd-bengaluru-2-to-6-years-290526921019,2026-06-04T15:59:58.893440
Naukri,machine learning engineer,Machine Learning Engineer,Jforce Solutions,3-8 Yrs,,,,,Mumbai,Computer science | Training | Usage | data science | Artificial Intelligence | Machine learning | Deployment | Natural language processing,,2 days ago,2.3,https://www.naukri.com/job-listings-machine-learning-engineer-jforce-solutions-mumbai-3-to-8-years-020626501543,2026-06-04T15:59:58.893823
Naukri,machine learning engineer,Immediate Opportunity For Machine Learning Engineer,Trigyn Technologies,3-8 Yrs,,,,,Remote,Deep Learning | Cloud Deployment | Artificial Intelligence | Natural Language Processing | Api Integration | Machine Learning | Languages | Intelligence,,6 days ago,3.7,https://www.naukri.com/job-listings-immediate-opportunity-for-machine-learning-engineer-trigyn-technologies-mumbai-all-areas-3-to-8-years-290526007225,2026-06-04T15:59:58.894204
Naukri,machine learning engineer,"Principal Machine Learning Engineer, Document AI Data",Abbyy,10-15 Yrs,,,,,Bengaluru,Training | Automation | Diversity and Inclusion | Machine learning | Technical leadership | Wellness | Technical Lead | Data quality,,1 week ago,2.8,https://www.naukri.com/job-listings-principal-machine-learning-engineer-document-ai-data-abbyy-bengaluru-10-to-15-years-250526502972,2026-06-04T15:59:58.894587
Naukri,machine learning engineer,"Principal Machine Learning Engineer-AgenticAI, GenAi/LLM",Red Hat,5-10 Yrs,,,,,Bengaluru,Llm | Golang | Airflow | Tensorflow | Compliance | Alerting | Feature Engineering | Sre,,5 days ago,4.3,https://www.naukri.com/job-listings-principal-machine-learning-engineer-agenticai-genai-llm-red-hat-india-pvt-ltd-bengaluru-5-to-10-years-290526921020,2026-06-04T15:59:58.894974
Naukri,machine learning engineer,AI/Machine Learning Engineer,Apple,4-9 Yrs,,,,,Bengaluru,Training | analytics reporting | deep learning | Retail | data services | data science | Machine learning | Infrastructure,,3+ weeks ago,4.3,https://www.naukri.com/job-listings-ai-machine-learning-engineer-apple-india-pvt-ltd-bengaluru-4-to-9-years-200326500889,2026-06-04T16:00:21.094960
Naukri,machine learning engineer,"Staff Engineer, Machine Learning, Gen AI",Nagarro,5-8 Yrs,,,,,"Hybrid - Bengaluru, Mumbai (All Areas)",Generative Ai | Retrieval Augmented Generation | Machine Learning | Gen | Generation | Machine | Artificial Intelligence,,1 day ago,3.9,https://www.naukri.com/job-listings-staff-engineer-machine-learning-gen-ai-nagarro-bengaluru-mumbai-all-areas-5-to-8-years-080126020675,2026-06-04T16:00:21.095354
Naukri,machine learning engineer,"Machine Learning Engineer, Apple Intelligence",Apple,4-12 Yrs,,,,,Bengaluru,Training | Product engineering | Focus | Machine learning | Architectural design | Programming | Deployment | Natural language processing,,3+ weeks ago,4.3,https://www.naukri.com/job-listings-machine-learning-engineer-apple-intelligence-apple-india-pvt-ltd-bengaluru-4-to-12-years-130226502590,2026-06-04T16:00:21.095747
Naukri,machine learning engineer,Data Scientist/ Machine Learning Engineer,Hitachi Energy,5-8 Yrs,,,,,Bengaluru,Usage | Neural networks | Focus | Machine learning | Programming | Transformers | Natural language processing | data privacy,,3+ weeks ago,4.0,https://www.naukri.com/job-listings-data-scientist-machine-learning-engineer-hitachi-energy-bengaluru-5-to-8-years-010526502483,2026-06-04T16:00:21.096152
Naukri,machine learning engineer,Machine Learning Physical Design Engineer,Google,4-9 Yrs,,,,,Bengaluru,Logistic regression | Chip design | Neural networks | Artificial Intelligence | CAD | Machine learning | Physical verification | Data structures,,3+ weeks ago,4.4,https://www.naukri.com/job-listings-machine-learning-physical-design-engineer-google-india-private-limited-bengaluru-4-to-9-years-090725503781,2026-06-04T16:00:21.096535
Naukri,machine learning engineer,Machine Learning Engineer,Ltimindtree,6-11 Yrs,,,,,"Hybrid - Kolkata, Hyderabad, Bengaluru",Machine Learning | Artificial Intelligence | Ml | Intelligence | Machine,,Few hours ago,3.6,https://www.naukri.com/job-listings-machine-learning-engineer-ltimindtree-kolkata-hyderabad-bengaluru-6-to-11-years-040626015631,2026-06-04T16:00:21.096893
Naukri,machine learning engineer,Machine Learning Engineer,Valuelabs,3-7 Yrs,,,,,Hyderabad,Pytorch | Tensorflow | Xgboost | Artificial Intelligence | Natural Language Processing | Machine Learning | Deep Learning | Scikit-Learn,,1 day ago,3.4,https://www.naukri.com/job-listings-machine-learning-engineer-valuelabs-hyderabad-3-to-7-years-030626034363,2026-06-04T16:00:21.097319
Naukri,machine learning engineer,Machine Learning Engineer-Digital Twin,Capgemini,2-5 Yrs,,,,,Chennai,Machine Learning | Tensorflow | Generative Ai | Use Cases | Feature Engineering | Ai | Simulation Tools | Forecasting,,1 day ago,3.6,https://www.naukri.com/job-listings-machine-learning-engineer-digital-twin-capgemini-technology-services-india-limited-chennai-2-to-5-years-020626924821,2026-06-04T16:00:21.097718
Naukri,machine learning engineer,Artificial Intelligence Engineer & Machine Learning Engineer,Wappnet Systems,3-8 Yrs,,,,,Ahmedabad,Automation | Manager Quality Assurance | Prototype | GCP | Analytical | Machine learning | Outsourcing | SQL,,1 day ago,4.2,https://www.naukri.com/job-listings-artificial-intelligence-engineer-machine-learning-engineer-wappnet-systems-ahmedabad-3-to-8-years-030626502500,2026-06-04T16:00:21.098107
Naukri,machine learning engineer,Machine Learning Engineer(Computer Vision),Sarvayana Sansar Industries,2-7 Yrs,,,,,Hybrid - Bengaluru,YOLO v5 v7 v8 | Computer Vision | Tensorflow | Label Studio | Horovod | PyTorch DDP | X3D | AUROC,,Few hours ago,,https://www.naukri.com/job-listings-machine-learning-engineer-computer-vision-sarvayana-sansar-industries-bengaluru-2-to-7-years-040626010535,2026-06-04T16:00:21.098537
Naukri,machine learning engineer,Machine Learning Engineer ( RAG & Generative AI),Experis,5-10 Yrs,,,,,"Hyderabad, Pune, Bengaluru",LLM | SQL | Vector Database | RAG | Python | Retrieval | Azure | Generative AI,,Few hours ago,,https://www.naukri.com/job-listings-machine-learning-engineer-rag-generative-ai-experis-hyderabad-pune-bengaluru-5-to-10-years-040626018929,2026-06-04T16:00:21.098905
Naukri,machine learning engineer,Principal Machine Learning Engineer,Amgen Inc,10-15 Yrs,,,,,Hyderabad,compliance | python | github | ai | llm | machine learning | docker | ai engineer,,1 day ago,2.8,https://www.naukri.com/job-listings-principal-machine-learning-engineer-amgen-inc-hyderabad-10-to-15-years-030626914556,2026-06-04T16:00:21.099289
Naukri,machine learning engineer,Machine Learning Engineer,Wipro,6-10 Yrs,,,,,Bengaluru,Artificial Intelligence | Machine Learning | Python | Data Engineering | Aiml | Ci/Cd | Machine Learning Engineer | Al,,1 day ago,,https://www.naukri.com/job-listings-machine-learning-engineer-naukri-e-hire-campaign-bengaluru-6-to-10-years-030626019643,2026-06-04T16:00:21.099687
Naukri,machine learning engineer,"Machine Learning Engineer,AIML Engineer,Data Scientist,MI Engineer",Burgeon IT Services,7-12 Yrs,,,,,"Hybrid - Hyderabad, Chennai, Bengaluru",LLMs | Machine Learning | Deep Learning | Large Language Model | Python | Tensorflow | Pyspark | Cnn,,1 week ago,,https://www.naukri.com/job-listings-machine-learning-engineer-aiml-engineer-data-scientist-mi-engineer-burgeon-it-services-hyderabad-chennai-bengaluru-7-to-12-years-260526017004,2026-06-04T16:00:21.100089
Naukri,machine learning engineer,Artificial Intelligence and Machine Learning Engineer (R&D),Litmus7 Systems Consulting,2-6 Yrs,,,,,Thiruvananthapuram,Artificial Intelligence | Machine Learning | Cnn | Rnn | Large Language Model | Natural Language Processing | Neural Networks | Reinforcement Learning,,1 day ago,3.6,https://www.naukri.com/job-listings-artificial-intelligence-and-machine-learning-engineer-r-d-litmus7-systems-consulting-thiruvananthapuram-2-to-6-years-030626029306,2026-06-04T16:00:21.100471
Naukri,machine learning engineer,Principal Machine Learning Engineer,Red Hat,2-6 Yrs,,,,,Bengaluru,Machine Learning | Open Source | C | Red Hat | Data Structures | Ai | Pytorch | Design,,5 days ago,4.3,https://www.naukri.com/job-listings-principal-machine-learning-engineer-red-hat-india-pvt-ltd-bengaluru-2-to-6-years-290526921019,2026-06-04T16:00:21.100856
Naukri,machine learning engineer,Machine Learning Engineer,Jforce Solutions,3-8 Yrs,,,,,Mumbai,Computer science | Training | Usage | data science | Artificial Intelligence | Machine learning | Deployment | Natural language processing,,2 days ago,2.3,https://www.naukri.com/job-listings-machine-learning-engineer-jforce-solutions-mumbai-3-to-8-years-020626501543,2026-06-04T16:00:21.101240
Naukri,machine learning engineer,Immediate Opportunity For Machine Learning Engineer,Trigyn Technologies,3-8 Yrs,,,,,Remote,Deep Learning | Cloud Deployment | Artificial Intelligence | Natural Language Processing | Api Integration | Machine Learning | Languages | Intelligence,,6 days ago,3.7,https://www.naukri.com/job-listings-immediate-opportunity-for-machine-learning-engineer-trigyn-technologies-mumbai-all-areas-3-to-8-years-290526007225,2026-06-04T16:00:21.101622
Naukri,machine learning engineer,"Principal Machine Learning Engineer, Document AI Data",Abbyy,10-15 Yrs,,,,,Bengaluru,Training | Automation | Diversity and Inclusion | Machine learning | Technical leadership | Wellness | Technical Lead | Data quality,,1 week ago,2.8,https://www.naukri.com/job-listings-principal-machine-learning-engineer-document-ai-data-abbyy-bengaluru-10-to-15-years-250526502972,2026-06-04T16:00:21.102004
Naukri,machine learning engineer,"Principal Machine Learning Engineer-AgenticAI, GenAi/LLM",Red Hat,5-10 Yrs,,,,,Bengaluru,Llm | Golang | Airflow | Tensorflow | Compliance | Alerting | Feature Engineering | Sre,,5 days ago,4.3,https://www.naukri.com/job-listings-principal-machine-learning-engineer-agenticai-genai-llm-red-hat-india-pvt-ltd-bengaluru-5-to-10-years-290526921020,2026-06-04T16:00:21.102392
Naukri,machine learning engineer,AI/Machine Learning Engineer,Apple,4-9 Yrs,,,,,Bengaluru,Training | analytics reporting | deep learning | Retail | data services | data science | Machine learning | Infrastructure,,3+ weeks ago,4.3,https://www.naukri.com/job-listings-ai-machine-learning-engineer-apple-india-pvt-ltd-bengaluru-4-to-9-years-200326500889,2026-06-04T16:00:43.173590
Naukri,machine learning engineer,"Staff Engineer, Machine Learning, Gen AI",Nagarro,5-8 Yrs,,,,,"Hybrid - Bengaluru, Mumbai (All Areas)",Generative Ai | Retrieval Augmented Generation | Machine Learning | Gen | Generation | Machine | Artificial Intelligence,,1 day ago,3.9,https://www.naukri.com/job-listings-staff-engineer-machine-learning-gen-ai-nagarro-bengaluru-mumbai-all-areas-5-to-8-years-080126020675,2026-06-04T16:00:43.174013
Naukri,machine learning engineer,"Machine Learning Engineer, Apple Intelligence",Apple,4-12 Yrs,,,,,Bengaluru,Training | Product engineering | Focus | Machine learning | Architectural design | Programming | Deployment | Natural language processing,,3+ weeks ago,4.3,https://www.naukri.com/job-listings-machine-learning-engineer-apple-intelligence-apple-india-pvt-ltd-bengaluru-4-to-12-years-130226502590,2026-06-04T16:00:43.174410
Naukri,machine learning engineer,Data Scientist/ Machine Learning Engineer,Hitachi Energy,5-8 Yrs,,,,,Bengaluru,Usage | Neural networks | Focus | Machine learning | Programming | Transformers | Natural language processing | data privacy,,3+ weeks ago,4.0,https://www.naukri.com/job-listings-data-scientist-machine-learning-engineer-hitachi-energy-bengaluru-5-to-8-years-010526502483,2026-06-04T16:00:43.174794
Naukri,machine learning engineer,Machine Learning Physical Design Engineer,Google,4-9 Yrs,,,,,Bengaluru,Logistic regression | Chip design | Neural networks | Artificial Intelligence | CAD | Machine learning | Physical verification | Data structures,,3+ weeks ago,4.4,https://www.naukri.com/job-listings-machine-learning-physical-design-engineer-google-india-private-limited-bengaluru-4-to-9-years-090725503781,2026-06-04T16:00:43.175185
Naukri,machine learning engineer,Machine Learning Engineer,Ltimindtree,6-11 Yrs,,,,,"Hybrid - Kolkata, Hyderabad, Bengaluru",Machine Learning | Artificial Intelligence | Ml | Intelligence | Machine,,Few hours ago,3.6,https://www.naukri.com/job-listings-machine-learning-engineer-ltimindtree-kolkata-hyderabad-bengaluru-6-to-11-years-040626015631,2026-06-04T16:00:43.175548
Naukri,machine learning engineer,Machine Learning Engineer,Valuelabs,3-7 Yrs,,,,,Hyderabad,Pytorch | Tensorflow | Xgboost | Artificial Intelligence | Natural Language Processing | Machine Learning | Deep Learning | Scikit-Learn,,1 day ago,3.4,https://www.naukri.com/job-listings-machine-learning-engineer-valuelabs-hyderabad-3-to-7-years-030626034363,2026-06-04T16:00:43.175963
Naukri,machine learning engineer,Machine Learning Engineer-Digital Twin,Capgemini,2-5 Yrs,,,,,Chennai,Machine Learning | Tensorflow | Generative Ai | Use Cases | Feature Engineering | Ai | Simulation Tools | Forecasting,,1 day ago,3.6,https://www.naukri.com/job-listings-machine-learning-engineer-digital-twin-capgemini-technology-services-india-limited-chennai-2-to-5-years-020626924821,2026-06-04T16:00:43.176348
Naukri,machine learning engineer,Artificial Intelligence Engineer & Machine Learning Engineer,Wappnet Systems,3-8 Yrs,,,,,Ahmedabad,Automation | Manager Quality Assurance | Prototype | GCP | Analytical | Machine learning | Outsourcing | SQL,,1 day ago,4.2,https://www.naukri.com/job-listings-artificial-intelligence-engineer-machine-learning-engineer-wappnet-systems-ahmedabad-3-to-8-years-030626502500,2026-06-04T16:00:43.176731
Naukri,machine learning engineer,Machine Learning Engineer(Computer Vision),Sarvayana Sansar Industries,2-7 Yrs,,,,,Hybrid - Bengaluru,YOLO v5 v7 v8 | Computer Vision | Tensorflow | Label Studio | Horovod | PyTorch DDP | X3D | AUROC,,Few hours ago,,https://www.naukri.com/job-listings-machine-learning-engineer-computer-vision-sarvayana-sansar-industries-bengaluru-2-to-7-years-040626010535,2026-06-04T16:00:43.177110
Naukri,machine learning engineer,Machine Learning Engineer ( RAG & Generative AI),Experis,5-10 Yrs,,,,,"Hyderabad, Pune, Bengaluru",LLM | SQL | Vector Database | RAG | Python | Retrieval | Azure | Generative AI,,Few hours ago,,https://www.naukri.com/job-listings-machine-learning-engineer-rag-generative-ai-experis-hyderabad-pune-bengaluru-5-to-10-years-040626018929,2026-06-04T16:00:43.177476
Naukri,machine learning engineer,Principal Machine Learning Engineer,Amgen Inc,10-15 Yrs,,,,,Hyderabad,compliance | python | github | ai | llm | machine learning | docker | ai engineer,,1 day ago,2.8,https://www.naukri.com/job-listings-principal-machine-learning-engineer-amgen-inc-hyderabad-10-to-15-years-030626914556,2026-06-04T16:00:43.177856
Naukri,machine learning engineer,Machine Learning Engineer,Wipro,6-10 Yrs,,,,,Bengaluru,Artificial Intelligence | Machine Learning | Python | Data Engineering | Aiml | Ci/Cd | Machine Learning Engineer | Al,,1 day ago,,https://www.naukri.com/job-listings-machine-learning-engineer-naukri-e-hire-campaign-bengaluru-6-to-10-years-030626019643,2026-06-04T16:00:43.178252
Naukri,machine learning engineer,"Machine Learning Engineer,AIML Engineer,Data Scientist,MI Engineer",Burgeon IT Services,7-12 Yrs,,,,,"Hybrid - Hyderabad, Chennai, Bengaluru",LLMs | Machine Learning | Deep Learning | Large Language Model | Python | Tensorflow | Pyspark | Cnn,,1 week ago,,https://www.naukri.com/job-listings-machine-learning-engineer-aiml-engineer-data-scientist-mi-engineer-burgeon-it-services-hyderabad-chennai-bengaluru-7-to-12-years-260526017004,2026-06-04T16:00:43.178652
Naukri,machine learning engineer,Artificial Intelligence and Machine Learning Engineer (R&D),Litmus7 Systems Consulting,2-6 Yrs,,,,,Thiruvananthapuram,Artificial Intelligence | Machine Learning | Cnn | Rnn | Large Language Model | Natural Language Processing | Neural Networks | Reinforcement Learning,,1 day ago,3.6,https://www.naukri.com/job-listings-artificial-intelligence-and-machine-learning-engineer-r-d-litmus7-systems-consulting-thiruvananthapuram-2-to-6-years-030626029306,2026-06-04T16:00:43.179035
Naukri,machine learning engineer,Principal Machine Learning Engineer,Red Hat,2-6 Yrs,,,,,Bengaluru,Machine Learning | Open Source | C | Red Hat | Data Structures | Ai | Pytorch | Design,,5 days ago,4.3,https://www.naukri.com/job-listings-principal-machine-learning-engineer-red-hat-india-pvt-ltd-bengaluru-2-to-6-years-290526921019,2026-06-04T16:00:43.179415
Naukri,machine learning engineer,Machine Learning Engineer,Jforce Solutions,3-8 Yrs,,,,,Mumbai,Computer science | Training | Usage | data science | Artificial Intelligence | Machine learning | Deployment | Natural language processing,,2 days ago,2.3,https://www.naukri.com/job-listings-machine-learning-engineer-jforce-solutions-mumbai-3-to-8-years-020626501543,2026-06-04T16:00:43.179797
Naukri,machine learning engineer,Immediate Opportunity For Machine Learning Engineer,Trigyn Technologies,3-8 Yrs,,,,,Remote,Deep Learning | Cloud Deployment | Artificial Intelligence | Natural Language Processing | Api Integration | Machine Learning | Languages | Intelligence,,6 days ago,3.7,https://www.naukri.com/job-listings-immediate-opportunity-for-machine-learning-engineer-trigyn-technologies-mumbai-all-areas-3-to-8-years-290526007225,2026-06-04T16:00:43.180180
Naukri,machine learning engineer,"Principal Machine Learning Engineer, Document AI Data",Abbyy,10-15 Yrs,,,,,Bengaluru,Training | Automation | Diversity and Inclusion | Machine learning | Technical leadership | Wellness | Technical Lead | Data quality,,1 week ago,2.8,https://www.naukri.com/job-listings-principal-machine-learning-engineer-document-ai-data-abbyy-bengaluru-10-to-15-years-250526502972,2026-06-04T16:00:43.180564
Naukri,machine learning engineer,"Principal Machine Learning Engineer-AgenticAI, GenAi/LLM",Red Hat,5-10 Yrs,,,,,Bengaluru,Llm | Golang | Airflow | Tensorflow | Compliance | Alerting | Feature Engineering | Sre,,5 days ago,4.3,https://www.naukri.com/job-listings-principal-machine-learning-engineer-agenticai-genai-llm-red-hat-india-pvt-ltd-bengaluru-5-to-10-years-290526921020,2026-06-04T16:00:43.180954
Naukri,machine learning engineer,AI/Machine Learning Engineer,Apple,4-9 Yrs,,,,,Bengaluru,Training | analytics reporting | deep learning | Retail | data services | data science | Machine learning | Infrastructure,,3+ weeks ago,4.3,https://www.naukri.com/job-listings-ai-machine-learning-engineer-apple-india-pvt-ltd-bengaluru-4-to-9-years-200326500889,2026-06-04T16:01:04.830585
Naukri,machine learning engineer,"Staff Engineer, Machine Learning, Gen AI",Nagarro,5-8 Yrs,,,,,"Hybrid - Bengaluru, Mumbai (All Areas)",Generative Ai | Retrieval Augmented Generation | Machine Learning | Gen | Generation | Machine | Artificial Intelligence,,1 day ago,3.9,https://www.naukri.com/job-listings-staff-engineer-machine-learning-gen-ai-nagarro-bengaluru-mumbai-all-areas-5-to-8-years-080126020675,2026-06-04T16:01:04.831018
Naukri,machine learning engineer,"Machine Learning Engineer, Apple Intelligence",Apple,4-12 Yrs,,,,,Bengaluru,Training | Product engineering | Focus | Machine learning | Architectural design | Programming | Deployment | Natural language processing,,3+ weeks ago,4.3,https://www.naukri.com/job-listings-machine-learning-engineer-apple-intelligence-apple-india-pvt-ltd-bengaluru-4-to-12-years-130226502590,2026-06-04T16:01:04.831526
Naukri,machine learning engineer,Data Scientist/ Machine Learning Engineer,Hitachi Energy,5-8 Yrs,,,,,Bengaluru,Usage | Neural networks | Focus | Machine learning | Programming | Transformers | Natural language processing | data privacy,,3+ weeks ago,4.0,https://www.naukri.com/job-listings-data-scientist-machine-learning-engineer-hitachi-energy-bengaluru-5-to-8-years-010526502483,2026-06-04T16:01:04.831931
Naukri,machine learning engineer,Machine Learning Physical Design Engineer,Google,4-9 Yrs,,,,,Bengaluru,Logistic regression | Chip design | Neural networks | Artificial Intelligence | CAD | Machine learning | Physical verification | Data structures,,3+ weeks ago,4.4,https://www.naukri.com/job-listings-machine-learning-physical-design-engineer-google-india-private-limited-bengaluru-4-to-9-years-090725503781,2026-06-04T16:01:04.832325
Naukri,machine learning engineer,Machine Learning Engineer,Ltimindtree,6-11 Yrs,,,,,"Hybrid - Kolkata, Hyderabad, Bengaluru",Machine Learning | Artificial Intelligence | Ml | Intelligence | Machine,,Few hours ago,3.6,https://www.naukri.com/job-listings-machine-learning-engineer-ltimindtree-kolkata-hyderabad-bengaluru-6-to-11-years-040626015631,2026-06-04T16:01:04.832729
Naukri,machine learning engineer,Machine Learning Engineer,Valuelabs,3-7 Yrs,,,,,Hyderabad,Pytorch | Tensorflow | Xgboost | Artificial Intelligence | Natural Language Processing | Machine Learning | Deep Learning | Scikit-Learn,,1 day ago,3.4,https://www.naukri.com/job-listings-machine-learning-engineer-valuelabs-hyderabad-3-to-7-years-030626034363,2026-06-04T16:01:04.833255
Naukri,machine learning engineer,Machine Learning Engineer-Digital Twin,Capgemini,2-5 Yrs,,,,,Chennai,Machine Learning | Tensorflow | Generative Ai | Use Cases | Feature Engineering | Ai | Simulation Tools | Forecasting,,1 day ago,3.6,https://www.naukri.com/job-listings-machine-learning-engineer-digital-twin-capgemini-technology-services-india-limited-chennai-2-to-5-years-020626924821,2026-06-04T16:01:04.833667
Naukri,machine learning engineer,Artificial Intelligence Engineer & Machine Learning Engineer,Wappnet Systems,3-8 Yrs,,,,,Ahmedabad,Automation | Manager Quality Assurance | Prototype | GCP | Analytical | Machine learning | Outsourcing | SQL,,1 day ago,4.2,https://www.naukri.com/job-listings-artificial-intelligence-engineer-machine-learning-engineer-wappnet-systems-ahmedabad-3-to-8-years-030626502500,2026-06-04T16:01:04.834081
Naukri,machine learning engineer,Machine Learning Engineer(Computer Vision),Sarvayana Sansar Industries,2-7 Yrs,,,,,Hybrid - Bengaluru,YOLO v5 v7 v8 | Computer Vision | Tensorflow | Label Studio | Horovod | PyTorch DDP | X3D | AUROC,,Few hours ago,,https://www.naukri.com/job-listings-machine-learning-engineer-computer-vision-sarvayana-sansar-industries-bengaluru-2-to-7-years-040626010535,2026-06-04T16:01:04.834476
Naukri,machine learning engineer,Machine Learning Engineer ( RAG & Generative AI),Experis,5-10 Yrs,,,,,"Hyderabad, Pune, Bengaluru",LLM | SQL | Vector Database | RAG | Python | Retrieval | Azure | Generative AI,,Few hours ago,,https://www.naukri.com/job-listings-machine-learning-engineer-rag-generative-ai-experis-hyderabad-pune-bengaluru-5-to-10-years-040626018929,2026-06-04T16:01:04.834846
Naukri,machine learning engineer,Principal Machine Learning Engineer,Amgen Inc,10-15 Yrs,,,,,Hyderabad,compliance | python | github | ai | llm | machine learning | docker | ai engineer,,1 day ago,2.8,https://www.naukri.com/job-listings-principal-machine-learning-engineer-amgen-inc-hyderabad-10-to-15-years-030626914556,2026-06-04T16:01:04.835235
Naukri,machine learning engineer,Machine Learning Engineer,Wipro,6-10 Yrs,,,,,Bengaluru,Artificial Intelligence | Machine Learning | Python | Data Engineering | Aiml | Ci/Cd | Machine Learning Engineer | Al,,1 day ago,,https://www.naukri.com/job-listings-machine-learning-engineer-naukri-e-hire-campaign-bengaluru-6-to-10-years-030626019643,2026-06-04T16:01:04.835632
Naukri,machine learning engineer,"Machine Learning Engineer,AIML Engineer,Data Scientist,MI Engineer",Burgeon IT Services,7-12 Yrs,,,,,"Hybrid - Hyderabad, Chennai, Bengaluru",LLMs | Machine Learning | Deep Learning | Large Language Model | Python | Tensorflow | Pyspark | Cnn,,1 week ago,,https://www.naukri.com/job-listings-machine-learning-engineer-aiml-engineer-data-scientist-mi-engineer-burgeon-it-services-hyderabad-chennai-bengaluru-7-to-12-years-260526017004,2026-06-04T16:01:04.836036
Naukri,machine learning engineer,Artificial Intelligence and Machine Learning Engineer (R&D),Litmus7 Systems Consulting,2-6 Yrs,,,,,Thiruvananthapuram,Artificial Intelligence | Machine Learning | Cnn | Rnn | Large Language Model | Natural Language Processing | Neural Networks | Reinforcement Learning,,1 day ago,3.6,https://www.naukri.com/job-listings-artificial-intelligence-and-machine-learning-engineer-r-d-litmus7-systems-consulting-thiruvananthapuram-2-to-6-years-030626029306,2026-06-04T16:01:04.836425
Naukri,machine learning engineer,Principal Machine Learning Engineer,Red Hat,2-6 Yrs,,,,,Bengaluru,Machine Learning | Open Source | C | Red Hat | Data Structures | Ai | Pytorch | Design,,5 days ago,4.3,https://www.naukri.com/job-listings-principal-machine-learning-engineer-red-hat-india-pvt-ltd-bengaluru-2-to-6-years-290526921019,2026-06-04T16:01:04.836810
Naukri,machine learning engineer,Machine Learning Engineer,Jforce Solutions,3-8 Yrs,,,,,Mumbai,Computer science | Training | Usage | data science | Artificial Intelligence | Machine learning | Deployment | Natural language processing,,2 days ago,2.3,https://www.naukri.com/job-listings-machine-learning-engineer-jforce-solutions-mumbai-3-to-8-years-020626501543,2026-06-04T16:01:04.837193
Naukri,machine learning engineer,Immediate Opportunity For Machine Learning Engineer,Trigyn Technologies,3-8 Yrs,,,,,Remote,Deep Learning | Cloud Deployment | Artificial Intelligence | Natural Language Processing | Api Integration | Machine Learning | Languages | Intelligence,,6 days ago,3.7,https://www.naukri.com/job-listings-immediate-opportunity-for-machine-learning-engineer-trigyn-technologies-mumbai-all-areas-3-to-8-years-290526007225,2026-06-04T16:01:04.837583
Naukri,machine learning engineer,"Principal Machine Learning Engineer, Document AI Data",Abbyy,10-15 Yrs,,,,,Bengaluru,Training | Automation | Diversity and Inclusion | Machine learning | Technical leadership | Wellness | Technical Lead | Data quality,,1 week ago,2.8,https://www.naukri.com/job-listings-principal-machine-learning-engineer-document-ai-data-abbyy-bengaluru-10-to-15-years-250526502972,2026-06-04T16:01:04.838064
Naukri,machine learning engineer,"Principal Machine Learning Engineer-AgenticAI, GenAi/LLM",Red Hat,5-10 Yrs,,,,,Bengaluru,Llm | Golang | Airflow | Tensorflow | Compliance | Alerting | Feature Engineering | Sre,,5 days ago,4.3,https://www.naukri.com/job-listings-principal-machine-learning-engineer-agenticai-genai-llm-red-hat-india-pvt-ltd-bengaluru-5-to-10-years-290526921020,2026-06-04T16:01:04.838459
Naukri,business analyst,Business Analyst,Wipro,4-9 Yrs,,,,,Hyderabad,Business Analytics | Artificial Intelligence | Machine Learning | Python | SQL | Java | R | Business Consulting,,2 days ago,3.6,https://www.naukri.com/job-listings-business-analyst-wipro-hyderabad-4-to-9-years-290426018169,2026-06-04T16:01:31.914811
Naukri,business analyst,Business Analyst,Ion Exchange,2-4 Yrs,,,,,Mumbai (All Areas),Gap Analysis | Market Research | Business Analysis | Requirement Gathering | Requirement Analysis | Marketing | Research | Gap,,6 days ago,3.7,https://www.naukri.com/job-listings-business-analyst-ion-exchange-mumbai-all-areas-2-to-4-years-201125022019,2026-06-04T16:01:31.915293
Naukri,business analyst,Business Analyst,G4S,5-10 Yrs,,,,,Remote,Project Management | IT Project Management | Stakeholder Management | Delivery Management | IT management | Business analysis | IT projects | Management,,2 days ago,4.0,https://www.naukri.com/job-listings-business-analyst-g4s-gurugram-5-to-10-years-110326036916,2026-06-04T16:01:31.915681
Naukri,business analyst,Business Analyst,Angel One,4-6 Yrs,,,,,Hybrid - Mumbai(Andheri East),Business Analytics | Tableau | SQL | Python | Analytics | Business analysis,,Today,3.5,https://www.naukri.com/job-listings-business-analyst-angel-one-mumbai-4-to-6-years-040626008631,2026-06-04T16:01:31.916091
Naukri,business analyst,Business Analyst,Matrimony com,2-5 Yrs,,,,,Chennai,Business Analytics | Business Insights | Dashboard Development | SQL | Python | Business analysis | Business Insight | Development,,Few hours ago,3.9,https://www.naukri.com/job-listings-business-analyst-matrimony-com-chennai-2-to-5-years-020526006552,2026-06-04T16:01:31.916477
Naukri,business analyst,BUSINESS ANALYST,Godigi Infotech,0-1 Yrs,,,,,Mumbai,Business Analyst | Business analysis,,2 weeks ago,2.4,https://www.naukri.com/job-listings-business-analyst-godigi-infotech-mumbai-0-to-1-years-061123500783,2026-06-04T16:01:31.916810
Naukri,business analyst,Business Analyst - Manufacturing,Leading MNC into Steam Manufacturing,6-11 Yrs,,,,,Chennai,Business Analyst | Business Analytics | Azure Solution Architect | Data Analytics | Manufacturing | Microsoft Azure | Business analysis | Analytics,,Just now,,https://www.naukri.com/job-listings-business-analyst-manufacturing-nexus-manpower-solutions-chennai-6-to-11-years-040626023184,2026-06-04T16:01:31.917215
Naukri,business analyst,Business Analyst,Nik Baker's,3-7 Yrs,,,,,Mohali,Business Analytics | Business Analysis | SQL | Analytics | Analysis,,1 day ago,3.2,https://www.naukri.com/job-listings-business-analyst-nik-baker-s-mohali-3-to-7-years-030626018471,2026-06-04T16:01:31.917605
Naukri,business analyst,Business Analyst,Vistex Asia Pacific,4-7 Yrs,,,,,Hyderabad,Gap Analysis | Business Analytics | Requirement Gathering | FRD | Implementation | BRD | Business analysis | Analytics,,1 day ago,3.7,https://www.naukri.com/job-listings-business-analyst-vistex-asia-pacific-hyderabad-4-to-7-years-030626023024,2026-06-04T16:01:31.917985
Naukri,business analyst,Business Analyst,Workiy Technologies,0-3 Yrs,,,,,Remote,Order management | Nursing | Pharmacy | Healthcare | Senior Business Analyst | Scheduling | MS Office | JIRA,,1 day ago,4.8,https://www.naukri.com/job-listings-business-analyst-workiy-inc-remote-0-to-3-years-020626503551,2026-06-04T16:01:31.918364
Naukri,business analyst,Business Analyst,Tech Mahindra,5-10 Yrs,,,,,Hybrid - Chennai,Business Analytics | Business Analysis | Requirement Gathering | Analytics | Requirements | Analysis,,1 day ago,3.4,https://www.naukri.com/job-listings-business-analyst-tech-mahindra-chennai-5-to-10-years-020626027500,2026-06-04T16:01:31.918728
Naukri,business analyst,Business Analyst,Dew Solutions,0-4 Yrs,,,,,Gurugram,Manager Quality Assurance | Business analysis | Consulting | Agile | E-governance | Business process mapping | Gap analysis | JIRA,,1 day ago,3.4,https://www.naukri.com/job-listings-business-analyst-dew-solutions-pvt-ltd-gurugram-0-to-4-years-030626502960,2026-06-04T16:01:31.919166
Naukri,business analyst,Business Analyst,Celebal Technologies,5-7 Yrs,,,,,"Noida, Pune, Jaipur",Business Analytics | Documentation Skills | Data Mesh | Technical Documentation | Data Catalog | Visio | Modeling | Data Bricks,,1 day ago,3.0,https://www.naukri.com/job-listings-business-analyst-celebal-technologies-noida-pune-jaipur-5-to-7-years-030626032548,2026-06-04T16:01:31.919593
Naukri,business analyst,Business Analyst,Accenture,1-4 Yrs,,,,,Bengaluru,project management | project implementation | business analysis | business requirement analysis | process mapping | data analysis | gap analysis | business solutions,,2 days ago,3.7,https://www.naukri.com/job-listings-business-analyst-accenture-solutions-pvt-ltd-bengaluru-1-to-4-years-010626919099,2026-06-04T16:01:31.919984
Naukri,business analyst,Business Analyst,Accenture,1-4 Yrs,,,,,Mumbai,project management | business solutions | business analysis | process mapping | duck creek | gap analysis | documentation | ATCI-5114907-S1898178,,1 week ago,3.7,https://www.naukri.com/job-listings-business-analyst-accenture-solutions-pvt-ltd-mumbai-1-to-4-years-280526922504,2026-06-04T16:01:31.920372
Naukri,business analyst,Business Analyst,CTD Techs,4-7 Yrs,,,,,Chennai,Rpa | Bdd | Business Analytics | Documentation | Presales | Sddc | Business analysis | Analytics,,2 days ago,4.1,https://www.naukri.com/job-listings-business-analyst-ctd-techs-chennai-4-to-7-years-020626017031,2026-06-04T16:01:31.920798
Naukri,business analyst,Business Analyst,Broadridge,0-2 Yrs,,,,,Hyderabad,Product management | Usage | Manager Quality Assurance | Business Analyst | Fixed income | Artificial Intelligence | Agile | product life cycle,,6 days ago,3.8,https://www.naukri.com/job-listings-business-analyst-broadridge-financial-solutions-india-pvt-ltd-hyderabad-0-to-2-years-290526500824,2026-06-04T16:01:31.921186
Naukri,business analyst,Business Analyst-Cybersecurity,Visionet Systems,0-4 Yrs,,,,,Bengaluru,project management | cyber security | business requirements | gap analysis | business analysis | uat | problem solving | user stories,,2 days ago,3.3,https://www.naukri.com/job-listings-business-analyst-cybersecurity-visionet-systems-inc-bengaluru-0-to-4-years-020626502481,2026-06-04T16:01:31.921580
Naukri,business analyst,Business Analyst,A Reputed FinTech Company,4-9 Yrs,,,,,Mumbai (All Areas),Business Analytics | Power Bi | Fintech | Tableau | JIRA | Workflow System | Visio | Balsamiq,,2 days ago,,https://www.naukri.com/job-listings-business-analyst-max-hr-solutions-mumbai-all-areas-4-to-9-years-020626003966,2026-06-04T16:01:31.921987
Naukri,business analyst,Gen AI Business Analyst,Capgemini,4-9 Yrs,,,,,Kolkata,client engagement | order to cash | p2p | r2r | finance | project management | business analysis | business analytics,,3 days ago,3.6,https://www.naukri.com/job-listings-gen-ai-business-analyst-capgemini-technology-services-india-limited-kolkata-4-to-9-years-010626911949,2026-06-04T16:01:31.922384
Naukri,business analyst,Business Analyst,Wipro,4-9 Yrs,,,,,Hyderabad,Business Analytics | Artificial Intelligence | Machine Learning | Python | SQL | Java | R | Business Consulting,,2 days ago,3.6,https://www.naukri.com/job-listings-business-analyst-wipro-hyderabad-4-to-9-years-290426018169,2026-06-04T16:01:53.442514
Naukri,business analyst,Business Analyst,Ion Exchange,2-4 Yrs,,,,,Mumbai (All Areas),Gap Analysis | Market Research | Business Analysis | Requirement Gathering | Requirement Analysis | Marketing | Research | Gap,,6 days ago,3.7,https://www.naukri.com/job-listings-business-analyst-ion-exchange-mumbai-all-areas-2-to-4-years-201125022019,2026-06-04T16:01:53.443018
Naukri,business analyst,Business Analyst,G4S,5-10 Yrs,,,,,Remote,Project Management | IT Project Management | Stakeholder Management | Delivery Management | IT management | Business analysis | IT projects | Management,,2 days ago,4.0,https://www.naukri.com/job-listings-business-analyst-g4s-gurugram-5-to-10-years-110326036916,2026-06-04T16:01:53.443412
Naukri,business analyst,Business Analyst,Angel One,4-6 Yrs,,,,,Hybrid - Mumbai(Andheri East),Business Analytics | Tableau | SQL | Python | Analytics | Business analysis,,Today,3.5,https://www.naukri.com/job-listings-business-analyst-angel-one-mumbai-4-to-6-years-040626008631,2026-06-04T16:01:53.443817
Naukri,business analyst,Business Analyst,Matrimony com,2-5 Yrs,,,,,Chennai,Business Analytics | Business Insights | Dashboard Development | SQL | Python | Business analysis | Business Insight | Development,,Few hours ago,3.9,https://www.naukri.com/job-listings-business-analyst-matrimony-com-chennai-2-to-5-years-020526006552,2026-06-04T16:01:53.444201
Naukri,business analyst,BUSINESS ANALYST,Godigi Infotech,0-1 Yrs,,,,,Mumbai,Business Analyst | Business analysis,,2 weeks ago,2.4,https://www.naukri.com/job-listings-business-analyst-godigi-infotech-mumbai-0-to-1-years-061123500783,2026-06-04T16:01:53.444536
Naukri,business analyst,Business Analyst - Manufacturing,Leading MNC into Steam Manufacturing,6-11 Yrs,,,,,Chennai,Business Analyst | Business Analytics | Azure Solution Architect | Data Analytics | Manufacturing | Microsoft Azure | Business analysis | Analytics,,Just now,,https://www.naukri.com/job-listings-business-analyst-manufacturing-nexus-manpower-solutions-chennai-6-to-11-years-040626023184,2026-06-04T16:01:53.444943
Naukri,business analyst,Business Analyst,Nik Baker's,3-7 Yrs,,,,,Mohali,Business Analytics | Business Analysis | SQL | Analytics | Analysis,,1 day ago,3.2,https://www.naukri.com/job-listings-business-analyst-nik-baker-s-mohali-3-to-7-years-030626018471,2026-06-04T16:01:53.445333
Naukri,business analyst,Business Analyst,Vistex Asia Pacific,4-7 Yrs,,,,,Hyderabad,Gap Analysis | Business Analytics | Requirement Gathering | FRD | Implementation | BRD | Business analysis | Analytics,,1 day ago,3.7,https://www.naukri.com/job-listings-business-analyst-vistex-asia-pacific-hyderabad-4-to-7-years-030626023024,2026-06-04T16:01:53.445713
Naukri,business analyst,Business Analyst,Workiy Technologies,0-3 Yrs,,,,,Remote,Order management | Nursing | Pharmacy | Healthcare | Senior Business Analyst | Scheduling | MS Office | JIRA,,1 day ago,4.8,https://www.naukri.com/job-listings-business-analyst-workiy-inc-remote-0-to-3-years-020626503551,2026-06-04T16:01:53.446111
Naukri,business analyst,Business Analyst,Tech Mahindra,5-10 Yrs,,,,,Hybrid - Chennai,Business Analytics | Business Analysis | Requirement Gathering | Analytics | Requirements | Analysis,,1 day ago,3.4,https://www.naukri.com/job-listings-business-analyst-tech-mahindra-chennai-5-to-10-years-020626027500,2026-06-04T16:01:53.446482
Naukri,business analyst,Business Analyst,Dew Solutions,0-4 Yrs,,,,,Gurugram,Manager Quality Assurance | Business analysis | Consulting | Agile | E-governance | Business process mapping | Gap analysis | JIRA,,1 day ago,3.4,https://www.naukri.com/job-listings-business-analyst-dew-solutions-pvt-ltd-gurugram-0-to-4-years-030626502960,2026-06-04T16:01:53.446863
Naukri,business analyst,Business Analyst,Celebal Technologies,5-7 Yrs,,,,,"Noida, Pune, Jaipur",Business Analytics | Documentation Skills | Data Mesh | Technical Documentation | Data Catalog | Visio | Modeling | Data Bricks,,1 day ago,3.0,https://www.naukri.com/job-listings-business-analyst-celebal-technologies-noida-pune-jaipur-5-to-7-years-030626032548,2026-06-04T16:01:53.447370
Naukri,business analyst,Business Analyst,Accenture,1-4 Yrs,,,,,Bengaluru,project management | project implementation | business analysis | business requirement analysis | process mapping | data analysis | gap analysis | business solutions,,2 days ago,3.7,https://www.naukri.com/job-listings-business-analyst-accenture-solutions-pvt-ltd-bengaluru-1-to-4-years-010626919099,2026-06-04T16:01:53.447760
Naukri,business analyst,Business Analyst,Accenture,1-4 Yrs,,,,,Mumbai,project management | business solutions | business analysis | process mapping | duck creek | gap analysis | documentation | ATCI-5114907-S1898178,,1 week ago,3.7,https://www.naukri.com/job-listings-business-analyst-accenture-solutions-pvt-ltd-mumbai-1-to-4-years-280526922504,2026-06-04T16:01:53.448159
Naukri,business analyst,Business Analyst,CTD Techs,4-7 Yrs,,,,,Chennai,Rpa | Bdd | Business Analytics | Documentation | Presales | Sddc | Business analysis | Analytics,,2 days ago,4.1,https://www.naukri.com/job-listings-business-analyst-ctd-techs-chennai-4-to-7-years-020626017031,2026-06-04T16:01:53.448605
Naukri,business analyst,Business Analyst,Broadridge,0-2 Yrs,,,,,Hyderabad,Product management | Usage | Manager Quality Assurance | Business Analyst | Fixed income | Artificial Intelligence | Agile | product life cycle,,6 days ago,3.8,https://www.naukri.com/job-listings-business-analyst-broadridge-financial-solutions-india-pvt-ltd-hyderabad-0-to-2-years-290526500824,2026-06-04T16:01:53.448990
Naukri,business analyst,Business Analyst-Cybersecurity,Visionet Systems,0-4 Yrs,,,,,Bengaluru,project management | cyber security | business requirements | gap analysis | business analysis | uat | problem solving | user stories,,2 days ago,3.3,https://www.naukri.com/job-listings-business-analyst-cybersecurity-visionet-systems-inc-bengaluru-0-to-4-years-020626502481,2026-06-04T16:01:53.449376
Naukri,business analyst,Business Analyst,A Reputed FinTech Company,4-9 Yrs,,,,,Mumbai (All Areas),Business Analytics | Power Bi | Fintech | Tableau | JIRA | Workflow System | Visio | Balsamiq,,2 days ago,,https://www.naukri.com/job-listings-business-analyst-max-hr-solutions-mumbai-all-areas-4-to-9-years-020626003966,2026-06-04T16:01:53.449778
Naukri,business analyst,Gen AI Business Analyst,Capgemini,4-9 Yrs,,,,,Kolkata,client engagement | order to cash | p2p | r2r | finance | project management | business analysis | business analytics,,3 days ago,3.6,https://www.naukri.com/job-listings-gen-ai-business-analyst-capgemini-technology-services-india-limited-kolkata-4-to-9-years-010626911949,2026-06-04T16:01:53.450172
Naukri,business analyst,Business Analyst,Wipro,4-9 Yrs,,,,,Hyderabad,Business Analytics | Artificial Intelligence | Machine Learning | Python | SQL | Java | R | Business Consulting,,2 days ago,3.6,https://www.naukri.com/job-listings-business-analyst-wipro-hyderabad-4-to-9-years-290426018169,2026-06-04T16:02:15.238392
Naukri,business analyst,Business Analyst,Ion Exchange,2-4 Yrs,,,,,Mumbai (All Areas),Gap Analysis | Market Research | Business Analysis | Requirement Gathering | Requirement Analysis | Marketing | Research | Gap,,6 days ago,3.7,https://www.naukri.com/job-listings-business-analyst-ion-exchange-mumbai-all-areas-2-to-4-years-201125022019,2026-06-04T16:02:15.238796
Naukri,business analyst,Business Analyst,G4S,5-10 Yrs,,,,,Remote,Project Management | IT Project Management | Stakeholder Management | Delivery Management | IT management | Business analysis | IT projects | Management,,2 days ago,4.0,https://www.naukri.com/job-listings-business-analyst-g4s-gurugram-5-to-10-years-110326036916,2026-06-04T16:02:15.239193
Naukri,business analyst,Business Analyst,Angel One,4-6 Yrs,,,,,Hybrid - Mumbai(Andheri East),Business Analytics | Tableau | SQL | Python | Analytics | Business analysis,,Today,3.5,https://www.naukri.com/job-listings-business-analyst-angel-one-mumbai-4-to-6-years-040626008631,2026-06-04T16:02:15.239603
Naukri,business analyst,Business Analyst,Matrimony com,2-5 Yrs,,,,,Chennai,Business Analytics | Business Insights | Dashboard Development | SQL | Python | Business analysis | Business Insight | Development,,Few hours ago,3.9,https://www.naukri.com/job-listings-business-analyst-matrimony-com-chennai-2-to-5-years-020526006552,2026-06-04T16:02:15.239989
Naukri,business analyst,BUSINESS ANALYST,Godigi Infotech,0-1 Yrs,,,,,Mumbai,Business Analyst | Business analysis,,2 weeks ago,2.4,https://www.naukri.com/job-listings-business-analyst-godigi-infotech-mumbai-0-to-1-years-061123500783,2026-06-04T16:02:15.240327
Naukri,business analyst,Business Analyst - Manufacturing,Leading MNC into Steam Manufacturing,6-11 Yrs,,,,,Chennai,Business Analyst | Business Analytics | Azure Solution Architect | Data Analytics | Manufacturing | Microsoft Azure | Business analysis | Analytics,,Just now,,https://www.naukri.com/job-listings-business-analyst-manufacturing-nexus-manpower-solutions-chennai-6-to-11-years-040626023184,2026-06-04T16:02:15.240783
Naukri,business analyst,Business Analyst,Nik Baker's,3-7 Yrs,,,,,Mohali,Business Analytics | Business Analysis | SQL | Analytics | Analysis,,1 day ago,3.2,https://www.naukri.com/job-listings-business-analyst-nik-baker-s-mohali-3-to-7-years-030626018471,2026-06-04T16:02:15.241195
Naukri,business analyst,Business Analyst,Vistex Asia Pacific,4-7 Yrs,,,,,Hyderabad,Gap Analysis | Business Analytics | Requirement Gathering | FRD | Implementation | BRD | Business analysis | Analytics,,1 day ago,3.7,https://www.naukri.com/job-listings-business-analyst-vistex-asia-pacific-hyderabad-4-to-7-years-030626023024,2026-06-04T16:02:15.241601
Naukri,business analyst,Business Analyst,Workiy Technologies,0-3 Yrs,,,,,Remote,Order management | Nursing | Pharmacy | Healthcare | Senior Business Analyst | Scheduling | MS Office | JIRA,,1 day ago,4.8,https://www.naukri.com/job-listings-business-analyst-workiy-inc-remote-0-to-3-years-020626503551,2026-06-04T16:02:15.242001
Naukri,business analyst,Business Analyst,Tech Mahindra,5-10 Yrs,,,,,Hybrid - Chennai,Business Analytics | Business Analysis | Requirement Gathering | Analytics | Requirements | Analysis,,1 day ago,3.4,https://www.naukri.com/job-listings-business-analyst-tech-mahindra-chennai-5-to-10-years-020626027500,2026-06-04T16:02:15.242369
Naukri,business analyst,Business Analyst,Dew Solutions,0-4 Yrs,,,,,Gurugram,Manager Quality Assurance | Business analysis | Consulting | Agile | E-governance | Business process mapping | Gap analysis | JIRA,,1 day ago,3.4,https://www.naukri.com/job-listings-business-analyst-dew-solutions-pvt-ltd-gurugram-0-to-4-years-030626502960,2026-06-04T16:02:15.242753
Naukri,business analyst,Business Analyst,Celebal Technologies,5-7 Yrs,,,,,"Noida, Pune, Jaipur",Business Analytics | Documentation Skills | Data Mesh | Technical Documentation | Data Catalog | Visio | Modeling | Data Bricks,,1 day ago,3.0,https://www.naukri.com/job-listings-business-analyst-celebal-technologies-noida-pune-jaipur-5-to-7-years-030626032548,2026-06-04T16:02:15.243135
Naukri,business analyst,Business Analyst,Accenture,1-4 Yrs,,,,,Bengaluru,project management | project implementation | business analysis | business requirement analysis | process mapping | data analysis | gap analysis | business solutions,,2 days ago,3.7,https://www.naukri.com/job-listings-business-analyst-accenture-solutions-pvt-ltd-bengaluru-1-to-4-years-010626919099,2026-06-04T16:02:15.243520
Naukri,business analyst,Business Analyst,Accenture,1-4 Yrs,,,,,Mumbai,project management | business solutions | business analysis | process mapping | duck creek | gap analysis | documentation | ATCI-5114907-S1898178,,1 week ago,3.7,https://www.naukri.com/job-listings-business-analyst-accenture-solutions-pvt-ltd-mumbai-1-to-4-years-280526922504,2026-06-04T16:02:15.243903
Naukri,business analyst,Business Analyst,CTD Techs,4-7 Yrs,,,,,Chennai,Rpa | Bdd | Business Analytics | Documentation | Presales | Sddc | Business analysis | Analytics,,2 days ago,4.1,https://www.naukri.com/job-listings-business-analyst-ctd-techs-chennai-4-to-7-years-020626017031,2026-06-04T16:02:15.244317
Naukri,business analyst,Business Analyst,Broadridge,0-2 Yrs,,,,,Hyderabad,Product management | Usage | Manager Quality Assurance | Business Analyst | Fixed income | Artificial Intelligence | Agile | product life cycle,,6 days ago,3.8,https://www.naukri.com/job-listings-business-analyst-broadridge-financial-solutions-india-pvt-ltd-hyderabad-0-to-2-years-290526500824,2026-06-04T16:02:15.244699
Naukri,business analyst,Business Analyst-Cybersecurity,Visionet Systems,0-4 Yrs,,,,,Bengaluru,project management | cyber security | business requirements | gap analysis | business analysis | uat | problem solving | user stories,,2 days ago,3.3,https://www.naukri.com/job-listings-business-analyst-cybersecurity-visionet-systems-inc-bengaluru-0-to-4-years-020626502481,2026-06-04T16:02:15.245084
Naukri,business analyst,Business Analyst,A Reputed FinTech Company,4-9 Yrs,,,,,Mumbai (All Areas),Business Analytics | Power Bi | Fintech | Tableau | JIRA | Workflow System | Visio | Balsamiq,,2 days ago,,https://www.naukri.com/job-listings-business-analyst-max-hr-solutions-mumbai-all-areas-4-to-9-years-020626003966,2026-06-04T16:02:15.245489
Naukri,business analyst,Gen AI Business Analyst,Capgemini,4-9 Yrs,,,,,Kolkata,client engagement | order to cash | p2p | r2r | finance | project management | business analysis | business analytics,,3 days ago,3.6,https://www.naukri.com/job-listings-gen-ai-business-analyst-capgemini-technology-services-india-limited-kolkata-4-to-9-years-010626911949,2026-06-04T16:02:15.245884
Naukri,business analyst,Business Analyst,Wipro,4-9 Yrs,,,,,Hyderabad,Business Analytics | Artificial Intelligence | Machine Learning | Python | SQL | Java | R | Business Consulting,,2 days ago,3.6,https://www.naukri.com/job-listings-business-analyst-wipro-hyderabad-4-to-9-years-290426018169,2026-06-04T16:02:37.177808
Naukri,business analyst,Business Analyst,Ion Exchange,2-4 Yrs,,,,,Mumbai (All Areas),Gap Analysis | Market Research | Business Analysis | Requirement Gathering | Requirement Analysis | Marketing | Research | Gap,,6 days ago,3.7,https://www.naukri.com/job-listings-business-analyst-ion-exchange-mumbai-all-areas-2-to-4-years-201125022019,2026-06-04T16:02:37.178213
Naukri,business analyst,Business Analyst,G4S,5-10 Yrs,,,,,Remote,Project Management | IT Project Management | Stakeholder Management | Delivery Management | IT management | Business analysis | IT projects | Management,,2 days ago,4.0,https://www.naukri.com/job-listings-business-analyst-g4s-gurugram-5-to-10-years-110326036916,2026-06-04T16:02:37.178606
Naukri,business analyst,Business Analyst,Angel One,4-6 Yrs,,,,,Hybrid - Mumbai(Andheri East),Business Analytics | Tableau | SQL | Python | Analytics | Business analysis,,Today,3.5,https://www.naukri.com/job-listings-business-analyst-angel-one-mumbai-4-to-6-years-040626008631,2026-06-04T16:02:37.179011
Naukri,business analyst,Business Analyst,Matrimony com,2-5 Yrs,,,,,Chennai,Business Analytics | Business Insights | Dashboard Development | SQL | Python | Business analysis | Business Insight | Development,,Few hours ago,3.9,https://www.naukri.com/job-listings-business-analyst-matrimony-com-chennai-2-to-5-years-020526006552,2026-06-04T16:02:37.179396
Naukri,business analyst,BUSINESS ANALYST,Godigi Infotech,0-1 Yrs,,,,,Mumbai,Business Analyst | Business analysis,,2 weeks ago,2.4,https://www.naukri.com/job-listings-business-analyst-godigi-infotech-mumbai-0-to-1-years-061123500783,2026-06-04T16:02:37.179739
Naukri,business analyst,Business Analyst - Manufacturing,Leading MNC into Steam Manufacturing,6-11 Yrs,,,,,Chennai,Business Analyst | Business Analytics | Azure Solution Architect | Data Analytics | Manufacturing | Microsoft Azure | Business analysis | Analytics,,Just now,,https://www.naukri.com/job-listings-business-analyst-manufacturing-nexus-manpower-solutions-chennai-6-to-11-years-040626023184,2026-06-04T16:02:37.180170
Naukri,business analyst,Business Analyst,Nik Baker's,3-7 Yrs,,,,,Mohali,Business Analytics | Business Analysis | SQL | Analytics | Analysis,,1 day ago,3.2,https://www.naukri.com/job-listings-business-analyst-nik-baker-s-mohali-3-to-7-years-030626018471,2026-06-04T16:02:37.180573
Naukri,business analyst,Business Analyst,Vistex Asia Pacific,4-7 Yrs,,,,,Hyderabad,Gap Analysis | Business Analytics | Requirement Gathering | FRD | Implementation | BRD | Business analysis | Analytics,,1 day ago,3.7,https://www.naukri.com/job-listings-business-analyst-vistex-asia-pacific-hyderabad-4-to-7-years-030626023024,2026-06-04T16:02:37.180965
Naukri,business analyst,Business Analyst,Workiy Technologies,0-3 Yrs,,,,,Remote,Order management | Nursing | Pharmacy | Healthcare | Senior Business Analyst | Scheduling | MS Office | JIRA,,1 day ago,4.8,https://www.naukri.com/job-listings-business-analyst-workiy-inc-remote-0-to-3-years-020626503551,2026-06-04T16:02:37.181350
Naukri,business analyst,Business Analyst,Tech Mahindra,5-10 Yrs,,,,,Hybrid - Chennai,Business Analytics | Business Analysis | Requirement Gathering | Analytics | Requirements | Analysis,,1 day ago,3.4,https://www.naukri.com/job-listings-business-analyst-tech-mahindra-chennai-5-to-10-years-020626027500,2026-06-04T16:02:37.181726
Naukri,business analyst,Business Analyst,Dew Solutions,0-4 Yrs,,,,,Gurugram,Manager Quality Assurance | Business analysis | Consulting | Agile | E-governance | Business process mapping | Gap analysis | JIRA,,1 day ago,3.4,https://www.naukri.com/job-listings-business-analyst-dew-solutions-pvt-ltd-gurugram-0-to-4-years-030626502960,2026-06-04T16:02:37.182116
Naukri,business analyst,Business Analyst,Celebal Technologies,5-7 Yrs,,,,,"Noida, Pune, Jaipur",Business Analytics | Documentation Skills | Data Mesh | Technical Documentation | Data Catalog | Visio | Modeling | Data Bricks,,1 day ago,3.0,https://www.naukri.com/job-listings-business-analyst-celebal-technologies-noida-pune-jaipur-5-to-7-years-030626032548,2026-06-04T16:02:37.182503
Naukri,business analyst,Business Analyst,Accenture,1-4 Yrs,,,,,Bengaluru,project management | project implementation | business analysis | business requirement analysis | process mapping | data analysis | gap analysis | business solutions,,2 days ago,3.7,https://www.naukri.com/job-listings-business-analyst-accenture-solutions-pvt-ltd-bengaluru-1-to-4-years-010626919099,2026-06-04T16:02:37.182894
Naukri,business analyst,Business Analyst,Accenture,1-4 Yrs,,,,,Mumbai,project management | business solutions | business analysis | process mapping | duck creek | gap analysis | documentation | ATCI-5114907-S1898178,,1 week ago,3.7,https://www.naukri.com/job-listings-business-analyst-accenture-solutions-pvt-ltd-mumbai-1-to-4-years-280526922504,2026-06-04T16:02:37.183282
Naukri,business analyst,Business Analyst,CTD Techs,4-7 Yrs,,,,,Chennai,Rpa | Bdd | Business Analytics | Documentation | Presales | Sddc | Business analysis | Analytics,,2 days ago,4.1,https://www.naukri.com/job-listings-business-analyst-ctd-techs-chennai-4-to-7-years-020626017031,2026-06-04T16:02:37.183701
Naukri,business analyst,Business Analyst,Broadridge,0-2 Yrs,,,,,Hyderabad,Product management | Usage | Manager Quality Assurance | Business Analyst | Fixed income | Artificial Intelligence | Agile | product life cycle,,6 days ago,3.8,https://www.naukri.com/job-listings-business-analyst-broadridge-financial-solutions-india-pvt-ltd-hyderabad-0-to-2-years-290526500824,2026-06-04T16:02:37.184091
Naukri,business analyst,Business Analyst-Cybersecurity,Visionet Systems,0-4 Yrs,,,,,Bengaluru,project management | cyber security | business requirements | gap analysis | business analysis | uat | problem solving | user stories,,2 days ago,3.3,https://www.naukri.com/job-listings-business-analyst-cybersecurity-visionet-systems-inc-bengaluru-0-to-4-years-020626502481,2026-06-04T16:02:37.184479
Naukri,business analyst,Business Analyst,A Reputed FinTech Company,4-9 Yrs,,,,,Mumbai (All Areas),Business Analytics | Power Bi | Fintech | Tableau | JIRA | Workflow System | Visio | Balsamiq,,2 days ago,,https://www.naukri.com/job-listings-business-analyst-max-hr-solutions-mumbai-all-areas-4-to-9-years-020626003966,2026-06-04T16:02:37.184884
Naukri,business analyst,Gen AI Business Analyst,Capgemini,4-9 Yrs,,,,,Kolkata,client engagement | order to cash | p2p | r2r | finance | project management | business analysis | business analytics,,3 days ago,3.6,https://www.naukri.com/job-listings-gen-ai-business-analyst-capgemini-technology-services-india-limited-kolkata-4-to-9-years-010626911949,2026-06-04T16:02:37.185277
Naukri,business analyst,Business Analyst,Wipro,4-9 Yrs,,,,,Hyderabad,Business Analytics | Artificial Intelligence | Machine Learning | Python | SQL | Java | R | Business Consulting,,2 days ago,3.6,https://www.naukri.com/job-listings-business-analyst-wipro-hyderabad-4-to-9-years-290426018169,2026-06-04T16:02:59.067432
Naukri,business analyst,Business Analyst,Ion Exchange,2-4 Yrs,,,,,Mumbai (All Areas),Gap Analysis | Market Research | Business Analysis | Requirement Gathering | Requirement Analysis | Marketing | Research | Gap,,6 days ago,3.7,https://www.naukri.com/job-listings-business-analyst-ion-exchange-mumbai-all-areas-2-to-4-years-201125022019,2026-06-04T16:02:59.067836
Naukri,business analyst,Business Analyst,G4S,5-10 Yrs,,,,,Remote,Project Management | IT Project Management | Stakeholder Management | Delivery Management | IT management | Business analysis | IT projects | Management,,2 days ago,4.0,https://www.naukri.com/job-listings-business-analyst-g4s-gurugram-5-to-10-years-110326036916,2026-06-04T16:02:59.068224
Naukri,business analyst,Business Analyst,Angel One,4-6 Yrs,,,,,Hybrid - Mumbai(Andheri East),Business Analytics | Tableau | SQL | Python | Analytics | Business analysis,,Today,3.5,https://www.naukri.com/job-listings-business-analyst-angel-one-mumbai-4-to-6-years-040626008631,2026-06-04T16:02:59.068625
Naukri,business analyst,Business Analyst,Matrimony com,2-5 Yrs,,,,,Chennai,Business Analytics | Business Insights | Dashboard Development | SQL | Python | Business analysis | Business Insight | Development,,Few hours ago,3.9,https://www.naukri.com/job-listings-business-analyst-matrimony-com-chennai-2-to-5-years-020526006552,2026-06-04T16:02:59.069009
Naukri,business analyst,BUSINESS ANALYST,Godigi Infotech,0-1 Yrs,,,,,Mumbai,Business Analyst | Business analysis,,2 weeks ago,2.4,https://www.naukri.com/job-listings-business-analyst-godigi-infotech-mumbai-0-to-1-years-061123500783,2026-06-04T16:02:59.069343
Naukri,business analyst,Business Analyst - Manufacturing,Leading MNC into Steam Manufacturing,6-11 Yrs,,,,,Chennai,Business Analyst | Business Analytics | Azure Solution Architect | Data Analytics | Manufacturing | Microsoft Azure | Business analysis | Analytics,,Just now,,https://www.naukri.com/job-listings-business-analyst-manufacturing-nexus-manpower-solutions-chennai-6-to-11-years-040626023184,2026-06-04T16:02:59.069744
Naukri,business analyst,Business Analyst,Nik Baker's,3-7 Yrs,,,,,Mohali,Business Analytics | Business Analysis | SQL | Analytics | Analysis,,1 day ago,3.2,https://www.naukri.com/job-listings-business-analyst-nik-baker-s-mohali-3-to-7-years-030626018471,2026-06-04T16:02:59.070132
Naukri,business analyst,Business Analyst,Vistex Asia Pacific,4-7 Yrs,,,,,Hyderabad,Gap Analysis | Business Analytics | Requirement Gathering | FRD | Implementation | BRD | Business analysis | Analytics,,1 day ago,3.7,https://www.naukri.com/job-listings-business-analyst-vistex-asia-pacific-hyderabad-4-to-7-years-030626023024,2026-06-04T16:02:59.070512
Naukri,business analyst,Business Analyst,Workiy Technologies,0-3 Yrs,,,,,Remote,Order management | Nursing | Pharmacy | Healthcare | Senior Business Analyst | Scheduling | MS Office | JIRA,,1 day ago,4.8,https://www.naukri.com/job-listings-business-analyst-workiy-inc-remote-0-to-3-years-020626503551,2026-06-04T16:02:59.070891
Naukri,business analyst,Business Analyst,Tech Mahindra,5-10 Yrs,,,,,Hybrid - Chennai,Business Analytics | Business Analysis | Requirement Gathering | Analytics | Requirements | Analysis,,1 day ago,3.4,https://www.naukri.com/job-listings-business-analyst-tech-mahindra-chennai-5-to-10-years-020626027500,2026-06-04T16:02:59.071344
Naukri,business analyst,Business Analyst,Dew Solutions,0-4 Yrs,,,,,Gurugram,Manager Quality Assurance | Business analysis | Consulting | Agile | E-governance | Business process mapping | Gap analysis | JIRA,,1 day ago,3.4,https://www.naukri.com/job-listings-business-analyst-dew-solutions-pvt-ltd-gurugram-0-to-4-years-030626502960,2026-06-04T16:02:59.071750
Naukri,business analyst,Business Analyst,Celebal Technologies,5-7 Yrs,,,,,"Noida, Pune, Jaipur",Business Analytics | Documentation Skills | Data Mesh | Technical Documentation | Data Catalog | Visio | Modeling | Data Bricks,,1 day ago,3.0,https://www.naukri.com/job-listings-business-analyst-celebal-technologies-noida-pune-jaipur-5-to-7-years-030626032548,2026-06-04T16:02:59.072130
Naukri,business analyst,Business Analyst,Accenture,1-4 Yrs,,,,,Bengaluru,project management | project implementation | business analysis | business requirement analysis | process mapping | data analysis | gap analysis | business solutions,,2 days ago,3.7,https://www.naukri.com/job-listings-business-analyst-accenture-solutions-pvt-ltd-bengaluru-1-to-4-years-010626919099,2026-06-04T16:02:59.072527
Naukri,business analyst,Business Analyst,Accenture,1-4 Yrs,,,,,Mumbai,project management | business solutions | business analysis | process mapping | duck creek | gap analysis | documentation | ATCI-5114907-S1898178,,1 week ago,3.7,https://www.naukri.com/job-listings-business-analyst-accenture-solutions-pvt-ltd-mumbai-1-to-4-years-280526922504,2026-06-04T16:02:59.072909
Naukri,business analyst,Business Analyst,CTD Techs,4-7 Yrs,,,,,Chennai,Rpa | Bdd | Business Analytics | Documentation | Presales | Sddc | Business analysis | Analytics,,2 days ago,4.1,https://www.naukri.com/job-listings-business-analyst-ctd-techs-chennai-4-to-7-years-020626017031,2026-06-04T16:02:59.073321
Naukri,business analyst,Business Analyst,Broadridge,0-2 Yrs,,,,,Hyderabad,Product management | Usage | Manager Quality Assurance | Business Analyst | Fixed income | Artificial Intelligence | Agile | product life cycle,,6 days ago,3.8,https://www.naukri.com/job-listings-business-analyst-broadridge-financial-solutions-india-pvt-ltd-hyderabad-0-to-2-years-290526500824,2026-06-04T16:02:59.073702
Naukri,business analyst,Business Analyst-Cybersecurity,Visionet Systems,0-4 Yrs,,,,,Bengaluru,project management | cyber security | business requirements | gap analysis | business analysis | uat | problem solving | user stories,,2 days ago,3.3,https://www.naukri.com/job-listings-business-analyst-cybersecurity-visionet-systems-inc-bengaluru-0-to-4-years-020626502481,2026-06-04T16:02:59.074085
Naukri,business analyst,Business Analyst,A Reputed FinTech Company,4-9 Yrs,,,,,Mumbai (All Areas),Business Analytics | Power Bi | Fintech | Tableau | JIRA | Workflow System | Visio | Balsamiq,,2 days ago,,https://www.naukri.com/job-listings-business-analyst-max-hr-solutions-mumbai-all-areas-4-to-9-years-020626003966,2026-06-04T16:02:59.074484
Naukri,business analyst,Gen AI Business Analyst,Capgemini,4-9 Yrs,,,,,Kolkata,client engagement | order to cash | p2p | r2r | finance | project management | business analysis | business analytics,,3 days ago,3.6,https://www.naukri.com/job-listings-gen-ai-business-analyst-capgemini-technology-services-india-limited-kolkata-4-to-9-years-010626911949,2026-06-04T16:02:59.074869
Naukri,business analyst,Business Analyst,Wipro,4-9 Yrs,,,,,Hyderabad,Business Analytics | Artificial Intelligence | Machine Learning | Python | SQL | Java | R | Business Consulting,,2 days ago,3.6,https://www.naukri.com/job-listings-business-analyst-wipro-hyderabad-4-to-9-years-290426018169,2026-06-04T16:03:20.617109
Naukri,business analyst,Business Analyst,Ion Exchange,2-4 Yrs,,,,,Mumbai (All Areas),Gap Analysis | Market Research | Business Analysis | Requirement Gathering | Requirement Analysis | Marketing | Research | Gap,,6 days ago,3.7,https://www.naukri.com/job-listings-business-analyst-ion-exchange-mumbai-all-areas-2-to-4-years-201125022019,2026-06-04T16:03:20.617514
Naukri,business analyst,Business Analyst,G4S,5-10 Yrs,,,,,Remote,Project Management | IT Project Management | Stakeholder Management | Delivery Management | IT management | Business analysis | IT projects | Management,,2 days ago,4.0,https://www.naukri.com/job-listings-business-analyst-g4s-gurugram-5-to-10-years-110326036916,2026-06-04T16:03:20.617946
Naukri,business analyst,Business Analyst,Angel One,4-6 Yrs,,,,,Hybrid - Mumbai(Andheri East),Business Analytics | Tableau | SQL | Python | Analytics | Business analysis,,Today,3.5,https://www.naukri.com/job-listings-business-analyst-angel-one-mumbai-4-to-6-years-040626008631,2026-06-04T16:03:20.618355
Naukri,business analyst,Business Analyst,Matrimony com,2-5 Yrs,,,,,Chennai,Business Analytics | Business Insights | Dashboard Development | SQL | Python | Business analysis | Business Insight | Development,,Few hours ago,3.9,https://www.naukri.com/job-listings-business-analyst-matrimony-com-chennai-2-to-5-years-020526006552,2026-06-04T16:03:20.618746
Naukri,business analyst,BUSINESS ANALYST,Godigi Infotech,0-1 Yrs,,,,,Mumbai,Business Analyst | Business analysis,,2 weeks ago,2.4,https://www.naukri.com/job-listings-business-analyst-godigi-infotech-mumbai-0-to-1-years-061123500783,2026-06-04T16:03:20.619085
Naukri,business analyst,Business Analyst - Manufacturing,Leading MNC into Steam Manufacturing,6-11 Yrs,,,,,Chennai,Business Analyst | Business Analytics | Azure Solution Architect | Data Analytics | Manufacturing | Microsoft Azure | Business analysis | Analytics,,Just now,,https://www.naukri.com/job-listings-business-analyst-manufacturing-nexus-manpower-solutions-chennai-6-to-11-years-040626023184,2026-06-04T16:03:20.619497
Naukri,business analyst,Business Analyst,Nik Baker's,3-7 Yrs,,,,,Mohali,Business Analytics | Business Analysis | SQL | Analytics | Analysis,,1 day ago,3.2,https://www.naukri.com/job-listings-business-analyst-nik-baker-s-mohali-3-to-7-years-030626018471,2026-06-04T16:03:20.619893
Naukri,business analyst,Business Analyst,Vistex Asia Pacific,4-7 Yrs,,,,,Hyderabad,Gap Analysis | Business Analytics | Requirement Gathering | FRD | Implementation | BRD | Business analysis | Analytics,,1 day ago,3.7,https://www.naukri.com/job-listings-business-analyst-vistex-asia-pacific-hyderabad-4-to-7-years-030626023024,2026-06-04T16:03:20.620278
Naukri,business analyst,Business Analyst,Workiy Technologies,0-3 Yrs,,,,,Remote,Order management | Nursing | Pharmacy | Healthcare | Senior Business Analyst | Scheduling | MS Office | JIRA,,1 day ago,4.8,https://www.naukri.com/job-listings-business-analyst-workiy-inc-remote-0-to-3-years-020626503551,2026-06-04T16:03:20.620660
Naukri,business analyst,Business Analyst,Tech Mahindra,5-10 Yrs,,,,,Hybrid - Chennai,Business Analytics | Business Analysis | Requirement Gathering | Analytics | Requirements | Analysis,,1 day ago,3.4,https://www.naukri.com/job-listings-business-analyst-tech-mahindra-chennai-5-to-10-years-020626027500,2026-06-04T16:03:20.621026
Naukri,business analyst,Business Analyst,Dew Solutions,0-4 Yrs,,,,,Gurugram,Manager Quality Assurance | Business analysis | Consulting | Agile | E-governance | Business process mapping | Gap analysis | JIRA,,1 day ago,3.4,https://www.naukri.com/job-listings-business-analyst-dew-solutions-pvt-ltd-gurugram-0-to-4-years-030626502960,2026-06-04T16:03:20.621412
Naukri,business analyst,Business Analyst,Celebal Technologies,5-7 Yrs,,,,,"Noida, Pune, Jaipur",Business Analytics | Documentation Skills | Data Mesh | Technical Documentation | Data Catalog | Visio | Modeling | Data Bricks,,1 day ago,3.0,https://www.naukri.com/job-listings-business-analyst-celebal-technologies-noida-pune-jaipur-5-to-7-years-030626032548,2026-06-04T16:03:20.621796
Naukri,business analyst,Business Analyst,Accenture,1-4 Yrs,,,,,Bengaluru,project management | project implementation | business analysis | business requirement analysis | process mapping | data analysis | gap analysis | business solutions,,2 days ago,3.7,https://www.naukri.com/job-listings-business-analyst-accenture-solutions-pvt-ltd-bengaluru-1-to-4-years-010626919099,2026-06-04T16:03:20.622196
Naukri,business analyst,Business Analyst,Accenture,1-4 Yrs,,,,,Mumbai,project management | business solutions | business analysis | process mapping | duck creek | gap analysis | documentation | ATCI-5114907-S1898178,,1 week ago,3.7,https://www.naukri.com/job-listings-business-analyst-accenture-solutions-pvt-ltd-mumbai-1-to-4-years-280526922504,2026-06-04T16:03:20.622603
Naukri,business analyst,Business Analyst,CTD Techs,4-7 Yrs,,,,,Chennai,Rpa | Bdd | Business Analytics | Documentation | Presales | Sddc | Business analysis | Analytics,,2 days ago,4.1,https://www.naukri.com/job-listings-business-analyst-ctd-techs-chennai-4-to-7-years-020626017031,2026-06-04T16:03:20.623025
Naukri,business analyst,Business Analyst,Broadridge,0-2 Yrs,,,,,Hyderabad,Product management | Usage | Manager Quality Assurance | Business Analyst | Fixed income | Artificial Intelligence | Agile | product life cycle,,6 days ago,3.8,https://www.naukri.com/job-listings-business-analyst-broadridge-financial-solutions-india-pvt-ltd-hyderabad-0-to-2-years-290526500824,2026-06-04T16:03:20.623408
Naukri,business analyst,Business Analyst-Cybersecurity,Visionet Systems,0-4 Yrs,,,,,Bengaluru,project management | cyber security | business requirements | gap analysis | business analysis | uat | problem solving | user stories,,2 days ago,3.3,https://www.naukri.com/job-listings-business-analyst-cybersecurity-visionet-systems-inc-bengaluru-0-to-4-years-020626502481,2026-06-04T16:03:20.623794
Naukri,business analyst,Business Analyst,A Reputed FinTech Company,4-9 Yrs,,,,,Mumbai (All Areas),Business Analytics | Power Bi | Fintech | Tableau | JIRA | Workflow System | Visio | Balsamiq,,2 days ago,,https://www.naukri.com/job-listings-business-analyst-max-hr-solutions-mumbai-all-areas-4-to-9-years-020626003966,2026-06-04T16:03:20.624194
Naukri,business analyst,Gen AI Business Analyst,Capgemini,4-9 Yrs,,,,,Kolkata,client engagement | order to cash | p2p | r2r | finance | project management | business analysis | business analytics,,3 days ago,3.6,https://www.naukri.com/job-listings-gen-ai-business-analyst-capgemini-technology-services-india-limited-kolkata-4-to-9-years-010626911949,2026-06-04T16:03:20.624584
Naukri,business analyst,Business Analyst,Wipro,4-9 Yrs,,,,,Hyderabad,Business Analytics | Artificial Intelligence | Machine Learning | Python | SQL | Java | R | Business Consulting,,2 days ago,3.6,https://www.naukri.com/job-listings-business-analyst-wipro-hyderabad-4-to-9-years-290426018169,2026-06-04T16:03:42.394760
Naukri,business analyst,Business Analyst,Ion Exchange,2-4 Yrs,,,,,Mumbai (All Areas),Gap Analysis | Market Research | Business Analysis | Requirement Gathering | Requirement Analysis | Marketing | Research | Gap,,6 days ago,3.7,https://www.naukri.com/job-listings-business-analyst-ion-exchange-mumbai-all-areas-2-to-4-years-201125022019,2026-06-04T16:03:42.395424
Naukri,business analyst,Business Analyst,G4S,5-10 Yrs,,,,,Remote,Project Management | IT Project Management | Stakeholder Management | Delivery Management | IT management | Business analysis | IT projects | Management,,2 days ago,4.0,https://www.naukri.com/job-listings-business-analyst-g4s-gurugram-5-to-10-years-110326036916,2026-06-04T16:03:42.395839
Naukri,business analyst,Business Analyst,Angel One,4-6 Yrs,,,,,Hybrid - Mumbai(Andheri East),Business Analytics | Tableau | SQL | Python | Analytics | Business analysis,,Today,3.5,https://www.naukri.com/job-listings-business-analyst-angel-one-mumbai-4-to-6-years-040626008631,2026-06-04T16:03:42.396245
Naukri,business analyst,Business Analyst,Matrimony com,2-5 Yrs,,,,,Chennai,Business Analytics | Business Insights | Dashboard Development | SQL | Python | Business analysis | Business Insight | Development,,Few hours ago,3.9,https://www.naukri.com/job-listings-business-analyst-matrimony-com-chennai-2-to-5-years-020526006552,2026-06-04T16:03:42.396629
Naukri,business analyst,BUSINESS ANALYST,Godigi Infotech,0-1 Yrs,,,,,Mumbai,Business Analyst | Business analysis,,2 weeks ago,2.4,https://www.naukri.com/job-listings-business-analyst-godigi-infotech-mumbai-0-to-1-years-061123500783,2026-06-04T16:03:42.396978
Naukri,business analyst,Business Analyst - Manufacturing,Leading MNC into Steam Manufacturing,6-11 Yrs,,,,,Chennai,Business Analyst | Business Analytics | Azure Solution Architect | Data Analytics | Manufacturing | Microsoft Azure | Business analysis | Analytics,,Just now,,https://www.naukri.com/job-listings-business-analyst-manufacturing-nexus-manpower-solutions-chennai-6-to-11-years-040626023184,2026-06-04T16:03:42.397383
Naukri,business analyst,Business Analyst,Nik Baker's,3-7 Yrs,,,,,Mohali,Business Analytics | Business Analysis | SQL | Analytics | Analysis,,1 day ago,3.2,https://www.naukri.com/job-listings-business-analyst-nik-baker-s-mohali-3-to-7-years-030626018471,2026-06-04T16:03:42.397781
Naukri,business analyst,Business Analyst,Vistex Asia Pacific,4-7 Yrs,,,,,Hyderabad,Gap Analysis | Business Analytics | Requirement Gathering | FRD | Implementation | BRD | Business analysis | Analytics,,1 day ago,3.7,https://www.naukri.com/job-listings-business-analyst-vistex-asia-pacific-hyderabad-4-to-7-years-030626023024,2026-06-04T16:03:42.398167
Naukri,business analyst,Business Analyst,Workiy Technologies,0-3 Yrs,,,,,Remote,Order management | Nursing | Pharmacy | Healthcare | Senior Business Analyst | Scheduling | MS Office | JIRA,,1 day ago,4.8,https://www.naukri.com/job-listings-business-analyst-workiy-inc-remote-0-to-3-years-020626503551,2026-06-04T16:03:42.398550
Naukri,business analyst,Business Analyst,Tech Mahindra,5-10 Yrs,,,,,Hybrid - Chennai,Business Analytics | Business Analysis | Requirement Gathering | Analytics | Requirements | Analysis,,1 day ago,3.4,https://www.naukri.com/job-listings-business-analyst-tech-mahindra-chennai-5-to-10-years-020626027500,2026-06-04T16:03:42.398924
Naukri,business analyst,Business Analyst,Dew Solutions,0-4 Yrs,,,,,Gurugram,Manager Quality Assurance | Business analysis | Consulting | Agile | E-governance | Business process mapping | Gap analysis | JIRA,,1 day ago,3.4,https://www.naukri.com/job-listings-business-analyst-dew-solutions-pvt-ltd-gurugram-0-to-4-years-030626502960,2026-06-04T16:03:42.399309
Naukri,business analyst,Business Analyst,Celebal Technologies,5-7 Yrs,,,,,"Noida, Pune, Jaipur",Business Analytics | Documentation Skills | Data Mesh | Technical Documentation | Data Catalog | Visio | Modeling | Data Bricks,,1 day ago,3.0,https://www.naukri.com/job-listings-business-analyst-celebal-technologies-noida-pune-jaipur-5-to-7-years-030626032548,2026-06-04T16:03:42.399692
Naukri,business analyst,Business Analyst,Accenture,1-4 Yrs,,,,,Bengaluru,project management | project implementation | business analysis | business requirement analysis | process mapping | data analysis | gap analysis | business solutions,,2 days ago,3.7,https://www.naukri.com/job-listings-business-analyst-accenture-solutions-pvt-ltd-bengaluru-1-to-4-years-010626919099,2026-06-04T16:03:42.400080
Naukri,business analyst,Business Analyst,Accenture,1-4 Yrs,,,,,Mumbai,project management | business solutions | business analysis | process mapping | duck creek | gap analysis | documentation | ATCI-5114907-S1898178,,1 week ago,3.7,https://www.naukri.com/job-listings-business-analyst-accenture-solutions-pvt-ltd-mumbai-1-to-4-years-280526922504,2026-06-04T16:03:42.400464
Naukri,business analyst,Business Analyst,CTD Techs,4-7 Yrs,,,,,Chennai,Rpa | Bdd | Business Analytics | Documentation | Presales | Sddc | Business analysis | Analytics,,2 days ago,4.1,https://www.naukri.com/job-listings-business-analyst-ctd-techs-chennai-4-to-7-years-020626017031,2026-06-04T16:03:42.400881
Naukri,business analyst,Business Analyst,Broadridge,0-2 Yrs,,,,,Hyderabad,Product management | Usage | Manager Quality Assurance | Business Analyst | Fixed income | Artificial Intelligence | Agile | product life cycle,,6 days ago,3.8,https://www.naukri.com/job-listings-business-analyst-broadridge-financial-solutions-india-pvt-ltd-hyderabad-0-to-2-years-290526500824,2026-06-04T16:03:42.401262
Naukri,business analyst,Business Analyst-Cybersecurity,Visionet Systems,0-4 Yrs,,,,,Bengaluru,project management | cyber security | business requirements | gap analysis | business analysis | uat | problem solving | user stories,,2 days ago,3.3,https://www.naukri.com/job-listings-business-analyst-cybersecurity-visionet-systems-inc-bengaluru-0-to-4-years-020626502481,2026-06-04T16:03:42.401645
Naukri,business analyst,Business Analyst,A Reputed FinTech Company,4-9 Yrs,,,,,Mumbai (All Areas),Business Analytics | Power Bi | Fintech | Tableau | JIRA | Workflow System | Visio | Balsamiq,,2 days ago,,https://www.naukri.com/job-listings-business-analyst-max-hr-solutions-mumbai-all-areas-4-to-9-years-020626003966,2026-06-04T16:03:42.402050
Naukri,business analyst,Gen AI Business Analyst,Capgemini,4-9 Yrs,,,,,Kolkata,client engagement | order to cash | p2p | r2r | finance | project management | business analysis | business analytics,,3 days ago,3.6,https://www.naukri.com/job-listings-gen-ai-business-analyst-capgemini-technology-services-india-limited-kolkata-4-to-9-years-010626911949,2026-06-04T16:03:42.402438
Naukri,business analyst,Business Analyst,Wipro,4-9 Yrs,,,,,Hyderabad,Business Analytics | Artificial Intelligence | Machine Learning | Python | SQL | Java | R | Business Consulting,,2 days ago,3.6,https://www.naukri.com/job-listings-business-analyst-wipro-hyderabad-4-to-9-years-290426018169,2026-06-04T16:04:04.092958
Naukri,business analyst,Business Analyst,Ion Exchange,2-4 Yrs,,,,,Mumbai (All Areas),Gap Analysis | Market Research | Business Analysis | Requirement Gathering | Requirement Analysis | Marketing | Research | Gap,,6 days ago,3.7,https://www.naukri.com/job-listings-business-analyst-ion-exchange-mumbai-all-areas-2-to-4-years-201125022019,2026-06-04T16:04:04.093369
Naukri,business analyst,Business Analyst,G4S,5-10 Yrs,,,,,Remote,Project Management | IT Project Management | Stakeholder Management | Delivery Management | IT management | Business analysis | IT projects | Management,,2 days ago,4.0,https://www.naukri.com/job-listings-business-analyst-g4s-gurugram-5-to-10-years-110326036916,2026-06-04T16:04:04.093769
Naukri,business analyst,Business Analyst,Angel One,4-6 Yrs,,,,,Hybrid - Mumbai(Andheri East),Business Analytics | Tableau | SQL | Python | Analytics | Business analysis,,Today,3.5,https://www.naukri.com/job-listings-business-analyst-angel-one-mumbai-4-to-6-years-040626008631,2026-06-04T16:04:04.094191
Naukri,business analyst,Business Analyst,Matrimony com,2-5 Yrs,,,,,Chennai,Business Analytics | Business Insights | Dashboard Development | SQL | Python | Business analysis | Business Insight | Development,,Few hours ago,3.9,https://www.naukri.com/job-listings-business-analyst-matrimony-com-chennai-2-to-5-years-020526006552,2026-06-04T16:04:04.094594
Naukri,business analyst,BUSINESS ANALYST,Godigi Infotech,0-1 Yrs,,,,,Mumbai,Business Analyst | Business analysis,,2 weeks ago,2.4,https://www.naukri.com/job-listings-business-analyst-godigi-infotech-mumbai-0-to-1-years-061123500783,2026-06-04T16:04:04.094947
Naukri,business analyst,Business Analyst - Manufacturing,Leading MNC into Steam Manufacturing,6-11 Yrs,,,,,Chennai,Business Analyst | Business Analytics | Azure Solution Architect | Data Analytics | Manufacturing | Microsoft Azure | Business analysis | Analytics,,Just now,,https://www.naukri.com/job-listings-business-analyst-manufacturing-nexus-manpower-solutions-chennai-6-to-11-years-040626023184,2026-06-04T16:04:04.095373
Naukri,business analyst,Business Analyst,Nik Baker's,3-7 Yrs,,,,,Mohali,Business Analytics | Business Analysis | SQL | Analytics | Analysis,,1 day ago,3.2,https://www.naukri.com/job-listings-business-analyst-nik-baker-s-mohali-3-to-7-years-030626018471,2026-06-04T16:04:04.095784
Naukri,business analyst,Business Analyst,Vistex Asia Pacific,4-7 Yrs,,,,,Hyderabad,Gap Analysis | Business Analytics | Requirement Gathering | FRD | Implementation | BRD | Business analysis | Analytics,,1 day ago,3.7,https://www.naukri.com/job-listings-business-analyst-vistex-asia-pacific-hyderabad-4-to-7-years-030626023024,2026-06-04T16:04:04.096217
Naukri,business analyst,Business Analyst,Workiy Technologies,0-3 Yrs,,,,,Remote,Order management | Nursing | Pharmacy | Healthcare | Senior Business Analyst | Scheduling | MS Office | JIRA,,1 day ago,4.8,https://www.naukri.com/job-listings-business-analyst-workiy-inc-remote-0-to-3-years-020626503551,2026-06-04T16:04:04.096666
Naukri,business analyst,Business Analyst,Tech Mahindra,5-10 Yrs,,,,,Hybrid - Chennai,Business Analytics | Business Analysis | Requirement Gathering | Analytics | Requirements | Analysis,,1 day ago,3.4,https://www.naukri.com/job-listings-business-analyst-tech-mahindra-chennai-5-to-10-years-020626027500,2026-06-04T16:04:04.097051
Naukri,business analyst,Business Analyst,Dew Solutions,0-4 Yrs,,,,,Gurugram,Manager Quality Assurance | Business analysis | Consulting | Agile | E-governance | Business process mapping | Gap analysis | JIRA,,1 day ago,3.4,https://www.naukri.com/job-listings-business-analyst-dew-solutions-pvt-ltd-gurugram-0-to-4-years-030626502960,2026-06-04T16:04:04.097554
Naukri,business analyst,Business Analyst,Celebal Technologies,5-7 Yrs,,,,,"Noida, Pune, Jaipur",Business Analytics | Documentation Skills | Data Mesh | Technical Documentation | Data Catalog | Visio | Modeling | Data Bricks,,1 day ago,3.0,https://www.naukri.com/job-listings-business-analyst-celebal-technologies-noida-pune-jaipur-5-to-7-years-030626032548,2026-06-04T16:04:04.097962
Naukri,business analyst,Business Analyst,Accenture,1-4 Yrs,,,,,Bengaluru,project management | project implementation | business analysis | business requirement analysis | process mapping | data analysis | gap analysis | business solutions,,2 days ago,3.7,https://www.naukri.com/job-listings-business-analyst-accenture-solutions-pvt-ltd-bengaluru-1-to-4-years-010626919099,2026-06-04T16:04:04.098368
Naukri,business analyst,Business Analyst,Accenture,1-4 Yrs,,,,,Mumbai,project management | business solutions | business analysis | process mapping | duck creek | gap analysis | documentation | ATCI-5114907-S1898178,,1 week ago,3.7,https://www.naukri.com/job-listings-business-analyst-accenture-solutions-pvt-ltd-mumbai-1-to-4-years-280526922504,2026-06-04T16:04:04.098772
Naukri,business analyst,Business Analyst,CTD Techs,4-7 Yrs,,,,,Chennai,Rpa | Bdd | Business Analytics | Documentation | Presales | Sddc | Business analysis | Analytics,,2 days ago,4.1,https://www.naukri.com/job-listings-business-analyst-ctd-techs-chennai-4-to-7-years-020626017031,2026-06-04T16:04:04.099209
Naukri,business analyst,Business Analyst,Broadridge,0-2 Yrs,,,,,Hyderabad,Product management | Usage | Manager Quality Assurance | Business Analyst | Fixed income | Artificial Intelligence | Agile | product life cycle,,6 days ago,3.8,https://www.naukri.com/job-listings-business-analyst-broadridge-financial-solutions-india-pvt-ltd-hyderabad-0-to-2-years-290526500824,2026-06-04T16:04:04.099655
Naukri,business analyst,Business Analyst-Cybersecurity,Visionet Systems,0-4 Yrs,,,,,Bengaluru,project management | cyber security | business requirements | gap analysis | business analysis | uat | problem solving | user stories,,2 days ago,3.3,https://www.naukri.com/job-listings-business-analyst-cybersecurity-visionet-systems-inc-bengaluru-0-to-4-years-020626502481,2026-06-04T16:04:04.100058
Naukri,business analyst,Business Analyst,A Reputed FinTech Company,4-9 Yrs,,,,,Mumbai (All Areas),Business Analytics | Power Bi | Fintech | Tableau | JIRA | Workflow System | Visio | Balsamiq,,2 days ago,,https://www.naukri.com/job-listings-business-analyst-max-hr-solutions-mumbai-all-areas-4-to-9-years-020626003966,2026-06-04T16:04:04.100480
Naukri,business analyst,Gen AI Business Analyst,Capgemini,4-9 Yrs,,,,,Kolkata,client engagement | order to cash | p2p | r2r | finance | project management | business analysis | business analytics,,3 days ago,3.6,https://www.naukri.com/job-listings-gen-ai-business-analyst-capgemini-technology-services-india-limited-kolkata-4-to-9-years-010626911949,2026-06-04T16:04:04.100891
Naukri,business analyst,Business Analyst,Wipro,4-9 Yrs,,,,,Hyderabad,Business Analytics | Artificial Intelligence | Machine Learning | Python | SQL | Java | R | Business Consulting,,2 days ago,3.6,https://www.naukri.com/job-listings-business-analyst-wipro-hyderabad-4-to-9-years-290426018169,2026-06-04T16:04:25.846095
Naukri,business analyst,Business Analyst,Ion Exchange,2-4 Yrs,,,,,Mumbai (All Areas),Gap Analysis | Market Research | Business Analysis | Requirement Gathering | Requirement Analysis | Marketing | Research | Gap,,6 days ago,3.7,https://www.naukri.com/job-listings-business-analyst-ion-exchange-mumbai-all-areas-2-to-4-years-201125022019,2026-06-04T16:04:25.846592
Naukri,business analyst,Business Analyst,G4S,5-10 Yrs,,,,,Remote,Project Management | IT Project Management | Stakeholder Management | Delivery Management | IT management | Business analysis | IT projects | Management,,2 days ago,4.0,https://www.naukri.com/job-listings-business-analyst-g4s-gurugram-5-to-10-years-110326036916,2026-06-04T16:04:25.846979
Naukri,business analyst,Business Analyst,Angel One,4-6 Yrs,,,,,Hybrid - Mumbai(Andheri East),Business Analytics | Tableau | SQL | Python | Analytics | Business analysis,,Today,3.5,https://www.naukri.com/job-listings-business-analyst-angel-one-mumbai-4-to-6-years-040626008631,2026-06-04T16:04:25.847385
Naukri,business analyst,Business Analyst,Matrimony com,2-5 Yrs,,,,,Chennai,Business Analytics | Business Insights | Dashboard Development | SQL | Python | Business analysis | Business Insight | Development,,Few hours ago,3.9,https://www.naukri.com/job-listings-business-analyst-matrimony-com-chennai-2-to-5-years-020526006552,2026-06-04T16:04:25.847768
Naukri,business analyst,BUSINESS ANALYST,Godigi Infotech,0-1 Yrs,,,,,Mumbai,Business Analyst | Business analysis,,2 weeks ago,2.4,https://www.naukri.com/job-listings-business-analyst-godigi-infotech-mumbai-0-to-1-years-061123500783,2026-06-04T16:04:25.848103
Naukri,business analyst,Business Analyst - Manufacturing,Leading MNC into Steam Manufacturing,6-11 Yrs,,,,,Chennai,Business Analyst | Business Analytics | Azure Solution Architect | Data Analytics | Manufacturing | Microsoft Azure | Business analysis | Analytics,,Just now,,https://www.naukri.com/job-listings-business-analyst-manufacturing-nexus-manpower-solutions-chennai-6-to-11-years-040626023184,2026-06-04T16:04:25.848511
Naukri,business analyst,Business Analyst,Nik Baker's,3-7 Yrs,,,,,Mohali,Business Analytics | Business Analysis | SQL | Analytics | Analysis,,1 day ago,3.2,https://www.naukri.com/job-listings-business-analyst-nik-baker-s-mohali-3-to-7-years-030626018471,2026-06-04T16:04:25.848902
Naukri,business analyst,Business Analyst,Vistex Asia Pacific,4-7 Yrs,,,,,Hyderabad,Gap Analysis | Business Analytics | Requirement Gathering | FRD | Implementation | BRD | Business analysis | Analytics,,1 day ago,3.7,https://www.naukri.com/job-listings-business-analyst-vistex-asia-pacific-hyderabad-4-to-7-years-030626023024,2026-06-04T16:04:25.849281
Naukri,business analyst,Business Analyst,Workiy Technologies,0-3 Yrs,,,,,Remote,Order management | Nursing | Pharmacy | Healthcare | Senior Business Analyst | Scheduling | MS Office | JIRA,,1 day ago,4.8,https://www.naukri.com/job-listings-business-analyst-workiy-inc-remote-0-to-3-years-020626503551,2026-06-04T16:04:25.849669
Naukri,business analyst,Business Analyst,Tech Mahindra,5-10 Yrs,,,,,Hybrid - Chennai,Business Analytics | Business Analysis | Requirement Gathering | Analytics | Requirements | Analysis,,1 day ago,3.4,https://www.naukri.com/job-listings-business-analyst-tech-mahindra-chennai-5-to-10-years-020626027500,2026-06-04T16:04:25.850037
Naukri,business analyst,Business Analyst,Dew Solutions,0-4 Yrs,,,,,Gurugram,Manager Quality Assurance | Business analysis | Consulting | Agile | E-governance | Business process mapping | Gap analysis | JIRA,,1 day ago,3.4,https://www.naukri.com/job-listings-business-analyst-dew-solutions-pvt-ltd-gurugram-0-to-4-years-030626502960,2026-06-04T16:04:25.850425
Naukri,business analyst,Business Analyst,Celebal Technologies,5-7 Yrs,,,,,"Noida, Pune, Jaipur",Business Analytics | Documentation Skills | Data Mesh | Technical Documentation | Data Catalog | Visio | Modeling | Data Bricks,,1 day ago,3.0,https://www.naukri.com/job-listings-business-analyst-celebal-technologies-noida-pune-jaipur-5-to-7-years-030626032548,2026-06-04T16:04:25.850809
Naukri,business analyst,Business Analyst,Accenture,1-4 Yrs,,,,,Bengaluru,project management | project implementation | business analysis | business requirement analysis | process mapping | data analysis | gap analysis | business solutions,,2 days ago,3.7,https://www.naukri.com/job-listings-business-analyst-accenture-solutions-pvt-ltd-bengaluru-1-to-4-years-010626919099,2026-06-04T16:04:25.851196
Naukri,business analyst,Business Analyst,Accenture,1-4 Yrs,,,,,Mumbai,project management | business solutions | business analysis | process mapping | duck creek | gap analysis | documentation | ATCI-5114907-S1898178,,1 week ago,3.7,https://www.naukri.com/job-listings-business-analyst-accenture-solutions-pvt-ltd-mumbai-1-to-4-years-280526922504,2026-06-04T16:04:25.851581
Naukri,business analyst,Business Analyst,CTD Techs,4-7 Yrs,,,,,Chennai,Rpa | Bdd | Business Analytics | Documentation | Presales | Sddc | Business analysis | Analytics,,2 days ago,4.1,https://www.naukri.com/job-listings-business-analyst-ctd-techs-chennai-4-to-7-years-020626017031,2026-06-04T16:04:25.851997
Naukri,business analyst,Business Analyst,Broadridge,0-2 Yrs,,,,,Hyderabad,Product management | Usage | Manager Quality Assurance | Business Analyst | Fixed income | Artificial Intelligence | Agile | product life cycle,,6 days ago,3.8,https://www.naukri.com/job-listings-business-analyst-broadridge-financial-solutions-india-pvt-ltd-hyderabad-0-to-2-years-290526500824,2026-06-04T16:04:25.852379
Naukri,business analyst,Business Analyst-Cybersecurity,Visionet Systems,0-4 Yrs,,,,,Bengaluru,project management | cyber security | business requirements | gap analysis | business analysis | uat | problem solving | user stories,,2 days ago,3.3,https://www.naukri.com/job-listings-business-analyst-cybersecurity-visionet-systems-inc-bengaluru-0-to-4-years-020626502481,2026-06-04T16:04:25.852766
Naukri,business analyst,Business Analyst,A Reputed FinTech Company,4-9 Yrs,,,,,Mumbai (All Areas),Business Analytics | Power Bi | Fintech | Tableau | JIRA | Workflow System | Visio | Balsamiq,,2 days ago,,https://www.naukri.com/job-listings-business-analyst-max-hr-solutions-mumbai-all-areas-4-to-9-years-020626003966,2026-06-04T16:04:25.853167
Naukri,business analyst,Gen AI Business Analyst,Capgemini,4-9 Yrs,,,,,Kolkata,client engagement | order to cash | p2p | r2r | finance | project management | business analysis | business analytics,,3 days ago,3.6,https://www.naukri.com/job-listings-gen-ai-business-analyst-capgemini-technology-services-india-limited-kolkata-4-to-9-years-010626911949,2026-06-04T16:04:25.853554
Naukri,business analyst,Business Analyst,Wipro,4-9 Yrs,,,,,Hyderabad,Business Analytics | Artificial Intelligence | Machine Learning | Python | SQL | Java | R | Business Consulting,,2 days ago,3.6,https://www.naukri.com/job-listings-business-analyst-wipro-hyderabad-4-to-9-years-290426018169,2026-06-04T16:04:47.623427
Naukri,business analyst,Business Analyst,Ion Exchange,2-4 Yrs,,,,,Mumbai (All Areas),Gap Analysis | Market Research | Business Analysis | Requirement Gathering | Requirement Analysis | Marketing | Research | Gap,,6 days ago,3.7,https://www.naukri.com/job-listings-business-analyst-ion-exchange-mumbai-all-areas-2-to-4-years-201125022019,2026-06-04T16:04:47.623844
Naukri,business analyst,Business Analyst,G4S,5-10 Yrs,,,,,Remote,Project Management | IT Project Management | Stakeholder Management | Delivery Management | IT management | Business analysis | IT projects | Management,,2 days ago,4.0,https://www.naukri.com/job-listings-business-analyst-g4s-gurugram-5-to-10-years-110326036916,2026-06-04T16:04:47.624244
Naukri,business analyst,Business Analyst,Angel One,4-6 Yrs,,,,,Hybrid - Mumbai(Andheri East),Business Analytics | Tableau | SQL | Python | Analytics | Business analysis,,Today,3.5,https://www.naukri.com/job-listings-business-analyst-angel-one-mumbai-4-to-6-years-040626008631,2026-06-04T16:04:47.624659
Naukri,business analyst,Business Analyst,Matrimony com,2-5 Yrs,,,,,Chennai,Business Analytics | Business Insights | Dashboard Development | SQL | Python | Business analysis | Business Insight | Development,,Few hours ago,3.9,https://www.naukri.com/job-listings-business-analyst-matrimony-com-chennai-2-to-5-years-020526006552,2026-06-04T16:04:47.625053
Naukri,business analyst,BUSINESS ANALYST,Godigi Infotech,0-1 Yrs,,,,,Mumbai,Business Analyst | Business analysis,,2 weeks ago,2.4,https://www.naukri.com/job-listings-business-analyst-godigi-infotech-mumbai-0-to-1-years-061123500783,2026-06-04T16:04:47.625492
Naukri,business analyst,Business Analyst - Manufacturing,Leading MNC into Steam Manufacturing,6-11 Yrs,,,,,Chennai,Business Analyst | Business Analytics | Azure Solution Architect | Data Analytics | Manufacturing | Microsoft Azure | Business analysis | Analytics,,Just now,,https://www.naukri.com/job-listings-business-analyst-manufacturing-nexus-manpower-solutions-chennai-6-to-11-years-040626023184,2026-06-04T16:04:47.625910
Naukri,business analyst,Business Analyst,Nik Baker's,3-7 Yrs,,,,,Mohali,Business Analytics | Business Analysis | SQL | Analytics | Analysis,,1 day ago,3.2,https://www.naukri.com/job-listings-business-analyst-nik-baker-s-mohali-3-to-7-years-030626018471,2026-06-04T16:04:47.626313
Naukri,business analyst,Business Analyst,Vistex Asia Pacific,4-7 Yrs,,,,,Hyderabad,Gap Analysis | Business Analytics | Requirement Gathering | FRD | Implementation | BRD | Business analysis | Analytics,,1 day ago,3.7,https://www.naukri.com/job-listings-business-analyst-vistex-asia-pacific-hyderabad-4-to-7-years-030626023024,2026-06-04T16:04:47.626710
Naukri,business analyst,Business Analyst,Workiy Technologies,0-3 Yrs,,,,,Remote,Order management | Nursing | Pharmacy | Healthcare | Senior Business Analyst | Scheduling | MS Office | JIRA,,1 day ago,4.8,https://www.naukri.com/job-listings-business-analyst-workiy-inc-remote-0-to-3-years-020626503551,2026-06-04T16:04:47.627104
Naukri,business analyst,Business Analyst,Tech Mahindra,5-10 Yrs,,,,,Hybrid - Chennai,Business Analytics | Business Analysis | Requirement Gathering | Analytics | Requirements | Analysis,,1 day ago,3.4,https://www.naukri.com/job-listings-business-analyst-tech-mahindra-chennai-5-to-10-years-020626027500,2026-06-04T16:04:47.627480
Naukri,business analyst,Business Analyst,Dew Solutions,0-4 Yrs,,,,,Gurugram,Manager Quality Assurance | Business analysis | Consulting | Agile | E-governance | Business process mapping | Gap analysis | JIRA,,1 day ago,3.4,https://www.naukri.com/job-listings-business-analyst-dew-solutions-pvt-ltd-gurugram-0-to-4-years-030626502960,2026-06-04T16:04:47.627873
Naukri,business analyst,Business Analyst,Celebal Technologies,5-7 Yrs,,,,,"Noida, Pune, Jaipur",Business Analytics | Documentation Skills | Data Mesh | Technical Documentation | Data Catalog | Visio | Modeling | Data Bricks,,1 day ago,3.0,https://www.naukri.com/job-listings-business-analyst-celebal-technologies-noida-pune-jaipur-5-to-7-years-030626032548,2026-06-04T16:04:47.628265
Naukri,business analyst,Business Analyst,Accenture,1-4 Yrs,,,,,Bengaluru,project management | project implementation | business analysis | business requirement analysis | process mapping | data analysis | gap analysis | business solutions,,2 days ago,3.7,https://www.naukri.com/job-listings-business-analyst-accenture-solutions-pvt-ltd-bengaluru-1-to-4-years-010626919099,2026-06-04T16:04:47.628655
Naukri,business analyst,Business Analyst,Accenture,1-4 Yrs,,,,,Mumbai,project management | business solutions | business analysis | process mapping | duck creek | gap analysis | documentation | ATCI-5114907-S1898178,,1 week ago,3.7,https://www.naukri.com/job-listings-business-analyst-accenture-solutions-pvt-ltd-mumbai-1-to-4-years-280526922504,2026-06-04T16:04:47.629073
Naukri,business analyst,Business Analyst,CTD Techs,4-7 Yrs,,,,,Chennai,Rpa | Bdd | Business Analytics | Documentation | Presales | Sddc | Business analysis | Analytics,,2 days ago,4.1,https://www.naukri.com/job-listings-business-analyst-ctd-techs-chennai-4-to-7-years-020626017031,2026-06-04T16:04:47.629499
Naukri,business analyst,Business Analyst,Broadridge,0-2 Yrs,,,,,Hyderabad,Product management | Usage | Manager Quality Assurance | Business Analyst | Fixed income | Artificial Intelligence | Agile | product life cycle,,6 days ago,3.8,https://www.naukri.com/job-listings-business-analyst-broadridge-financial-solutions-india-pvt-ltd-hyderabad-0-to-2-years-290526500824,2026-06-04T16:04:47.629887
Naukri,business analyst,Business Analyst-Cybersecurity,Visionet Systems,0-4 Yrs,,,,,Bengaluru,project management | cyber security | business requirements | gap analysis | business analysis | uat | problem solving | user stories,,2 days ago,3.3,https://www.naukri.com/job-listings-business-analyst-cybersecurity-visionet-systems-inc-bengaluru-0-to-4-years-020626502481,2026-06-04T16:04:47.630274
Naukri,business analyst,Business Analyst,A Reputed FinTech Company,4-9 Yrs,,,,,Mumbai (All Areas),Business Analytics | Power Bi | Fintech | Tableau | JIRA | Workflow System | Visio | Balsamiq,,2 days ago,,https://www.naukri.com/job-listings-business-analyst-max-hr-solutions-mumbai-all-areas-4-to-9-years-020626003966,2026-06-04T16:04:47.630680
Naukri,business analyst,Gen AI Business Analyst,Capgemini,4-9 Yrs,,,,,Kolkata,client engagement | order to cash | p2p | r2r | finance | project management | business analysis | business analytics,,3 days ago,3.6,https://www.naukri.com/job-listings-gen-ai-business-analyst-capgemini-technology-services-india-limited-kolkata-4-to-9-years-010626911949,2026-06-04T16:04:47.631072
Naukri,power bi analyst,Power Bi Analyst- Largest Health care- Hyderabad,Apollo Health and Lifestyle (AHLL),2-6 Yrs,,,,,Hyderabad,Power Bi | Advanced Analytics | analyst | Analytics Reporting | Reporting | Large | Analytics | Healthcare,,3 weeks ago,4.3,https://www.naukri.com/job-listings-power-bi-analyst-largest-health-care-hyderabad-apollo-health-and-lifestyle-ahll-hyderabad-2-to-6-years-150426018630,2026-06-04T16:05:15.230971
Naukri,power bi analyst,Data Analyst - Power BI,Ecotech IT Solutions,5-10 Yrs,,,,,Pune,Power BI | Power Query | SQL | Data Visualization | DAX | Business Intelligence | Advanced Excel | M Query,,5 days ago,,https://www.naukri.com/job-listings-data-analyst-power-bi-fabric-pune-5-to-10-years-200426007998,2026-06-04T16:05:15.231486
Naukri,power bi analyst,"Senior Data Analyst - Power BI, SQL",Optum,3-8 Yrs,,,,,Gurugram,finance | sprint | ai | power bi | hr | user stories | user experience | business intelligence,,1 day ago,4.0,https://www.naukri.com/job-listings-senior-data-analyst-power-bi-sql-optum-global-solutions-india-private-limited-gurugram-3-to-8-years-030626913682,2026-06-04T16:05:15.231881
Naukri,power bi analyst,Power Bi Developer / Power Bi Analyst,Gokaldas Exports,8-12 Yrs,,,,,Bengaluru,Power Bi Reports | power bi dashboards | dax calculations | KPI | Development | Birt | Calculation | Reporting,,2 weeks ago,3.9,https://www.naukri.com/job-listings-power-bi-developer-power-bi-analyst-gokaldas-exports-bengaluru-8-to-12-years-160526016784,2026-06-04T16:05:15.232271
Naukri,power bi analyst,Power BI Analyst / Consultant,Pcgi Systems,3-5 Yrs,,,,,Vadodara,Report generation | Data modeling | Information security | Disaster recovery | query | power bi | Data analytics | QlikView,,3+ weeks ago,4.0,https://www.naukri.com/job-listings-power-bi-analyst-consultant-pcgi-systems-vadodara-3-to-5-years-080823500315,2026-06-04T16:05:15.232661
Naukri,power bi analyst,Sr. Analyst - Power BI,Proclink,5-7 Yrs,,,,,Ahmedabad,python | data analysis | data analytics | ssas | bi | power bi | data warehousing | dashboards,,2 weeks ago,3.5,https://www.naukri.com/job-listings-sr-analyst-power-bi-proclink-consulting-services-llp-ahmedabad-5-to-7-years-200526501156,2026-06-04T16:05:15.233044
Naukri,power bi analyst,Client Consulting Analyst (vendor/operations/Power BI/invoices),Visa Consolidated Support Services India,5-7 Yrs,,,,,Bengaluru,forecasting | vendor management | project management | data analysis | issue resolution | power bi | process improvement | business planning,,1 day ago,3.5,https://www.naukri.com/job-listings-client-consulting-analyst-vendor-operations-power-bi-invoices-visa-consolidated-support-services-india-pvt-ltd-bengaluru-5-to-7-years-030626914520,2026-06-04T16:05:15.233425
Naukri,power bi analyst,"Senior Data Analyst - Data Governance, Power BI",Optum,5-10 Yrs,,,,,Gurugram,compliance | data analytics | data analysis | data management | data lineage | ai | power bi | auditing,,1 day ago,4.0,https://www.naukri.com/job-listings-senior-data-analyst-data-governance-power-bi-optum-global-solutions-india-private-limited-gurugram-5-to-10-years-030626913331,2026-06-04T16:05:15.233808
Naukri,power bi analyst,IAM Power BI Analyst,Zuna Solutions,8-13 Yrs,,,,,Remote,Identity Access Management | Power Bi | Power Query | IAM | Iam Tools | Entra Id | ISO | Sailpoint,,2 weeks ago,,https://www.naukri.com/job-listings-iam-power-bi-analyst-zuna-solutions-bengaluru-8-to-13-years-200526001576,2026-06-04T16:05:15.234154
Naukri,power bi analyst,Urgent Hiring Accounts Analyst  SAP & Power BI-(5-6years Exp) Kolkata,TYASuite Software Solutions Pvt Ltd,5-6 Yrs,,,,,Kolkata,SAP | Power Bi | Accounting | ERP | Financial Analysis | Finance | Analysis | Bi,,1 week ago,2.7,https://www.naukri.com/job-listings-urgent-hiring-accounts-analyst-sap-power-bi-5-6years-exp-kolkata-tyasuite-software-solutions-pvt-ltd-kolkata-5-to-6-years-130526016282,2026-06-04T16:05:15.234566
Naukri,power bi analyst,Data Analyst/ Power BI Developer,Ethiqual Global,3-5 Yrs,,,,,Pune,Data Analytics | Power Bi Dashboards | Power Bi | Data Visualization | Dax | Dashboards | SQL | Python,,1 week ago,3.2,https://www.naukri.com/job-listings-data-analyst-power-bi-developer-ethiqual-global-pune-3-to-5-years-250526009171,2026-06-04T16:05:15.235004
Naukri,power bi analyst,"Investment Risk Analyst (CFA/FRM, SQL, Power BI, Python)",Franklin templeton asset management (india)pvt,4-6 Yrs,,,,,Hyderabad,Front office | Operations research | Data management | Wealth management | Data quality | Asset management | Investment management | Medical insurance,,1 week ago,3.8,https://www.naukri.com/job-listings-investment-risk-analyst-cfa-frm-sql-power-bi-python-franklin-templeton-asset-management-india-pvt-hyderabad-4-to-6-years-270526502660,2026-06-04T16:05:15.235393
Naukri,power bi analyst,Product Analyst (Power BI / Data Analytics ),Lumel Technologies,1-3 Yrs,,,,,Chennai,python | data analytics | data analysis | ssas | data mining | bi | power bi | data warehousing,,5 days ago,3.7,https://www.naukri.com/job-listings-product-analyst-power-bi-data-analytics-lumel-chennai-1-to-3-years-290526507383,2026-06-04T16:05:15.235772
Naukri,power bi analyst,Power Bi Analyst,NCR Atleos,1-3 Yrs,,,,,Mumbai (All Areas)(Vikhroli),Power Bi | Power Bi Reports | Microsoft Power Bi | Bi | Data Visualization | Dax | Data Analytics | SQL,,1 week ago,3.8,https://www.naukri.com/job-listings-power-bi-analyst-ncr-corporation-mumbai-all-areas-1-to-3-years-260526014676,2026-06-04T16:05:15.236152
Naukri,power bi analyst,BI Analyst - Power BI,Leading Client,2-5 Yrs,,,,,"Mumbai, Hyderabad, Bengaluru",Power BI | Data Modelling | Business Intelligence | Azure | Excel | Dashboard | DAX | ETL,,1 week ago,,https://www.naukri.com/job-listings-bi-analyst-power-bi-talent-corner-hr-services-pvt-ltd-mumbai-hyderabad-bengaluru-2-to-5-years-260526928133,2026-06-04T16:05:15.236520
Naukri,power bi analyst,Power BI Analyst,360DigiTMG,3-5 Yrs,,,,,Chennai,SQL queries | Data analysis | Excel | Data modeling | BI Analyst | Analytical | power bi | SQL,,5 days ago,4.1,https://www.naukri.com/job-listings-power-bi-analyst-360digitmg-chennai-3-to-5-years-290526504065,2026-06-04T16:05:15.236902
Naukri,power bi analyst,Senior Power BI Analyst,NuStar Technologies,8-13 Yrs,,,,,"Chennai, Bengaluru, Delhi / NCR",Power Bi | Data Analysis | Banking Domain Knowledge | Data Quality | Risk | Advance Sql | Tableau | Dashboards,,6 days ago,,https://www.naukri.com/job-listings-senior-power-bi-analyst-nustar-technologies-chennai-bengaluru-delhi-ncr-8-to-13-years-290526001365,2026-06-04T16:05:15.237265
Naukri,power bi analyst,Data Analyst (Power BI & Azure Databricks),Bridgestone - Global Capability Center,4-7 Yrs,,,,,Hybrid - Bengaluru,Power Bi | Azure Databricks | Analytics | Python | SQL | Tableau | Microsoft Azure | Data analysis,,1 week ago,4.0,https://www.naukri.com/job-listings-data-analyst-power-bi-azure-databricks-bridgestone-global-capability-center-bengaluru-4-to-7-years-250526007034,2026-06-04T16:05:15.237647
Naukri,power bi analyst,Power BI Technical Lead (Lead Analyst),CGI,9-14 Yrs,,,,,Chennai,technical lead | snowflake | data analytics | sap | oracle | power bi | data warehousing | cognos,,1 week ago,4.0,https://www.naukri.com/job-listings-power-bi-technical-lead-lead-analyst-cgi-information-systems-and-management-consultants-chennai-9-to-14-years-210526923107,2026-06-04T16:05:15.238026
Naukri,power bi analyst,Senior Power BI Analyst,Nustar Technologies,8-13 Yrs,,,,,"Hyderabad, Chennai, Bengaluru",Power Bi | key performance indicators | Reporting | Bi | Senior | Performance | Key,,1 week ago,,https://www.naukri.com/job-listings-senior-power-bi-analyst-nustar-technologies-hyderabad-chennai-bengaluru-8-to-13-years-260526018019,2026-06-04T16:05:15.238389
Naukri,power bi analyst,Power Bi Analyst- Largest Health care- Hyderabad,Apollo Health and Lifestyle (AHLL),2-6 Yrs,,,,,Hyderabad,Power Bi | Advanced Analytics | analyst | Analytics Reporting | Reporting | Large | Analytics | Healthcare,,3 weeks ago,4.3,https://www.naukri.com/job-listings-power-bi-analyst-largest-health-care-hyderabad-apollo-health-and-lifestyle-ahll-hyderabad-2-to-6-years-150426018630,2026-06-04T16:05:36.868299
Naukri,power bi analyst,Data Analyst - Power BI,Ecotech IT Solutions,5-10 Yrs,,,,,Pune,Power BI | Power Query | SQL | Data Visualization | DAX | Business Intelligence | Advanced Excel | M Query,,5 days ago,,https://www.naukri.com/job-listings-data-analyst-power-bi-fabric-pune-5-to-10-years-200426007998,2026-06-04T16:05:36.868731
Naukri,power bi analyst,"Senior Data Analyst - Power BI, SQL",Optum,3-8 Yrs,,,,,Gurugram,finance | sprint | ai | power bi | hr | user stories | user experience | business intelligence,,1 day ago,4.0,https://www.naukri.com/job-listings-senior-data-analyst-power-bi-sql-optum-global-solutions-india-private-limited-gurugram-3-to-8-years-030626913682,2026-06-04T16:05:36.869116
Naukri,power bi analyst,Power Bi Developer / Power Bi Analyst,Gokaldas Exports,8-12 Yrs,,,,,Bengaluru,Power Bi Reports | power bi dashboards | dax calculations | KPI | Development | Birt | Calculation | Reporting,,2 weeks ago,3.9,https://www.naukri.com/job-listings-power-bi-developer-power-bi-analyst-gokaldas-exports-bengaluru-8-to-12-years-160526016784,2026-06-04T16:05:36.869501
Naukri,power bi analyst,Power BI Analyst / Consultant,Pcgi Systems,3-5 Yrs,,,,,Vadodara,Report generation | Data modeling | Information security | Disaster recovery | query | power bi | Data analytics | QlikView,,3+ weeks ago,4.0,https://www.naukri.com/job-listings-power-bi-analyst-consultant-pcgi-systems-vadodara-3-to-5-years-080823500315,2026-06-04T16:05:36.869884
Naukri,power bi analyst,Sr. Analyst - Power BI,Proclink,5-7 Yrs,,,,,Ahmedabad,python | data analysis | data analytics | ssas | bi | power bi | data warehousing | dashboards,,2 weeks ago,3.5,https://www.naukri.com/job-listings-sr-analyst-power-bi-proclink-consulting-services-llp-ahmedabad-5-to-7-years-200526501156,2026-06-04T16:05:36.870266
Naukri,power bi analyst,Client Consulting Analyst (vendor/operations/Power BI/invoices),Visa Consolidated Support Services India,5-7 Yrs,,,,,Bengaluru,forecasting | vendor management | project management | data analysis | issue resolution | power bi | process improvement | business planning,,1 day ago,3.5,https://www.naukri.com/job-listings-client-consulting-analyst-vendor-operations-power-bi-invoices-visa-consolidated-support-services-india-pvt-ltd-bengaluru-5-to-7-years-030626914520,2026-06-04T16:05:36.870646
Naukri,power bi analyst,"Senior Data Analyst - Data Governance, Power BI",Optum,5-10 Yrs,,,,,Gurugram,compliance | data analytics | data analysis | data management | data lineage | ai | power bi | auditing,,1 day ago,4.0,https://www.naukri.com/job-listings-senior-data-analyst-data-governance-power-bi-optum-global-solutions-india-private-limited-gurugram-5-to-10-years-030626913331,2026-06-04T16:05:36.871032
Naukri,power bi analyst,IAM Power BI Analyst,Zuna Solutions,8-13 Yrs,,,,,Remote,Identity Access Management | Power Bi | Power Query | IAM | Iam Tools | Entra Id | ISO | Sailpoint,,2 weeks ago,,https://www.naukri.com/job-listings-iam-power-bi-analyst-zuna-solutions-bengaluru-8-to-13-years-200526001576,2026-06-04T16:05:36.871393
Naukri,power bi analyst,Urgent Hiring Accounts Analyst  SAP & Power BI-(5-6years Exp) Kolkata,TYASuite Software Solutions Pvt Ltd,5-6 Yrs,,,,,Kolkata,SAP | Power Bi | Accounting | ERP | Financial Analysis | Finance | Analysis | Bi,,1 week ago,2.7,https://www.naukri.com/job-listings-urgent-hiring-accounts-analyst-sap-power-bi-5-6years-exp-kolkata-tyasuite-software-solutions-pvt-ltd-kolkata-5-to-6-years-130526016282,2026-06-04T16:05:36.871827
Naukri,power bi analyst,Data Analyst/ Power BI Developer,Ethiqual Global,3-5 Yrs,,,,,Pune,Data Analytics | Power Bi Dashboards | Power Bi | Data Visualization | Dax | Dashboards | SQL | Python,,1 week ago,3.2,https://www.naukri.com/job-listings-data-analyst-power-bi-developer-ethiqual-global-pune-3-to-5-years-250526009171,2026-06-04T16:05:36.872249
Naukri,power bi analyst,"Investment Risk Analyst (CFA/FRM, SQL, Power BI, Python)",Franklin templeton asset management (india)pvt,4-6 Yrs,,,,,Hyderabad,Front office | Operations research | Data management | Wealth management | Data quality | Asset management | Investment management | Medical insurance,,1 week ago,3.8,https://www.naukri.com/job-listings-investment-risk-analyst-cfa-frm-sql-power-bi-python-franklin-templeton-asset-management-india-pvt-hyderabad-4-to-6-years-270526502660,2026-06-04T16:05:36.872627
Naukri,power bi analyst,Product Analyst (Power BI / Data Analytics ),Lumel Technologies,1-3 Yrs,,,,,Chennai,python | data analytics | data analysis | ssas | data mining | bi | power bi | data warehousing,,5 days ago,3.7,https://www.naukri.com/job-listings-product-analyst-power-bi-data-analytics-lumel-chennai-1-to-3-years-290526507383,2026-06-04T16:05:36.873014
Naukri,power bi analyst,Power Bi Analyst,NCR Atleos,1-3 Yrs,,,,,Mumbai (All Areas)(Vikhroli),Power Bi | Power Bi Reports | Microsoft Power Bi | Bi | Data Visualization | Dax | Data Analytics | SQL,,1 week ago,3.8,https://www.naukri.com/job-listings-power-bi-analyst-ncr-corporation-mumbai-all-areas-1-to-3-years-260526014676,2026-06-04T16:05:36.873393
Naukri,power bi analyst,BI Analyst - Power BI,Leading Client,2-5 Yrs,,,,,"Mumbai, Hyderabad, Bengaluru",Power BI | Data Modelling | Business Intelligence | Azure | Excel | Dashboard | DAX | ETL,,1 week ago,,https://www.naukri.com/job-listings-bi-analyst-power-bi-talent-corner-hr-services-pvt-ltd-mumbai-hyderabad-bengaluru-2-to-5-years-260526928133,2026-06-04T16:05:36.873761
Naukri,power bi analyst,Power BI Analyst,360DigiTMG,3-5 Yrs,,,,,Chennai,SQL queries | Data analysis | Excel | Data modeling | BI Analyst | Analytical | power bi | SQL,,5 days ago,4.1,https://www.naukri.com/job-listings-power-bi-analyst-360digitmg-chennai-3-to-5-years-290526504065,2026-06-04T16:05:36.874141
Naukri,power bi analyst,Senior Power BI Analyst,NuStar Technologies,8-13 Yrs,,,,,"Chennai, Bengaluru, Delhi / NCR",Power Bi | Data Analysis | Banking Domain Knowledge | Data Quality | Risk | Advance Sql | Tableau | Dashboards,,6 days ago,,https://www.naukri.com/job-listings-senior-power-bi-analyst-nustar-technologies-chennai-bengaluru-delhi-ncr-8-to-13-years-290526001365,2026-06-04T16:05:36.874506
Naukri,power bi analyst,Data Analyst (Power BI & Azure Databricks),Bridgestone - Global Capability Center,4-7 Yrs,,,,,Hybrid - Bengaluru,Power Bi | Azure Databricks | Analytics | Python | SQL | Tableau | Microsoft Azure | Data analysis,,1 week ago,4.0,https://www.naukri.com/job-listings-data-analyst-power-bi-azure-databricks-bridgestone-global-capability-center-bengaluru-4-to-7-years-250526007034,2026-06-04T16:05:36.874888
Naukri,power bi analyst,Power BI Technical Lead (Lead Analyst),CGI,9-14 Yrs,,,,,Chennai,technical lead | snowflake | data analytics | sap | oracle | power bi | data warehousing | cognos,,1 week ago,4.0,https://www.naukri.com/job-listings-power-bi-technical-lead-lead-analyst-cgi-information-systems-and-management-consultants-chennai-9-to-14-years-210526923107,2026-06-04T16:05:36.875270
Naukri,power bi analyst,Senior Power BI Analyst,Nustar Technologies,8-13 Yrs,,,,,"Hyderabad, Chennai, Bengaluru",Power Bi | key performance indicators | Reporting | Bi | Senior | Performance | Key,,1 week ago,,https://www.naukri.com/job-listings-senior-power-bi-analyst-nustar-technologies-hyderabad-chennai-bengaluru-8-to-13-years-260526018019,2026-06-04T16:05:36.875632
Naukri,power bi analyst,FP & A Analyst ( Power BI ),Telarix,4-6 Yrs,,,,,Bengaluru,Accountancy | Analytical skills | Financial statements | Senior Analyst | Accounting | Business Finance | power bi | Oracle,,3+ weeks ago,,https://www.naukri.com/job-listings-fp-a-analyst-power-bi-telarix-bengaluru-4-to-6-years-300422500639,2026-06-04T16:05:58.679680
Naukri,power bi analyst,Product Analyst (Power BI / Data Analytics ),Lumel Technologies,1-3 Yrs,,,,,Chennai,python | data analytics | data analysis | ssas | data mining | bi | power bi | data warehousing,,5 days ago,3.7,https://www.naukri.com/job-listings-product-analyst-power-bi-data-analytics-lumel-chennai-1-to-3-years-290526507383,2026-06-04T16:05:58.680080
Naukri,power bi analyst,Power BI Analyst,360DigiTMG,3-5 Yrs,,,,,Chennai,SQL queries | Data analysis | Excel | Data modeling | BI Analyst | Analytical | power bi | SQL,,5 days ago,4.1,https://www.naukri.com/job-listings-power-bi-analyst-360digitmg-chennai-3-to-5-years-290526504065,2026-06-04T16:05:58.680467
Naukri,power bi analyst,Senior Power BI Analyst,NuStar Technologies,8-13 Yrs,,,,,"Chennai, Bengaluru, Delhi / NCR",Power Bi | Data Analysis | Banking Domain Knowledge | Data Quality | Risk | Advance Sql | Tableau | Dashboards,,6 days ago,,https://www.naukri.com/job-listings-senior-power-bi-analyst-nustar-technologies-chennai-bengaluru-delhi-ncr-8-to-13-years-290526001365,2026-06-04T16:05:58.680836
Naukri,power bi analyst,"Data Analyst (Business Intelligence,Python,Machine Learning,Power BI )",FIS,4-8 Yrs,,,,,Gurugram,data analyst | python | storytelling | data analysis | ai | power bi | numpy | machine learning,,1 week ago,3.8,https://www.naukri.com/job-listings-data-analyst-business-intelligence-python-machine-learning-power-bi-fis-global-business-solutions-india-pvt-ltd-gurugram-4-to-8-years-270526928124,2026-06-04T16:05:58.681225
Naukri,power bi analyst,"Investment Risk Analyst (CFA/FRM, SQL, Power BI, Python)",Franklin templeton asset management (india)pvt,4-6 Yrs,,,,,Hyderabad,Front office | Operations research | Data management | Wealth management | Data quality | Asset management | Investment management | Medical insurance,,1 week ago,3.8,https://www.naukri.com/job-listings-investment-risk-analyst-cfa-frm-sql-power-bi-python-franklin-templeton-asset-management-india-pvt-hyderabad-4-to-6-years-270526502660,2026-06-04T16:05:58.681626
Naukri,power bi analyst,BI Analyst - Power BI,Leading Client,2-5 Yrs,,,,,"Mumbai, Hyderabad, Bengaluru",Power BI | Data Modelling | Business Intelligence | Azure | Excel | Dashboard | DAX | ETL,,1 week ago,,https://www.naukri.com/job-listings-bi-analyst-power-bi-talent-corner-hr-services-pvt-ltd-mumbai-hyderabad-bengaluru-2-to-5-years-260526928133,2026-06-04T16:05:58.682119
Naukri,power bi analyst,Power Bi Analyst,NCR Atleos,1-3 Yrs,,,,,Mumbai (All Areas)(Vikhroli),Power Bi | Power Bi Reports | Microsoft Power Bi | Bi | Data Visualization | Dax | Data Analytics | SQL,,1 week ago,3.8,https://www.naukri.com/job-listings-power-bi-analyst-ncr-corporation-mumbai-all-areas-1-to-3-years-260526014676,2026-06-04T16:05:58.682518
Naukri,power bi analyst,Business Analyst Power BI,Novo Nordisk,3-5 Yrs,,,,,Bengaluru,bi tools | python | data analysis | power bi dashboards | design | power bi | data visualization | Data,,3+ weeks ago,3.6,https://www.naukri.com/job-listings-business-analyst-power-bi-novo-nordisk-centre-india-pvt-ltd-bengaluru-3-to-5-years-260425504269,2026-06-04T16:05:58.682904
Naukri,power bi analyst,Data Analyst/ Power BI Developer,Ethiqual Global,3-5 Yrs,,,,,Pune,Data Analytics | Power Bi Dashboards | Power Bi | Data Visualization | Dax | Dashboards | SQL | Python,,1 week ago,3.2,https://www.naukri.com/job-listings-data-analyst-power-bi-developer-ethiqual-global-pune-3-to-5-years-250526009171,2026-06-04T16:05:58.683327
Naukri,power bi analyst,Data Analyst (Power BI & Azure Databricks),Bridgestone - Global Capability Center,4-7 Yrs,,,,,Hybrid - Bengaluru,Power Bi | Azure Databricks | Analytics | Python | SQL | Tableau | Microsoft Azure | Data analysis,,1 week ago,4.0,https://www.naukri.com/job-listings-data-analyst-power-bi-azure-databricks-bridgestone-global-capability-center-bengaluru-4-to-7-years-250526007034,2026-06-04T16:05:58.683714
Naukri,power bi analyst,Business Analyst (Power BI & SQL),anblicks,4-9 Yrs,,,,,Ahmedabad,SQL queries | Data analysis | Data validation | Business Analyst | Analytical | Reconciliation | power bi | Data quality,,3+ weeks ago,4.1,https://www.naukri.com/job-listings-business-analyst-power-bi-sql-anblicks-ahmedabad-4-to-9-years-240326500874,2026-06-04T16:05:58.684098
Naukri,power bi analyst,Senior Data Analyst (Power BI),tsworks,5-8 Yrs,,,,,Bengaluru,Supply chain | Hospitality | Performance tuning | Data analysis | Data modeling | power bi | microsoft | Business intelligence,,3+ weeks ago,5.0,https://www.naukri.com/job-listings-senior-data-analyst-power-bi-tsworks-bengaluru-5-to-8-years-230925505758,2026-06-04T16:05:58.684479
Naukri,power bi analyst,Financial Planning Analyst-Power BI,EY,6-11 Yrs,,,,,Hybrid - Kochi,Power Bi | Financial Planning And Analysis | Budgeting | Variance Analysis | Forecasting | Financial Forecasting | FPA | Financial Planning,,1 week ago,3.4,https://www.naukri.com/job-listings-financial-planning-analyst-power-bi-ey-kochi-6-to-11-years-220526032535,2026-06-04T16:05:58.684887
Naukri,power bi analyst,Data Analyst (Power BI & Advanced Excel) | 2-4 Years,Millennium Organisation,2-4 Yrs,,,,,Mumbai (All Areas),Power Bi Dashboards | Power Bi | Data Analysis | Advanced Excel | Power Bi Reports | Pivot Table | VLOOKUP | Formulas,,1 week ago,4.3,https://www.naukri.com/job-listings-data-analyst-power-bi-advanced-excel-2-4-years-millennium-organisation-mumbai-all-areas-2-to-4-years-220526017849,2026-06-04T16:05:58.685303
Naukri,power bi analyst,Power BI Technical Lead (Lead Analyst),CGI,9-14 Yrs,,,,,Chennai,technical lead | snowflake | data analytics | sap | oracle | power bi | data warehousing | cognos,,1 week ago,4.0,https://www.naukri.com/job-listings-power-bi-technical-lead-lead-analyst-cgi-information-systems-and-management-consultants-chennai-9-to-14-years-210526923107,2026-06-04T16:05:58.685686
Naukri,power bi analyst,Senior Data Analyst (Power BI),Netstratum,5-10 Yrs,,,,,Kochi,Computer science | Telecom | Data modeling | Analytical | Senior Data Analyst | Agile | microsoft | digital transformation,,3+ weeks ago,4.4,https://www.naukri.com/job-listings-senior-data-analyst-power-bi-netstratum-kochi-5-to-10-years-210426500750,2026-06-04T16:05:58.686069
Naukri,power bi analyst,Sr. Analyst - Power BI,Proclink,5-7 Yrs,,,,,Ahmedabad,python | data analysis | data analytics | ssas | bi | power bi | data warehousing | dashboards,,2 weeks ago,3.5,https://www.naukri.com/job-listings-sr-analyst-power-bi-proclink-consulting-services-llp-ahmedabad-5-to-7-years-200526501156,2026-06-04T16:05:58.686451
Naukri,power bi analyst,Data Analyst (Power BI Developer),"Our Client is an AI Company, data engineering, and business consulting firm. Headquartered in Blr",6-10 Yrs,,,,,"Hybrid - Hyderabad, Bengaluru, Delhi / NCR",Performance Optimization | Power Bi | Dax | Data Modeling | Dashboards | Data Analytics | Analytics | Modeling,,2 weeks ago,,https://www.naukri.com/job-listings-data-analyst-power-bi-developer-bellfast-management-hyderabad-bengaluru-delhi-ncr-6-to-10-years-200526014327,2026-06-04T16:05:58.686858
Naukri,power bi analyst,Data Analyst - Power BI,Ecotech IT Solutions,5-10 Yrs,,,,,Pune,Power BI | Power Query | SQL | Data Visualization | DAX | Business Intelligence | Advanced Excel | M Query,,5 days ago,,https://www.naukri.com/job-listings-data-analyst-power-bi-fabric-pune-5-to-10-years-200426007998,2026-06-04T16:05:58.687265
Naukri,power bi analyst,Power Bi Analyst- Largest Health care- Hyderabad,Apollo Health and Lifestyle (AHLL),2-6 Yrs,,,,,Hyderabad,Power Bi | Advanced Analytics | analyst | Analytics Reporting | Reporting | Large | Analytics | Healthcare,,3 weeks ago,4.3,https://www.naukri.com/job-listings-power-bi-analyst-largest-health-care-hyderabad-apollo-health-and-lifestyle-ahll-hyderabad-2-to-6-years-150426018630,2026-06-04T16:06:20.208185
Naukri,power bi analyst,Data Analyst - Power BI,Ecotech IT Solutions,5-10 Yrs,,,,,Pune,Power BI | Power Query | SQL | Data Visualization | DAX | Business Intelligence | Advanced Excel | M Query,,5 days ago,,https://www.naukri.com/job-listings-data-analyst-power-bi-fabric-pune-5-to-10-years-200426007998,2026-06-04T16:06:20.208627
Naukri,power bi analyst,"Senior Data Analyst - Power BI, SQL",Optum,3-8 Yrs,,,,,Gurugram,finance | sprint | ai | power bi | hr | user stories | user experience | business intelligence,,1 day ago,4.0,https://www.naukri.com/job-listings-senior-data-analyst-power-bi-sql-optum-global-solutions-india-private-limited-gurugram-3-to-8-years-030626913682,2026-06-04T16:06:20.209035
Naukri,power bi analyst,Power Bi Developer / Power Bi Analyst,Gokaldas Exports,8-12 Yrs,,,,,Bengaluru,Power Bi Reports | power bi dashboards | dax calculations | KPI | Development | Birt | Calculation | Reporting,,2 weeks ago,3.9,https://www.naukri.com/job-listings-power-bi-developer-power-bi-analyst-gokaldas-exports-bengaluru-8-to-12-years-160526016784,2026-06-04T16:06:20.209434
Naukri,power bi analyst,Power BI Analyst / Consultant,Pcgi Systems,3-5 Yrs,,,,,Vadodara,Report generation | Data modeling | Information security | Disaster recovery | query | power bi | Data analytics | QlikView,,3+ weeks ago,4.0,https://www.naukri.com/job-listings-power-bi-analyst-consultant-pcgi-systems-vadodara-3-to-5-years-080823500315,2026-06-04T16:06:20.209835
Naukri,power bi analyst,Sr. Analyst - Power BI,Proclink,5-7 Yrs,,,,,Ahmedabad,python | data analysis | data analytics | ssas | bi | power bi | data warehousing | dashboards,,2 weeks ago,3.5,https://www.naukri.com/job-listings-sr-analyst-power-bi-proclink-consulting-services-llp-ahmedabad-5-to-7-years-200526501156,2026-06-04T16:06:20.210230
Naukri,power bi analyst,Client Consulting Analyst (vendor/operations/Power BI/invoices),Visa Consolidated Support Services India,5-7 Yrs,,,,,Bengaluru,forecasting | vendor management | project management | data analysis | issue resolution | power bi | process improvement | business planning,,1 day ago,3.5,https://www.naukri.com/job-listings-client-consulting-analyst-vendor-operations-power-bi-invoices-visa-consolidated-support-services-india-pvt-ltd-bengaluru-5-to-7-years-030626914520,2026-06-04T16:06:20.210631
Naukri,power bi analyst,"Senior Data Analyst - Data Governance, Power BI",Optum,5-10 Yrs,,,,,Gurugram,compliance | data analytics | data analysis | data management | data lineage | ai | power bi | auditing,,1 day ago,4.0,https://www.naukri.com/job-listings-senior-data-analyst-data-governance-power-bi-optum-global-solutions-india-private-limited-gurugram-5-to-10-years-030626913331,2026-06-04T16:06:20.211026
Naukri,power bi analyst,IAM Power BI Analyst,Zuna Solutions,8-13 Yrs,,,,,Remote,Identity Access Management | Power Bi | Power Query | IAM | Iam Tools | Entra Id | ISO | Sailpoint,,2 weeks ago,,https://www.naukri.com/job-listings-iam-power-bi-analyst-zuna-solutions-bengaluru-8-to-13-years-200526001576,2026-06-04T16:06:20.211391
Naukri,power bi analyst,Urgent Hiring Accounts Analyst  SAP & Power BI-(5-6years Exp) Kolkata,TYASuite Software Solutions Pvt Ltd,5-6 Yrs,,,,,Kolkata,SAP | Power Bi | Accounting | ERP | Financial Analysis | Finance | Analysis | Bi,,1 week ago,2.7,https://www.naukri.com/job-listings-urgent-hiring-accounts-analyst-sap-power-bi-5-6years-exp-kolkata-tyasuite-software-solutions-pvt-ltd-kolkata-5-to-6-years-130526016282,2026-06-04T16:06:20.211823
Naukri,power bi analyst,Data Analyst/ Power BI Developer,Ethiqual Global,3-5 Yrs,,,,,Pune,Data Analytics | Power Bi Dashboards | Power Bi | Data Visualization | Dax | Dashboards | SQL | Python,,1 week ago,3.2,https://www.naukri.com/job-listings-data-analyst-power-bi-developer-ethiqual-global-pune-3-to-5-years-250526009171,2026-06-04T16:06:20.212249
Naukri,power bi analyst,"Investment Risk Analyst (CFA/FRM, SQL, Power BI, Python)",Franklin templeton asset management (india)pvt,4-6 Yrs,,,,,Hyderabad,Front office | Operations research | Data management | Wealth management | Data quality | Asset management | Investment management | Medical insurance,,1 week ago,3.8,https://www.naukri.com/job-listings-investment-risk-analyst-cfa-frm-sql-power-bi-python-franklin-templeton-asset-management-india-pvt-hyderabad-4-to-6-years-270526502660,2026-06-04T16:06:20.212648
Naukri,power bi analyst,Product Analyst (Power BI / Data Analytics ),Lumel Technologies,1-3 Yrs,,,,,Chennai,python | data analytics | data analysis | ssas | data mining | bi | power bi | data warehousing,,5 days ago,3.7,https://www.naukri.com/job-listings-product-analyst-power-bi-data-analytics-lumel-chennai-1-to-3-years-290526507383,2026-06-04T16:06:20.213041
Naukri,power bi analyst,Power Bi Analyst,NCR Atleos,1-3 Yrs,,,,,Mumbai (All Areas)(Vikhroli),Power Bi | Power Bi Reports | Microsoft Power Bi | Bi | Data Visualization | Dax | Data Analytics | SQL,,1 week ago,3.8,https://www.naukri.com/job-listings-power-bi-analyst-ncr-corporation-mumbai-all-areas-1-to-3-years-260526014676,2026-06-04T16:06:20.213493
Naukri,power bi analyst,BI Analyst - Power BI,Leading Client,2-5 Yrs,,,,,"Mumbai, Hyderabad, Bengaluru",Power BI | Data Modelling | Business Intelligence | Azure | Excel | Dashboard | DAX | ETL,,1 week ago,,https://www.naukri.com/job-listings-bi-analyst-power-bi-talent-corner-hr-services-pvt-ltd-mumbai-hyderabad-bengaluru-2-to-5-years-260526928133,2026-06-04T16:06:20.213890
Naukri,power bi analyst,Power BI Analyst,360DigiTMG,3-5 Yrs,,,,,Chennai,SQL queries | Data analysis | Excel | Data modeling | BI Analyst | Analytical | power bi | SQL,,5 days ago,4.1,https://www.naukri.com/job-listings-power-bi-analyst-360digitmg-chennai-3-to-5-years-290526504065,2026-06-04T16:06:20.214300
Naukri,power bi analyst,Senior Power BI Analyst,NuStar Technologies,8-13 Yrs,,,,,"Chennai, Bengaluru, Delhi / NCR",Power Bi | Data Analysis | Banking Domain Knowledge | Data Quality | Risk | Advance Sql | Tableau | Dashboards,,6 days ago,,https://www.naukri.com/job-listings-senior-power-bi-analyst-nustar-technologies-chennai-bengaluru-delhi-ncr-8-to-13-years-290526001365,2026-06-04T16:06:20.214683
Naukri,power bi analyst,Data Analyst (Power BI & Azure Databricks),Bridgestone - Global Capability Center,4-7 Yrs,,,,,Hybrid - Bengaluru,Power Bi | Azure Databricks | Analytics | Python | SQL | Tableau | Microsoft Azure | Data analysis,,1 week ago,4.0,https://www.naukri.com/job-listings-data-analyst-power-bi-azure-databricks-bridgestone-global-capability-center-bengaluru-4-to-7-years-250526007034,2026-06-04T16:06:20.215079
Naukri,power bi analyst,Power BI Technical Lead (Lead Analyst),CGI,9-14 Yrs,,,,,Chennai,technical lead | snowflake | data analytics | sap | oracle | power bi | data warehousing | cognos,,1 week ago,4.0,https://www.naukri.com/job-listings-power-bi-technical-lead-lead-analyst-cgi-information-systems-and-management-consultants-chennai-9-to-14-years-210526923107,2026-06-04T16:06:20.215471
Naukri,power bi analyst,Senior Power BI Analyst,Nustar Technologies,8-13 Yrs,,,,,"Hyderabad, Chennai, Bengaluru",Power Bi | key performance indicators | Reporting | Bi | Senior | Performance | Key,,1 week ago,,https://www.naukri.com/job-listings-senior-power-bi-analyst-nustar-technologies-hyderabad-chennai-bengaluru-8-to-13-years-260526018019,2026-06-04T16:06:20.215847
Naukri,power bi analyst,Power Bi Analyst- Largest Health care- Hyderabad,Apollo Health and Lifestyle (AHLL),2-6 Yrs,,,,,Hyderabad,Power Bi | Advanced Analytics | analyst | Analytics Reporting | Reporting | Large | Analytics | Healthcare,,3 weeks ago,4.3,https://www.naukri.com/job-listings-power-bi-analyst-largest-health-care-hyderabad-apollo-health-and-lifestyle-ahll-hyderabad-2-to-6-years-150426018630,2026-06-04T16:06:41.956390
Naukri,power bi analyst,Data Analyst - Power BI,Ecotech IT Solutions,5-10 Yrs,,,,,Pune,Power BI | Power Query | SQL | Data Visualization | DAX | Business Intelligence | Advanced Excel | M Query,,5 days ago,,https://www.naukri.com/job-listings-data-analyst-power-bi-fabric-pune-5-to-10-years-200426007998,2026-06-04T16:06:41.956819
Naukri,power bi analyst,"Senior Data Analyst - Power BI, SQL",Optum,3-8 Yrs,,,,,Gurugram,finance | sprint | ai | power bi | hr | user stories | user experience | business intelligence,,1 day ago,4.0,https://www.naukri.com/job-listings-senior-data-analyst-power-bi-sql-optum-global-solutions-india-private-limited-gurugram-3-to-8-years-030626913682,2026-06-04T16:06:41.957229
Naukri,power bi analyst,Power Bi Developer / Power Bi Analyst,Gokaldas Exports,8-12 Yrs,,,,,Bengaluru,Power Bi Reports | power bi dashboards | dax calculations | KPI | Development | Birt | Calculation | Reporting,,2 weeks ago,3.9,https://www.naukri.com/job-listings-power-bi-developer-power-bi-analyst-gokaldas-exports-bengaluru-8-to-12-years-160526016784,2026-06-04T16:06:41.957627
Naukri,power bi analyst,Power BI Analyst / Consultant,Pcgi Systems,3-5 Yrs,,,,,Vadodara,Report generation | Data modeling | Information security | Disaster recovery | query | power bi | Data analytics | QlikView,,3+ weeks ago,4.0,https://www.naukri.com/job-listings-power-bi-analyst-consultant-pcgi-systems-vadodara-3-to-5-years-080823500315,2026-06-04T16:06:41.958027
Naukri,power bi analyst,Sr. Analyst - Power BI,Proclink,5-7 Yrs,,,,,Ahmedabad,python | data analysis | data analytics | ssas | bi | power bi | data warehousing | dashboards,,2 weeks ago,3.5,https://www.naukri.com/job-listings-sr-analyst-power-bi-proclink-consulting-services-llp-ahmedabad-5-to-7-years-200526501156,2026-06-04T16:06:41.958426
Naukri,power bi analyst,Client Consulting Analyst (vendor/operations/Power BI/invoices),Visa Consolidated Support Services India,5-7 Yrs,,,,,Bengaluru,forecasting | vendor management | project management | data analysis | issue resolution | power bi | process improvement | business planning,,1 day ago,3.5,https://www.naukri.com/job-listings-client-consulting-analyst-vendor-operations-power-bi-invoices-visa-consolidated-support-services-india-pvt-ltd-bengaluru-5-to-7-years-030626914520,2026-06-04T16:06:41.958823
Naukri,power bi analyst,"Senior Data Analyst - Data Governance, Power BI",Optum,5-10 Yrs,,,,,Gurugram,compliance | data analytics | data analysis | data management | data lineage | ai | power bi | auditing,,1 day ago,4.0,https://www.naukri.com/job-listings-senior-data-analyst-data-governance-power-bi-optum-global-solutions-india-private-limited-gurugram-5-to-10-years-030626913331,2026-06-04T16:06:41.959224
Naukri,power bi analyst,IAM Power BI Analyst,Zuna Solutions,8-13 Yrs,,,,,Remote,Identity Access Management | Power Bi | Power Query | IAM | Iam Tools | Entra Id | ISO | Sailpoint,,2 weeks ago,,https://www.naukri.com/job-listings-iam-power-bi-analyst-zuna-solutions-bengaluru-8-to-13-years-200526001576,2026-06-04T16:06:41.959587
Naukri,power bi analyst,Urgent Hiring Accounts Analyst  SAP & Power BI-(5-6years Exp) Kolkata,TYASuite Software Solutions Pvt Ltd,5-6 Yrs,,,,,Kolkata,SAP | Power Bi | Accounting | ERP | Financial Analysis | Finance | Analysis | Bi,,1 week ago,2.7,https://www.naukri.com/job-listings-urgent-hiring-accounts-analyst-sap-power-bi-5-6years-exp-kolkata-tyasuite-software-solutions-pvt-ltd-kolkata-5-to-6-years-130526016282,2026-06-04T16:06:41.960024
Naukri,power bi analyst,Data Analyst/ Power BI Developer,Ethiqual Global,3-5 Yrs,,,,,Pune,Data Analytics | Power Bi Dashboards | Power Bi | Data Visualization | Dax | Dashboards | SQL | Python,,1 week ago,3.2,https://www.naukri.com/job-listings-data-analyst-power-bi-developer-ethiqual-global-pune-3-to-5-years-250526009171,2026-06-04T16:06:41.960457
Naukri,power bi analyst,"Investment Risk Analyst (CFA/FRM, SQL, Power BI, Python)",Franklin templeton asset management (india)pvt,4-6 Yrs,,,,,Hyderabad,Front office | Operations research | Data management | Wealth management | Data quality | Asset management | Investment management | Medical insurance,,1 week ago,3.8,https://www.naukri.com/job-listings-investment-risk-analyst-cfa-frm-sql-power-bi-python-franklin-templeton-asset-management-india-pvt-hyderabad-4-to-6-years-270526502660,2026-06-04T16:06:41.960857
Naukri,power bi analyst,Product Analyst (Power BI / Data Analytics ),Lumel Technologies,1-3 Yrs,,,,,Chennai,python | data analytics | data analysis | ssas | data mining | bi | power bi | data warehousing,,5 days ago,3.7,https://www.naukri.com/job-listings-product-analyst-power-bi-data-analytics-lumel-chennai-1-to-3-years-290526507383,2026-06-04T16:06:41.961255
Naukri,power bi analyst,Power Bi Analyst,NCR Atleos,1-3 Yrs,,,,,Mumbai (All Areas)(Vikhroli),Power Bi | Power Bi Reports | Microsoft Power Bi | Bi | Data Visualization | Dax | Data Analytics | SQL,,1 week ago,3.8,https://www.naukri.com/job-listings-power-bi-analyst-ncr-corporation-mumbai-all-areas-1-to-3-years-260526014676,2026-06-04T16:06:41.961652
Naukri,power bi analyst,BI Analyst - Power BI,Leading Client,2-5 Yrs,,,,,"Mumbai, Hyderabad, Bengaluru",Power BI | Data Modelling | Business Intelligence | Azure | Excel | Dashboard | DAX | ETL,,1 week ago,,https://www.naukri.com/job-listings-bi-analyst-power-bi-talent-corner-hr-services-pvt-ltd-mumbai-hyderabad-bengaluru-2-to-5-years-260526928133,2026-06-04T16:06:41.962035
Naukri,power bi analyst,Power BI Analyst,360DigiTMG,3-5 Yrs,,,,,Chennai,SQL queries | Data analysis | Excel | Data modeling | BI Analyst | Analytical | power bi | SQL,,5 days ago,4.1,https://www.naukri.com/job-listings-power-bi-analyst-360digitmg-chennai-3-to-5-years-290526504065,2026-06-04T16:06:41.962467
Naukri,power bi analyst,Senior Power BI Analyst,NuStar Technologies,8-13 Yrs,,,,,"Chennai, Bengaluru, Delhi / NCR",Power Bi | Data Analysis | Banking Domain Knowledge | Data Quality | Risk | Advance Sql | Tableau | Dashboards,,6 days ago,,https://www.naukri.com/job-listings-senior-power-bi-analyst-nustar-technologies-chennai-bengaluru-delhi-ncr-8-to-13-years-290526001365,2026-06-04T16:06:41.962850
Naukri,power bi analyst,Data Analyst (Power BI & Azure Databricks),Bridgestone - Global Capability Center,4-7 Yrs,,,,,Hybrid - Bengaluru,Power Bi | Azure Databricks | Analytics | Python | SQL | Tableau | Microsoft Azure | Data analysis,,1 week ago,4.0,https://www.naukri.com/job-listings-data-analyst-power-bi-azure-databricks-bridgestone-global-capability-center-bengaluru-4-to-7-years-250526007034,2026-06-04T16:06:41.963251
Naukri,power bi analyst,Power BI Technical Lead (Lead Analyst),CGI,9-14 Yrs,,,,,Chennai,technical lead | snowflake | data analytics | sap | oracle | power bi | data warehousing | cognos,,1 week ago,4.0,https://www.naukri.com/job-listings-power-bi-technical-lead-lead-analyst-cgi-information-systems-and-management-consultants-chennai-9-to-14-years-210526923107,2026-06-04T16:06:41.963647
Naukri,power bi analyst,Senior Power BI Analyst,Nustar Technologies,8-13 Yrs,,,,,"Hyderabad, Chennai, Bengaluru",Power Bi | key performance indicators | Reporting | Bi | Senior | Performance | Key,,1 week ago,,https://www.naukri.com/job-listings-senior-power-bi-analyst-nustar-technologies-hyderabad-chennai-bengaluru-8-to-13-years-260526018019,2026-06-04T16:06:41.964026
Naukri,power bi analyst,Power Bi Analyst- Largest Health care- Hyderabad,Apollo Health and Lifestyle (AHLL),2-6 Yrs,,,,,Hyderabad,Power Bi | Advanced Analytics | analyst | Analytics Reporting | Reporting | Large | Analytics | Healthcare,,3 weeks ago,4.3,https://www.naukri.com/job-listings-power-bi-analyst-largest-health-care-hyderabad-apollo-health-and-lifestyle-ahll-hyderabad-2-to-6-years-150426018630,2026-06-04T16:07:03.627514
Naukri,power bi analyst,Data Analyst - Power BI,Ecotech IT Solutions,5-10 Yrs,,,,,Pune,Power BI | Power Query | SQL | Data Visualization | DAX | Business Intelligence | Advanced Excel | M Query,,5 days ago,,https://www.naukri.com/job-listings-data-analyst-power-bi-fabric-pune-5-to-10-years-200426007998,2026-06-04T16:07:03.627948
Naukri,power bi analyst,"Senior Data Analyst - Power BI, SQL",Optum,3-8 Yrs,,,,,Gurugram,finance | sprint | ai | power bi | hr | user stories | user experience | business intelligence,,1 day ago,4.0,https://www.naukri.com/job-listings-senior-data-analyst-power-bi-sql-optum-global-solutions-india-private-limited-gurugram-3-to-8-years-030626913682,2026-06-04T16:07:03.628345
Naukri,power bi analyst,Power Bi Developer / Power Bi Analyst,Gokaldas Exports,8-12 Yrs,,,,,Bengaluru,Power Bi Reports | power bi dashboards | dax calculations | KPI | Development | Birt | Calculation | Reporting,,2 weeks ago,3.9,https://www.naukri.com/job-listings-power-bi-developer-power-bi-analyst-gokaldas-exports-bengaluru-8-to-12-years-160526016784,2026-06-04T16:07:03.628730
Naukri,power bi analyst,Power BI Analyst / Consultant,Pcgi Systems,3-5 Yrs,,,,,Vadodara,Report generation | Data modeling | Information security | Disaster recovery | query | power bi | Data analytics | QlikView,,3+ weeks ago,4.0,https://www.naukri.com/job-listings-power-bi-analyst-consultant-pcgi-systems-vadodara-3-to-5-years-080823500315,2026-06-04T16:07:03.629112
Naukri,power bi analyst,Sr. Analyst - Power BI,Proclink,5-7 Yrs,,,,,Ahmedabad,python | data analysis | data analytics | ssas | bi | power bi | data warehousing | dashboards,,2 weeks ago,3.5,https://www.naukri.com/job-listings-sr-analyst-power-bi-proclink-consulting-services-llp-ahmedabad-5-to-7-years-200526501156,2026-06-04T16:07:03.629493
Naukri,power bi analyst,Client Consulting Analyst (vendor/operations/Power BI/invoices),Visa Consolidated Support Services India,5-7 Yrs,,,,,Bengaluru,forecasting | vendor management | project management | data analysis | issue resolution | power bi | process improvement | business planning,,1 day ago,3.5,https://www.naukri.com/job-listings-client-consulting-analyst-vendor-operations-power-bi-invoices-visa-consolidated-support-services-india-pvt-ltd-bengaluru-5-to-7-years-030626914520,2026-06-04T16:07:03.629878
Naukri,power bi analyst,"Senior Data Analyst - Data Governance, Power BI",Optum,5-10 Yrs,,,,,Gurugram,compliance | data analytics | data analysis | data management | data lineage | ai | power bi | auditing,,1 day ago,4.0,https://www.naukri.com/job-listings-senior-data-analyst-data-governance-power-bi-optum-global-solutions-india-private-limited-gurugram-5-to-10-years-030626913331,2026-06-04T16:07:03.630276
Naukri,power bi analyst,IAM Power BI Analyst,Zuna Solutions,8-13 Yrs,,,,,Remote,Identity Access Management | Power Bi | Power Query | IAM | Iam Tools | Entra Id | ISO | Sailpoint,,2 weeks ago,,https://www.naukri.com/job-listings-iam-power-bi-analyst-zuna-solutions-bengaluru-8-to-13-years-200526001576,2026-06-04T16:07:03.630623
Naukri,power bi analyst,Urgent Hiring Accounts Analyst  SAP & Power BI-(5-6years Exp) Kolkata,TYASuite Software Solutions Pvt Ltd,5-6 Yrs,,,,,Kolkata,SAP | Power Bi | Accounting | ERP | Financial Analysis | Finance | Analysis | Bi,,1 week ago,2.7,https://www.naukri.com/job-listings-urgent-hiring-accounts-analyst-sap-power-bi-5-6years-exp-kolkata-tyasuite-software-solutions-pvt-ltd-kolkata-5-to-6-years-130526016282,2026-06-04T16:07:03.631079
Naukri,power bi analyst,Data Analyst/ Power BI Developer,Ethiqual Global,3-5 Yrs,,,,,Pune,Data Analytics | Power Bi Dashboards | Power Bi | Data Visualization | Dax | Dashboards | SQL | Python,,1 week ago,3.2,https://www.naukri.com/job-listings-data-analyst-power-bi-developer-ethiqual-global-pune-3-to-5-years-250526009171,2026-06-04T16:07:03.631493
Naukri,power bi analyst,"Investment Risk Analyst (CFA/FRM, SQL, Power BI, Python)",Franklin templeton asset management (india)pvt,4-6 Yrs,,,,,Hyderabad,Front office | Operations research | Data management | Wealth management | Data quality | Asset management | Investment management | Medical insurance,,1 week ago,3.8,https://www.naukri.com/job-listings-investment-risk-analyst-cfa-frm-sql-power-bi-python-franklin-templeton-asset-management-india-pvt-hyderabad-4-to-6-years-270526502660,2026-06-04T16:07:03.631873
Naukri,power bi analyst,Product Analyst (Power BI / Data Analytics ),Lumel Technologies,1-3 Yrs,,,,,Chennai,python | data analytics | data analysis | ssas | data mining | bi | power bi | data warehousing,,5 days ago,3.7,https://www.naukri.com/job-listings-product-analyst-power-bi-data-analytics-lumel-chennai-1-to-3-years-290526507383,2026-06-04T16:07:03.632326
Naukri,power bi analyst,Power Bi Analyst,NCR Atleos,1-3 Yrs,,,,,Mumbai (All Areas)(Vikhroli),Power Bi | Power Bi Reports | Microsoft Power Bi | Bi | Data Visualization | Dax | Data Analytics | SQL,,1 week ago,3.8,https://www.naukri.com/job-listings-power-bi-analyst-ncr-corporation-mumbai-all-areas-1-to-3-years-260526014676,2026-06-04T16:07:03.632729
Naukri,power bi analyst,BI Analyst - Power BI,Leading Client,2-5 Yrs,,,,,"Mumbai, Hyderabad, Bengaluru",Power BI | Data Modelling | Business Intelligence | Azure | Excel | Dashboard | DAX | ETL,,1 week ago,,https://www.naukri.com/job-listings-bi-analyst-power-bi-talent-corner-hr-services-pvt-ltd-mumbai-hyderabad-bengaluru-2-to-5-years-260526928133,2026-06-04T16:07:03.633123
Naukri,power bi analyst,Power BI Analyst,360DigiTMG,3-5 Yrs,,,,,Chennai,SQL queries | Data analysis | Excel | Data modeling | BI Analyst | Analytical | power bi | SQL,,5 days ago,4.1,https://www.naukri.com/job-listings-power-bi-analyst-360digitmg-chennai-3-to-5-years-290526504065,2026-06-04T16:07:03.633519
Naukri,power bi analyst,Senior Power BI Analyst,NuStar Technologies,8-13 Yrs,,,,,"Chennai, Bengaluru, Delhi / NCR",Power Bi | Data Analysis | Banking Domain Knowledge | Data Quality | Risk | Advance Sql | Tableau | Dashboards,,6 days ago,,https://www.naukri.com/job-listings-senior-power-bi-analyst-nustar-technologies-chennai-bengaluru-delhi-ncr-8-to-13-years-290526001365,2026-06-04T16:07:03.633893
Naukri,power bi analyst,Data Analyst (Power BI & Azure Databricks),Bridgestone - Global Capability Center,4-7 Yrs,,,,,Hybrid - Bengaluru,Power Bi | Azure Databricks | Analytics | Python | SQL | Tableau | Microsoft Azure | Data analysis,,1 week ago,4.0,https://www.naukri.com/job-listings-data-analyst-power-bi-azure-databricks-bridgestone-global-capability-center-bengaluru-4-to-7-years-250526007034,2026-06-04T16:07:03.634285
Naukri,power bi analyst,Power BI Technical Lead (Lead Analyst),CGI,9-14 Yrs,,,,,Chennai,technical lead | snowflake | data analytics | sap | oracle | power bi | data warehousing | cognos,,1 week ago,4.0,https://www.naukri.com/job-listings-power-bi-technical-lead-lead-analyst-cgi-information-systems-and-management-consultants-chennai-9-to-14-years-210526923107,2026-06-04T16:07:03.634677
Naukri,power bi analyst,Senior Power BI Analyst,Nustar Technologies,8-13 Yrs,,,,,"Hyderabad, Chennai, Bengaluru",Power Bi | key performance indicators | Reporting | Bi | Senior | Performance | Key,,1 week ago,,https://www.naukri.com/job-listings-senior-power-bi-analyst-nustar-technologies-hyderabad-chennai-bengaluru-8-to-13-years-260526018019,2026-06-04T16:07:03.635050
Naukri,power bi analyst,Power Bi Analyst- Largest Health care- Hyderabad,Apollo Health and Lifestyle (AHLL),2-6 Yrs,,,,,Hyderabad,Power Bi | Advanced Analytics | analyst | Analytics Reporting | Reporting | Large | Analytics | Healthcare,,3 weeks ago,4.3,https://www.naukri.com/job-listings-power-bi-analyst-largest-health-care-hyderabad-apollo-health-and-lifestyle-ahll-hyderabad-2-to-6-years-150426018630,2026-06-04T16:07:25.896056
Naukri,power bi analyst,Data Analyst - Power BI,Ecotech IT Solutions,5-10 Yrs,,,,,Pune,Power BI | Power Query | SQL | Data Visualization | DAX | Business Intelligence | Advanced Excel | M Query,,5 days ago,,https://www.naukri.com/job-listings-data-analyst-power-bi-fabric-pune-5-to-10-years-200426007998,2026-06-04T16:07:25.896590
Naukri,power bi analyst,"Senior Data Analyst - Power BI, SQL",Optum,3-8 Yrs,,,,,Gurugram,finance | sprint | ai | power bi | hr | user stories | user experience | business intelligence,,1 day ago,4.0,https://www.naukri.com/job-listings-senior-data-analyst-power-bi-sql-optum-global-solutions-india-private-limited-gurugram-3-to-8-years-030626913682,2026-06-04T16:07:25.897020
Naukri,power bi analyst,Power Bi Developer / Power Bi Analyst,Gokaldas Exports,8-12 Yrs,,,,,Bengaluru,Power Bi Reports | power bi dashboards | dax calculations | KPI | Development | Birt | Calculation | Reporting,,2 weeks ago,3.9,https://www.naukri.com/job-listings-power-bi-developer-power-bi-analyst-gokaldas-exports-bengaluru-8-to-12-years-160526016784,2026-06-04T16:07:25.897418
Naukri,power bi analyst,Power BI Analyst / Consultant,Pcgi Systems,3-5 Yrs,,,,,Vadodara,Report generation | Data modeling | Information security | Disaster recovery | query | power bi | Data analytics | QlikView,,3+ weeks ago,4.0,https://www.naukri.com/job-listings-power-bi-analyst-consultant-pcgi-systems-vadodara-3-to-5-years-080823500315,2026-06-04T16:07:25.897821
Naukri,power bi analyst,Sr. Analyst - Power BI,Proclink,5-7 Yrs,,,,,Ahmedabad,python | data analysis | data analytics | ssas | bi | power bi | data warehousing | dashboards,,2 weeks ago,3.5,https://www.naukri.com/job-listings-sr-analyst-power-bi-proclink-consulting-services-llp-ahmedabad-5-to-7-years-200526501156,2026-06-04T16:07:25.898211
Naukri,power bi analyst,Client Consulting Analyst (vendor/operations/Power BI/invoices),Visa Consolidated Support Services India,5-7 Yrs,,,,,Bengaluru,forecasting | vendor management | project management | data analysis | issue resolution | power bi | process improvement | business planning,,1 day ago,3.5,https://www.naukri.com/job-listings-client-consulting-analyst-vendor-operations-power-bi-invoices-visa-consolidated-support-services-india-pvt-ltd-bengaluru-5-to-7-years-030626914520,2026-06-04T16:07:25.898608
Naukri,power bi analyst,"Senior Data Analyst - Data Governance, Power BI",Optum,5-10 Yrs,,,,,Gurugram,compliance | data analytics | data analysis | data management | data lineage | ai | power bi | auditing,,1 day ago,4.0,https://www.naukri.com/job-listings-senior-data-analyst-data-governance-power-bi-optum-global-solutions-india-private-limited-gurugram-5-to-10-years-030626913331,2026-06-04T16:07:25.899001
Naukri,power bi analyst,IAM Power BI Analyst,Zuna Solutions,8-13 Yrs,,,,,Remote,Identity Access Management | Power Bi | Power Query | IAM | Iam Tools | Entra Id | ISO | Sailpoint,,2 weeks ago,,https://www.naukri.com/job-listings-iam-power-bi-analyst-zuna-solutions-bengaluru-8-to-13-years-200526001576,2026-06-04T16:07:25.899362
Naukri,power bi analyst,Urgent Hiring Accounts Analyst  SAP & Power BI-(5-6years Exp) Kolkata,TYASuite Software Solutions Pvt Ltd,5-6 Yrs,,,,,Kolkata,SAP | Power Bi | Accounting | ERP | Financial Analysis | Finance | Analysis | Bi,,1 week ago,2.7,https://www.naukri.com/job-listings-urgent-hiring-accounts-analyst-sap-power-bi-5-6years-exp-kolkata-tyasuite-software-solutions-pvt-ltd-kolkata-5-to-6-years-130526016282,2026-06-04T16:07:25.899793
Naukri,power bi analyst,Data Analyst/ Power BI Developer,Ethiqual Global,3-5 Yrs,,,,,Pune,Data Analytics | Power Bi Dashboards | Power Bi | Data Visualization | Dax | Dashboards | SQL | Python,,1 week ago,3.2,https://www.naukri.com/job-listings-data-analyst-power-bi-developer-ethiqual-global-pune-3-to-5-years-250526009171,2026-06-04T16:07:25.900222
Naukri,power bi analyst,"Investment Risk Analyst (CFA/FRM, SQL, Power BI, Python)",Franklin templeton asset management (india)pvt,4-6 Yrs,,,,,Hyderabad,Front office | Operations research | Data management | Wealth management | Data quality | Asset management | Investment management | Medical insurance,,1 week ago,3.8,https://www.naukri.com/job-listings-investment-risk-analyst-cfa-frm-sql-power-bi-python-franklin-templeton-asset-management-india-pvt-hyderabad-4-to-6-years-270526502660,2026-06-04T16:07:25.900618
Naukri,power bi analyst,Product Analyst (Power BI / Data Analytics ),Lumel Technologies,1-3 Yrs,,,,,Chennai,python | data analytics | data analysis | ssas | data mining | bi | power bi | data warehousing,,5 days ago,3.7,https://www.naukri.com/job-listings-product-analyst-power-bi-data-analytics-lumel-chennai-1-to-3-years-290526507383,2026-06-04T16:07:25.901010
Naukri,power bi analyst,Power Bi Analyst,NCR Atleos,1-3 Yrs,,,,,Mumbai (All Areas)(Vikhroli),Power Bi | Power Bi Reports | Microsoft Power Bi | Bi | Data Visualization | Dax | Data Analytics | SQL,,1 week ago,3.8,https://www.naukri.com/job-listings-power-bi-analyst-ncr-corporation-mumbai-all-areas-1-to-3-years-260526014676,2026-06-04T16:07:25.901404
Naukri,power bi analyst,BI Analyst - Power BI,Leading Client,2-5 Yrs,,,,,"Mumbai, Hyderabad, Bengaluru",Power BI | Data Modelling | Business Intelligence | Azure | Excel | Dashboard | DAX | ETL,,1 week ago,,https://www.naukri.com/job-listings-bi-analyst-power-bi-talent-corner-hr-services-pvt-ltd-mumbai-hyderabad-bengaluru-2-to-5-years-260526928133,2026-06-04T16:07:25.901790
Naukri,power bi analyst,Power BI Analyst,360DigiTMG,3-5 Yrs,,,,,Chennai,SQL queries | Data analysis | Excel | Data modeling | BI Analyst | Analytical | power bi | SQL,,5 days ago,4.1,https://www.naukri.com/job-listings-power-bi-analyst-360digitmg-chennai-3-to-5-years-290526504065,2026-06-04T16:07:25.902183
Naukri,power bi analyst,Senior Power BI Analyst,NuStar Technologies,8-13 Yrs,,,,,"Chennai, Bengaluru, Delhi / NCR",Power Bi | Data Analysis | Banking Domain Knowledge | Data Quality | Risk | Advance Sql | Tableau | Dashboards,,6 days ago,,https://www.naukri.com/job-listings-senior-power-bi-analyst-nustar-technologies-chennai-bengaluru-delhi-ncr-8-to-13-years-290526001365,2026-06-04T16:07:25.902566
Naukri,power bi analyst,Data Analyst (Power BI & Azure Databricks),Bridgestone - Global Capability Center,4-7 Yrs,,,,,Hybrid - Bengaluru,Power Bi | Azure Databricks | Analytics | Python | SQL | Tableau | Microsoft Azure | Data analysis,,1 week ago,4.0,https://www.naukri.com/job-listings-data-analyst-power-bi-azure-databricks-bridgestone-global-capability-center-bengaluru-4-to-7-years-250526007034,2026-06-04T16:07:25.902963
Naukri,power bi analyst,Power BI Technical Lead (Lead Analyst),CGI,9-14 Yrs,,,,,Chennai,technical lead | snowflake | data analytics | sap | oracle | power bi | data warehousing | cognos,,1 week ago,4.0,https://www.naukri.com/job-listings-power-bi-technical-lead-lead-analyst-cgi-information-systems-and-management-consultants-chennai-9-to-14-years-210526923107,2026-06-04T16:07:25.903370
Naukri,power bi analyst,Senior Power BI Analyst,Nustar Technologies,8-13 Yrs,,,,,"Hyderabad, Chennai, Bengaluru",Power Bi | key performance indicators | Reporting | Bi | Senior | Performance | Key,,1 week ago,,https://www.naukri.com/job-listings-senior-power-bi-analyst-nustar-technologies-hyderabad-chennai-bengaluru-8-to-13-years-260526018019,2026-06-04T16:07:25.903756
Naukri,power bi analyst,Power Bi Analyst- Largest Health care- Hyderabad,Apollo Health and Lifestyle (AHLL),2-6 Yrs,,,,,Hyderabad,Power Bi | Advanced Analytics | analyst | Analytics Reporting | Reporting | Large | Analytics | Healthcare,,3 weeks ago,4.3,https://www.naukri.com/job-listings-power-bi-analyst-largest-health-care-hyderabad-apollo-health-and-lifestyle-ahll-hyderabad-2-to-6-years-150426018630,2026-06-04T16:07:47.480062
Naukri,power bi analyst,Data Analyst - Power BI,Ecotech IT Solutions,5-10 Yrs,,,,,Pune,Power BI | Power Query | SQL | Data Visualization | DAX | Business Intelligence | Advanced Excel | M Query,,5 days ago,,https://www.naukri.com/job-listings-data-analyst-power-bi-fabric-pune-5-to-10-years-200426007998,2026-06-04T16:07:47.480593
Naukri,power bi analyst,"Senior Data Analyst - Power BI, SQL",Optum,3-8 Yrs,,,,,Gurugram,finance | sprint | ai | power bi | hr | user stories | user experience | business intelligence,,1 day ago,4.0,https://www.naukri.com/job-listings-senior-data-analyst-power-bi-sql-optum-global-solutions-india-private-limited-gurugram-3-to-8-years-030626913682,2026-06-04T16:07:47.480988
Naukri,power bi analyst,Power Bi Developer / Power Bi Analyst,Gokaldas Exports,8-12 Yrs,,,,,Bengaluru,Power Bi Reports | power bi dashboards | dax calculations | KPI | Development | Birt | Calculation | Reporting,,2 weeks ago,3.9,https://www.naukri.com/job-listings-power-bi-developer-power-bi-analyst-gokaldas-exports-bengaluru-8-to-12-years-160526016784,2026-06-04T16:07:47.481376
Naukri,power bi analyst,Power BI Analyst / Consultant,Pcgi Systems,3-5 Yrs,,,,,Vadodara,Report generation | Data modeling | Information security | Disaster recovery | query | power bi | Data analytics | QlikView,,3+ weeks ago,4.0,https://www.naukri.com/job-listings-power-bi-analyst-consultant-pcgi-systems-vadodara-3-to-5-years-080823500315,2026-06-04T16:07:47.481774
Naukri,power bi analyst,Sr. Analyst - Power BI,Proclink,5-7 Yrs,,,,,Ahmedabad,python | data analysis | data analytics | ssas | bi | power bi | data warehousing | dashboards,,2 weeks ago,3.5,https://www.naukri.com/job-listings-sr-analyst-power-bi-proclink-consulting-services-llp-ahmedabad-5-to-7-years-200526501156,2026-06-04T16:07:47.482172
Naukri,power bi analyst,Client Consulting Analyst (vendor/operations/Power BI/invoices),Visa Consolidated Support Services India,5-7 Yrs,,,,,Bengaluru,forecasting | vendor management | project management | data analysis | issue resolution | power bi | process improvement | business planning,,1 day ago,3.5,https://www.naukri.com/job-listings-client-consulting-analyst-vendor-operations-power-bi-invoices-visa-consolidated-support-services-india-pvt-ltd-bengaluru-5-to-7-years-030626914520,2026-06-04T16:07:47.482559
Naukri,power bi analyst,"Senior Data Analyst - Data Governance, Power BI",Optum,5-10 Yrs,,,,,Gurugram,compliance | data analytics | data analysis | data management | data lineage | ai | power bi | auditing,,1 day ago,4.0,https://www.naukri.com/job-listings-senior-data-analyst-data-governance-power-bi-optum-global-solutions-india-private-limited-gurugram-5-to-10-years-030626913331,2026-06-04T16:07:47.482947
Naukri,power bi analyst,IAM Power BI Analyst,Zuna Solutions,8-13 Yrs,,,,,Remote,Identity Access Management | Power Bi | Power Query | IAM | Iam Tools | Entra Id | ISO | Sailpoint,,2 weeks ago,,https://www.naukri.com/job-listings-iam-power-bi-analyst-zuna-solutions-bengaluru-8-to-13-years-200526001576,2026-06-04T16:07:47.483295
Naukri,power bi analyst,Urgent Hiring Accounts Analyst  SAP & Power BI-(5-6years Exp) Kolkata,TYASuite Software Solutions Pvt Ltd,5-6 Yrs,,,,,Kolkata,SAP | Power Bi | Accounting | ERP | Financial Analysis | Finance | Analysis | Bi,,1 week ago,2.7,https://www.naukri.com/job-listings-urgent-hiring-accounts-analyst-sap-power-bi-5-6years-exp-kolkata-tyasuite-software-solutions-pvt-ltd-kolkata-5-to-6-years-130526016282,2026-06-04T16:07:47.483715
Naukri,power bi analyst,Data Analyst/ Power BI Developer,Ethiqual Global,3-5 Yrs,,,,,Pune,Data Analytics | Power Bi Dashboards | Power Bi | Data Visualization | Dax | Dashboards | SQL | Python,,1 week ago,3.2,https://www.naukri.com/job-listings-data-analyst-power-bi-developer-ethiqual-global-pune-3-to-5-years-250526009171,2026-06-04T16:07:47.484131
Naukri,power bi analyst,"Investment Risk Analyst (CFA/FRM, SQL, Power BI, Python)",Franklin templeton asset management (india)pvt,4-6 Yrs,,,,,Hyderabad,Front office | Operations research | Data management | Wealth management | Data quality | Asset management | Investment management | Medical insurance,,1 week ago,3.8,https://www.naukri.com/job-listings-investment-risk-analyst-cfa-frm-sql-power-bi-python-franklin-templeton-asset-management-india-pvt-hyderabad-4-to-6-years-270526502660,2026-06-04T16:07:47.484515
Naukri,power bi analyst,Product Analyst (Power BI / Data Analytics ),Lumel Technologies,1-3 Yrs,,,,,Chennai,python | data analytics | data analysis | ssas | data mining | bi | power bi | data warehousing,,5 days ago,3.7,https://www.naukri.com/job-listings-product-analyst-power-bi-data-analytics-lumel-chennai-1-to-3-years-290526507383,2026-06-04T16:07:47.484898
Naukri,power bi analyst,Power Bi Analyst,NCR Atleos,1-3 Yrs,,,,,Mumbai (All Areas)(Vikhroli),Power Bi | Power Bi Reports | Microsoft Power Bi | Bi | Data Visualization | Dax | Data Analytics | SQL,,1 week ago,3.8,https://www.naukri.com/job-listings-power-bi-analyst-ncr-corporation-mumbai-all-areas-1-to-3-years-260526014676,2026-06-04T16:07:47.485281
Naukri,power bi analyst,BI Analyst - Power BI,Leading Client,2-5 Yrs,,,,,"Mumbai, Hyderabad, Bengaluru",Power BI | Data Modelling | Business Intelligence | Azure | Excel | Dashboard | DAX | ETL,,1 week ago,,https://www.naukri.com/job-listings-bi-analyst-power-bi-talent-corner-hr-services-pvt-ltd-mumbai-hyderabad-bengaluru-2-to-5-years-260526928133,2026-06-04T16:07:47.485652
Naukri,power bi analyst,Power BI Analyst,360DigiTMG,3-5 Yrs,,,,,Chennai,SQL queries | Data analysis | Excel | Data modeling | BI Analyst | Analytical | power bi | SQL,,5 days ago,4.1,https://www.naukri.com/job-listings-power-bi-analyst-360digitmg-chennai-3-to-5-years-290526504065,2026-06-04T16:07:47.486061
Naukri,power bi analyst,Senior Power BI Analyst,NuStar Technologies,8-13 Yrs,,,,,"Chennai, Bengaluru, Delhi / NCR",Power Bi | Data Analysis | Banking Domain Knowledge | Data Quality | Risk | Advance Sql | Tableau | Dashboards,,6 days ago,,https://www.naukri.com/job-listings-senior-power-bi-analyst-nustar-technologies-chennai-bengaluru-delhi-ncr-8-to-13-years-290526001365,2026-06-04T16:07:47.486434
Naukri,power bi analyst,Data Analyst (Power BI & Azure Databricks),Bridgestone - Global Capability Center,4-7 Yrs,,,,,Hybrid - Bengaluru,Power Bi | Azure Databricks | Analytics | Python | SQL | Tableau | Microsoft Azure | Data analysis,,1 week ago,4.0,https://www.naukri.com/job-listings-data-analyst-power-bi-azure-databricks-bridgestone-global-capability-center-bengaluru-4-to-7-years-250526007034,2026-06-04T16:07:47.486819
Naukri,power bi analyst,Power BI Technical Lead (Lead Analyst),CGI,9-14 Yrs,,,,,Chennai,technical lead | snowflake | data analytics | sap | oracle | power bi | data warehousing | cognos,,1 week ago,4.0,https://www.naukri.com/job-listings-power-bi-technical-lead-lead-analyst-cgi-information-systems-and-management-consultants-chennai-9-to-14-years-210526923107,2026-06-04T16:07:47.487202
Naukri,power bi analyst,Senior Power BI Analyst,Nustar Technologies,8-13 Yrs,,,,,"Hyderabad, Chennai, Bengaluru",Power Bi | key performance indicators | Reporting | Bi | Senior | Performance | Key,,1 week ago,,https://www.naukri.com/job-listings-senior-power-bi-analyst-nustar-technologies-hyderabad-chennai-bengaluru-8-to-13-years-260526018019,2026-06-04T16:07:47.487568
Naukri,power bi analyst,Power Bi Analyst- Largest Health care- Hyderabad,Apollo Health and Lifestyle (AHLL),2-6 Yrs,,,,,Hyderabad,Power Bi | Advanced Analytics | analyst | Analytics Reporting | Reporting | Large | Analytics | Healthcare,,3 weeks ago,4.3,https://www.naukri.com/job-listings-power-bi-analyst-largest-health-care-hyderabad-apollo-health-and-lifestyle-ahll-hyderabad-2-to-6-years-150426018630,2026-06-04T16:08:09.389058
Naukri,power bi analyst,Data Analyst - Power BI,Ecotech IT Solutions,5-10 Yrs,,,,,Pune,Power BI | Power Query | SQL | Data Visualization | DAX | Business Intelligence | Advanced Excel | M Query,,5 days ago,,https://www.naukri.com/job-listings-data-analyst-power-bi-fabric-pune-5-to-10-years-200426007998,2026-06-04T16:08:09.389481
Naukri,power bi analyst,"Senior Data Analyst - Power BI, SQL",Optum,3-8 Yrs,,,,,Gurugram,finance | sprint | ai | power bi | hr | user stories | user experience | business intelligence,,1 day ago,4.0,https://www.naukri.com/job-listings-senior-data-analyst-power-bi-sql-optum-global-solutions-india-private-limited-gurugram-3-to-8-years-030626913682,2026-06-04T16:08:09.389869
Naukri,power bi analyst,Power Bi Developer / Power Bi Analyst,Gokaldas Exports,8-12 Yrs,,,,,Bengaluru,Power Bi Reports | power bi dashboards | dax calculations | KPI | Development | Birt | Calculation | Reporting,,2 weeks ago,3.9,https://www.naukri.com/job-listings-power-bi-developer-power-bi-analyst-gokaldas-exports-bengaluru-8-to-12-years-160526016784,2026-06-04T16:08:09.390253
Naukri,power bi analyst,Power BI Analyst / Consultant,Pcgi Systems,3-5 Yrs,,,,,Vadodara,Report generation | Data modeling | Information security | Disaster recovery | query | power bi | Data analytics | QlikView,,3+ weeks ago,4.0,https://www.naukri.com/job-listings-power-bi-analyst-consultant-pcgi-systems-vadodara-3-to-5-years-080823500315,2026-06-04T16:08:09.390638
Naukri,power bi analyst,Sr. Analyst - Power BI,Proclink,5-7 Yrs,,,,,Ahmedabad,python | data analysis | data analytics | ssas | bi | power bi | data warehousing | dashboards,,2 weeks ago,3.5,https://www.naukri.com/job-listings-sr-analyst-power-bi-proclink-consulting-services-llp-ahmedabad-5-to-7-years-200526501156,2026-06-04T16:08:09.391025
Naukri,power bi analyst,Client Consulting Analyst (vendor/operations/Power BI/invoices),Visa Consolidated Support Services India,5-7 Yrs,,,,,Bengaluru,forecasting | vendor management | project management | data analysis | issue resolution | power bi | process improvement | business planning,,1 day ago,3.5,https://www.naukri.com/job-listings-client-consulting-analyst-vendor-operations-power-bi-invoices-visa-consolidated-support-services-india-pvt-ltd-bengaluru-5-to-7-years-030626914520,2026-06-04T16:08:09.391408
Naukri,power bi analyst,"Senior Data Analyst - Data Governance, Power BI",Optum,5-10 Yrs,,,,,Gurugram,compliance | data analytics | data analysis | data management | data lineage | ai | power bi | auditing,,1 day ago,4.0,https://www.naukri.com/job-listings-senior-data-analyst-data-governance-power-bi-optum-global-solutions-india-private-limited-gurugram-5-to-10-years-030626913331,2026-06-04T16:08:09.391792
Naukri,power bi analyst,IAM Power BI Analyst,Zuna Solutions,8-13 Yrs,,,,,Remote,Identity Access Management | Power Bi | Power Query | IAM | Iam Tools | Entra Id | ISO | Sailpoint,,2 weeks ago,,https://www.naukri.com/job-listings-iam-power-bi-analyst-zuna-solutions-bengaluru-8-to-13-years-200526001576,2026-06-04T16:08:09.392142
Naukri,power bi analyst,Urgent Hiring Accounts Analyst  SAP & Power BI-(5-6years Exp) Kolkata,TYASuite Software Solutions Pvt Ltd,5-6 Yrs,,,,,Kolkata,SAP | Power Bi | Accounting | ERP | Financial Analysis | Finance | Analysis | Bi,,1 week ago,2.7,https://www.naukri.com/job-listings-urgent-hiring-accounts-analyst-sap-power-bi-5-6years-exp-kolkata-tyasuite-software-solutions-pvt-ltd-kolkata-5-to-6-years-130526016282,2026-06-04T16:08:09.392568
Naukri,power bi analyst,Data Analyst/ Power BI Developer,Ethiqual Global,3-5 Yrs,,,,,Pune,Data Analytics | Power Bi Dashboards | Power Bi | Data Visualization | Dax | Dashboards | SQL | Python,,1 week ago,3.2,https://www.naukri.com/job-listings-data-analyst-power-bi-developer-ethiqual-global-pune-3-to-5-years-250526009171,2026-06-04T16:08:09.392989
Naukri,power bi analyst,"Investment Risk Analyst (CFA/FRM, SQL, Power BI, Python)",Franklin templeton asset management (india)pvt,4-6 Yrs,,,,,Hyderabad,Front office | Operations research | Data management | Wealth management | Data quality | Asset management | Investment management | Medical insurance,,1 week ago,3.8,https://www.naukri.com/job-listings-investment-risk-analyst-cfa-frm-sql-power-bi-python-franklin-templeton-asset-management-india-pvt-hyderabad-4-to-6-years-270526502660,2026-06-04T16:08:09.393373
Naukri,power bi analyst,Product Analyst (Power BI / Data Analytics ),Lumel Technologies,1-3 Yrs,,,,,Chennai,python | data analytics | data analysis | ssas | data mining | bi | power bi | data warehousing,,5 days ago,3.7,https://www.naukri.com/job-listings-product-analyst-power-bi-data-analytics-lumel-chennai-1-to-3-years-290526507383,2026-06-04T16:08:09.393796
Naukri,power bi analyst,Power Bi Analyst,NCR Atleos,1-3 Yrs,,,,,Mumbai (All Areas)(Vikhroli),Power Bi | Power Bi Reports | Microsoft Power Bi | Bi | Data Visualization | Dax | Data Analytics | SQL,,1 week ago,3.8,https://www.naukri.com/job-listings-power-bi-analyst-ncr-corporation-mumbai-all-areas-1-to-3-years-260526014676,2026-06-04T16:08:09.394184
Naukri,power bi analyst,BI Analyst - Power BI,Leading Client,2-5 Yrs,,,,,"Mumbai, Hyderabad, Bengaluru",Power BI | Data Modelling | Business Intelligence | Azure | Excel | Dashboard | DAX | ETL,,1 week ago,,https://www.naukri.com/job-listings-bi-analyst-power-bi-talent-corner-hr-services-pvt-ltd-mumbai-hyderabad-bengaluru-2-to-5-years-260526928133,2026-06-04T16:08:09.394560
Naukri,power bi analyst,Power BI Analyst,360DigiTMG,3-5 Yrs,,,,,Chennai,SQL queries | Data analysis | Excel | Data modeling | BI Analyst | Analytical | power bi | SQL,,5 days ago,4.1,https://www.naukri.com/job-listings-power-bi-analyst-360digitmg-chennai-3-to-5-years-290526504065,2026-06-04T16:08:09.394945
Naukri,power bi analyst,Senior Power BI Analyst,NuStar Technologies,8-13 Yrs,,,,,"Chennai, Bengaluru, Delhi / NCR",Power Bi | Data Analysis | Banking Domain Knowledge | Data Quality | Risk | Advance Sql | Tableau | Dashboards,,6 days ago,,https://www.naukri.com/job-listings-senior-power-bi-analyst-nustar-technologies-chennai-bengaluru-delhi-ncr-8-to-13-years-290526001365,2026-06-04T16:08:09.395313
Naukri,power bi analyst,Data Analyst (Power BI & Azure Databricks),Bridgestone - Global Capability Center,4-7 Yrs,,,,,Hybrid - Bengaluru,Power Bi | Azure Databricks | Analytics | Python | SQL | Tableau | Microsoft Azure | Data analysis,,1 week ago,4.0,https://www.naukri.com/job-listings-data-analyst-power-bi-azure-databricks-bridgestone-global-capability-center-bengaluru-4-to-7-years-250526007034,2026-06-04T16:08:09.395699
Naukri,power bi analyst,Power BI Technical Lead (Lead Analyst),CGI,9-14 Yrs,,,,,Chennai,technical lead | snowflake | data analytics | sap | oracle | power bi | data warehousing | cognos,,1 week ago,4.0,https://www.naukri.com/job-listings-power-bi-technical-lead-lead-analyst-cgi-information-systems-and-management-consultants-chennai-9-to-14-years-210526923107,2026-06-04T16:08:09.396084
Naukri,power bi analyst,Senior Power BI Analyst,Nustar Technologies,8-13 Yrs,,,,,"Hyderabad, Chennai, Bengaluru",Power Bi | key performance indicators | Reporting | Bi | Senior | Performance | Key,,1 week ago,,https://www.naukri.com/job-listings-senior-power-bi-analyst-nustar-technologies-hyderabad-chennai-bengaluru-8-to-13-years-260526018019,2026-06-04T16:08:09.396451
Naukri,power bi analyst,Power Bi Analyst- Largest Health care- Hyderabad,Apollo Health and Lifestyle (AHLL),2-6 Yrs,,,,,Hyderabad,Power Bi | Advanced Analytics | analyst | Analytics Reporting | Reporting | Large | Analytics | Healthcare,,3 weeks ago,4.3,https://www.naukri.com/job-listings-power-bi-analyst-largest-health-care-hyderabad-apollo-health-and-lifestyle-ahll-hyderabad-2-to-6-years-150426018630,2026-06-04T16:08:31.078174
Naukri,power bi analyst,Data Analyst - Power BI,Ecotech IT Solutions,5-10 Yrs,,,,,Pune,Power BI | Power Query | SQL | Data Visualization | DAX | Business Intelligence | Advanced Excel | M Query,,5 days ago,,https://www.naukri.com/job-listings-data-analyst-power-bi-fabric-pune-5-to-10-years-200426007998,2026-06-04T16:08:31.078591
Naukri,power bi analyst,"Senior Data Analyst - Power BI, SQL",Optum,3-8 Yrs,,,,,Gurugram,finance | sprint | ai | power bi | hr | user stories | user experience | business intelligence,,1 day ago,4.0,https://www.naukri.com/job-listings-senior-data-analyst-power-bi-sql-optum-global-solutions-india-private-limited-gurugram-3-to-8-years-030626913682,2026-06-04T16:08:31.079002
Naukri,power bi analyst,Power Bi Developer / Power Bi Analyst,Gokaldas Exports,8-12 Yrs,,,,,Bengaluru,Power Bi Reports | power bi dashboards | dax calculations | KPI | Development | Birt | Calculation | Reporting,,2 weeks ago,3.9,https://www.naukri.com/job-listings-power-bi-developer-power-bi-analyst-gokaldas-exports-bengaluru-8-to-12-years-160526016784,2026-06-04T16:08:31.079404
Naukri,power bi analyst,Power BI Analyst / Consultant,Pcgi Systems,3-5 Yrs,,,,,Vadodara,Report generation | Data modeling | Information security | Disaster recovery | query | power bi | Data analytics | QlikView,,3+ weeks ago,4.0,https://www.naukri.com/job-listings-power-bi-analyst-consultant-pcgi-systems-vadodara-3-to-5-years-080823500315,2026-06-04T16:08:31.079789
Naukri,power bi analyst,Sr. Analyst - Power BI,Proclink,5-7 Yrs,,,,,Ahmedabad,python | data analysis | data analytics | ssas | bi | power bi | data warehousing | dashboards,,2 weeks ago,3.5,https://www.naukri.com/job-listings-sr-analyst-power-bi-proclink-consulting-services-llp-ahmedabad-5-to-7-years-200526501156,2026-06-04T16:08:31.080172
Naukri,power bi analyst,Client Consulting Analyst (vendor/operations/Power BI/invoices),Visa Consolidated Support Services India,5-7 Yrs,,,,,Bengaluru,forecasting | vendor management | project management | data analysis | issue resolution | power bi | process improvement | business planning,,1 day ago,3.5,https://www.naukri.com/job-listings-client-consulting-analyst-vendor-operations-power-bi-invoices-visa-consolidated-support-services-india-pvt-ltd-bengaluru-5-to-7-years-030626914520,2026-06-04T16:08:31.080565
Naukri,power bi analyst,"Senior Data Analyst - Data Governance, Power BI",Optum,5-10 Yrs,,,,,Gurugram,compliance | data analytics | data analysis | data management | data lineage | ai | power bi | auditing,,1 day ago,4.0,https://www.naukri.com/job-listings-senior-data-analyst-data-governance-power-bi-optum-global-solutions-india-private-limited-gurugram-5-to-10-years-030626913331,2026-06-04T16:08:31.080949
Naukri,power bi analyst,IAM Power BI Analyst,Zuna Solutions,8-13 Yrs,,,,,Remote,Identity Access Management | Power Bi | Power Query | IAM | Iam Tools | Entra Id | ISO | Sailpoint,,2 weeks ago,,https://www.naukri.com/job-listings-iam-power-bi-analyst-zuna-solutions-bengaluru-8-to-13-years-200526001576,2026-06-04T16:08:31.081337
Naukri,power bi analyst,Urgent Hiring Accounts Analyst  SAP & Power BI-(5-6years Exp) Kolkata,TYASuite Software Solutions Pvt Ltd,5-6 Yrs,,,,,Kolkata,SAP | Power Bi | Accounting | ERP | Financial Analysis | Finance | Analysis | Bi,,1 week ago,2.7,https://www.naukri.com/job-listings-urgent-hiring-accounts-analyst-sap-power-bi-5-6years-exp-kolkata-tyasuite-software-solutions-pvt-ltd-kolkata-5-to-6-years-130526016282,2026-06-04T16:08:31.081808
Naukri,power bi analyst,Data Analyst/ Power BI Developer,Ethiqual Global,3-5 Yrs,,,,,Pune,Data Analytics | Power Bi Dashboards | Power Bi | Data Visualization | Dax | Dashboards | SQL | Python,,1 week ago,3.2,https://www.naukri.com/job-listings-data-analyst-power-bi-developer-ethiqual-global-pune-3-to-5-years-250526009171,2026-06-04T16:08:31.082232
Naukri,power bi analyst,"Investment Risk Analyst (CFA/FRM, SQL, Power BI, Python)",Franklin templeton asset management (india)pvt,4-6 Yrs,,,,,Hyderabad,Front office | Operations research | Data management | Wealth management | Data quality | Asset management | Investment management | Medical insurance,,1 week ago,3.8,https://www.naukri.com/job-listings-investment-risk-analyst-cfa-frm-sql-power-bi-python-franklin-templeton-asset-management-india-pvt-hyderabad-4-to-6-years-270526502660,2026-06-04T16:08:31.082638
Naukri,power bi analyst,Product Analyst (Power BI / Data Analytics ),Lumel Technologies,1-3 Yrs,,,,,Chennai,python | data analytics | data analysis | ssas | data mining | bi | power bi | data warehousing,,5 days ago,3.7,https://www.naukri.com/job-listings-product-analyst-power-bi-data-analytics-lumel-chennai-1-to-3-years-290526507383,2026-06-04T16:08:31.083066
Naukri,power bi analyst,Power Bi Analyst,NCR Atleos,1-3 Yrs,,,,,Mumbai (All Areas)(Vikhroli),Power Bi | Power Bi Reports | Microsoft Power Bi | Bi | Data Visualization | Dax | Data Analytics | SQL,,1 week ago,3.8,https://www.naukri.com/job-listings-power-bi-analyst-ncr-corporation-mumbai-all-areas-1-to-3-years-260526014676,2026-06-04T16:08:31.083756
Naukri,power bi analyst,BI Analyst - Power BI,Leading Client,2-5 Yrs,,,,,"Mumbai, Hyderabad, Bengaluru",Power BI | Data Modelling | Business Intelligence | Azure | Excel | Dashboard | DAX | ETL,,1 week ago,,https://www.naukri.com/job-listings-bi-analyst-power-bi-talent-corner-hr-services-pvt-ltd-mumbai-hyderabad-bengaluru-2-to-5-years-260526928133,2026-06-04T16:08:31.084208
Naukri,power bi analyst,Power BI Analyst,360DigiTMG,3-5 Yrs,,,,,Chennai,SQL queries | Data analysis | Excel | Data modeling | BI Analyst | Analytical | power bi | SQL,,5 days ago,4.1,https://www.naukri.com/job-listings-power-bi-analyst-360digitmg-chennai-3-to-5-years-290526504065,2026-06-04T16:08:31.084640
Naukri,power bi analyst,Senior Power BI Analyst,NuStar Technologies,8-13 Yrs,,,,,"Chennai, Bengaluru, Delhi / NCR",Power Bi | Data Analysis | Banking Domain Knowledge | Data Quality | Risk | Advance Sql | Tableau | Dashboards,,6 days ago,,https://www.naukri.com/job-listings-senior-power-bi-analyst-nustar-technologies-chennai-bengaluru-delhi-ncr-8-to-13-years-290526001365,2026-06-04T16:08:31.085013
Naukri,power bi analyst,Data Analyst (Power BI & Azure Databricks),Bridgestone - Global Capability Center,4-7 Yrs,,,,,Hybrid - Bengaluru,Power Bi | Azure Databricks | Analytics | Python | SQL | Tableau | Microsoft Azure | Data analysis,,1 week ago,4.0,https://www.naukri.com/job-listings-data-analyst-power-bi-azure-databricks-bridgestone-global-capability-center-bengaluru-4-to-7-years-250526007034,2026-06-04T16:08:31.085433
Naukri,power bi analyst,Power BI Technical Lead (Lead Analyst),CGI,9-14 Yrs,,,,,Chennai,technical lead | snowflake | data analytics | sap | oracle | power bi | data warehousing | cognos,,1 week ago,4.0,https://www.naukri.com/job-listings-power-bi-technical-lead-lead-analyst-cgi-information-systems-and-management-consultants-chennai-9-to-14-years-210526923107,2026-06-04T16:08:31.085832
Naukri,power bi analyst,Senior Power BI Analyst,Nustar Technologies,8-13 Yrs,,,,,"Hyderabad, Chennai, Bengaluru",Power Bi | key performance indicators | Reporting | Bi | Senior | Performance | Key,,1 week ago,,https://www.naukri.com/job-listings-senior-power-bi-analyst-nustar-technologies-hyderabad-chennai-bengaluru-8-to-13-years-260526018019,2026-06-04T16:08:31.086206
Naukri,sql developer,Intern SQL Developer,Crisil,,,,,,Mumbai,save,,Starts in 1-3 months,3.5,https://www.naukri.com/job-listings-intern-sql-developer-crisil-mumbai-0-to-1-years-030226503057,2026-06-04T16:08:57.981527
Naukri,sql developer,Senior Java SQL Developer,Infosys,7-10 Yrs,,,,,"Hyderabad, Pune, Bengaluru",Java | SQL | Hibernate | Spring Boot | Rest Api Services | Microservices | Development | Boot,,1 week ago,3.5,https://www.naukri.com/job-listings-senior-java-sql-developer-infosys-hyderabad-pune-bengaluru-7-to-10-years-100625030110,2026-06-04T16:08:57.982033
Naukri,sql developer,SQL Developer,Billions United,0-2 Yrs,,,,,Bengaluru,database management system | sql development | modeling | sql queries | oracle | dbms | analysis | database administration,,3+ weeks ago,,https://www.naukri.com/job-listings-sql-developer-billions-united-bengaluru-0-to-2-years-250725500805,2026-06-04T16:08:57.982390
Naukri,sql developer,SQL Developer,Origent Technologies,3-7 Yrs,,,,,Ernakulam,save,,6 days ago,4.2,https://www.naukri.com/job-listings-sql-developer-origent-technologies-ernakulam-3-to-7-years-040523006443,2026-06-04T16:08:57.983031
Naukri,sql developer,Sql Developer,Pristine It Code,2-4 Yrs,,,,,Mumbai(Hiranandani Gardens Powai),save,,Few hours ago,4.3,https://www.naukri.com/job-listings-sql-developer-pristine-it-code-mumbai-2-to-4-years-250125013263,2026-06-04T16:08:57.983450
Naukri,sql developer,Sql Developer,7x Fintech,3-8 Yrs,,,,,Bhubaneswar,Postgresql | MySQL | Database Design | Database Administration | Mysql Database | Mariadb | MongoDB | Database Migration,,2 weeks ago,4.0,https://www.naukri.com/job-listings-sql-developer-7x-fintech-bhubaneswar-3-to-8-years-200526034081,2026-06-04T16:08:57.983867
Naukri,sql developer,Sql Developer,Applied Information Inc (India),4-6 Yrs,,,,,Mohali,save,,6 days ago,4.7,https://www.naukri.com/job-listings-sql-developer-applied-information-inc-india-mohali-4-to-6-years-031225029438,2026-06-04T16:08:57.984246
Naukri,sql developer,SQL developer with Python expertise,Kyndryl,5-10 Yrs,,,,,Bengaluru,save,,2 weeks ago,4.0,https://www.naukri.com/job-listings-200526503296,2026-06-04T16:08:57.984605
Naukri,sql developer,Sql Developer,Black Turtle,7-12 Yrs,,,,,Pune(Magarpatta),save,,3 days ago,,https://www.naukri.com/job-listings-sql-developer-black-turtle-pune-7-to-12-years-180526016989,2026-06-04T16:08:57.984988
Naukri,sql developer,SQL Developer,Frontline Managed Services,3-5 Yrs,,,,,Remote,save,,6 days ago,3.6,https://www.naukri.com/job-listings-sql-developer-frontline-managed-services-north-goa-3-to-5-years-290526011048,2026-06-04T16:08:57.985355
Naukri,sql developer,SQL Developer,Cloudsmartz,2-4 Yrs,,,,,Mohali,save,,2 days ago,3.6,https://www.naukri.com/job-listings-sql-developer-cloudsmartz-mohali-2-to-4-years-020626500145,2026-06-04T16:08:57.985720
Naukri,sql developer,Sql Developer,Leading Client,5-10 Yrs,,,,,Mumbai,save,,1 week ago,,https://www.naukri.com/job-listings-sql-developer-ideslabs-private-limited-mumbai-5-to-10-years-280526921575,2026-06-04T16:08:57.986057
Naukri,sql developer,PowerBI & SQL Developer,Swits Digital,5-10 Yrs,,,,,Chennai,save,,1 week ago,3.9,https://www.naukri.com/job-listings-powerbi-sql-developer-swits-digital-private-limited-chennai-5-to-10-years-270526501467,2026-06-04T16:08:57.986426
Naukri,sql developer,Sql Developer,Tekskills,4-9 Yrs,,,,,Mumbai (All Areas),save,,5 days ago,,https://www.naukri.com/job-listings-sql-developer-tekskills-india-mumbai-all-areas-4-to-9-years-290526919178,2026-06-04T16:08:57.986760
Naukri,sql developer,Lead SQL Developer,Aon,10-15 Yrs,,,,,Bengaluru,save,,1 week ago,3.8,https://www.naukri.com/job-listings-lead-sql-developer-aon-bengaluru-10-to-15-years-260526032067,2026-06-04T16:08:57.987124
Naukri,sql developer,Sql Developer,Texlon,3-10 Yrs,,,,,"Noida, Bengaluru, Greater Noida",save,,2 days ago,2.1,https://www.naukri.com/job-listings-sql-developer-texlon-noida-bengaluru-greater-noida-3-to-10-years-020626013325,2026-06-04T16:08:57.987506
Naukri,sql developer,SQL Developer,Leading Client,4-9 Yrs,,,,,"Noida, Hyderabad, Bengaluru",SQL | Query Optimization | PL/SQL | Oracle Database | Stored Procedures | MySQL | Database Design | SQL Queries,,1 week ago,,https://www.naukri.com/job-listings-sql-developer-iospl-technology-services-private-limited-noida-hyderabad-bengaluru-4-to-9-years-250526927633,2026-06-04T16:08:57.987881
Naukri,sql developer,Opening For SQL developer,Tekskills India Pvt ltd,5-10 Yrs,,,,,Bengaluru,save,,5 days ago,,https://www.naukri.com/job-listings-opening-for-sql-developer-tekskills-bengaluru-5-to-10-years-290526921287,2026-06-04T16:08:57.988220
Naukri,sql developer,Opening For SQL developer,Tekskills India Pvt ltd,5-10 Yrs,,,,,Chennai,save,,5 days ago,,https://www.naukri.com/job-listings-opening-for-sql-developer-tekskills-chennai-5-to-10-years-290526921286,2026-06-04T16:08:57.988558
Naukri,sql developer,Opening For SQL developer,Tekskills India Pvt ltd,5-10 Yrs,,,,,Noida,save,,5 days ago,,https://www.naukri.com/job-listings-opening-for-sql-developer-tekskills-noida-5-to-10-years-290526921284,2026-06-04T16:08:57.988900
Naukri,sql developer,Intern SQL Developer,Crisil,,,,,,Mumbai,save,,Starts in 1-3 months,3.5,https://www.naukri.com/job-listings-intern-sql-developer-crisil-mumbai-0-to-1-years-030226503057,2026-06-04T16:09:19.762640
Naukri,sql developer,Senior Java SQL Developer,Infosys,7-10 Yrs,,,,,"Hyderabad, Pune, Bengaluru",Java | SQL | Hibernate | Spring Boot | Rest Api Services | Microservices | Development | Boot,,1 week ago,3.5,https://www.naukri.com/job-listings-senior-java-sql-developer-infosys-hyderabad-pune-bengaluru-7-to-10-years-100625030110,2026-06-04T16:09:19.763059
Naukri,sql developer,SQL Developer,Billions United,0-2 Yrs,,,,,Bengaluru,database management system | sql development | modeling | sql queries | oracle | dbms | analysis | database administration,,3+ weeks ago,,https://www.naukri.com/job-listings-sql-developer-billions-united-bengaluru-0-to-2-years-250725500805,2026-06-04T16:09:19.763426
Naukri,sql developer,SQL Developer,Origent Technologies,3-7 Yrs,,,,,Ernakulam,save,,6 days ago,4.2,https://www.naukri.com/job-listings-sql-developer-origent-technologies-ernakulam-3-to-7-years-040523006443,2026-06-04T16:09:19.763841
Naukri,sql developer,Sql Developer,Pristine It Code,2-4 Yrs,,,,,Mumbai(Hiranandani Gardens Powai),save,,Few hours ago,4.3,https://www.naukri.com/job-listings-sql-developer-pristine-it-code-mumbai-2-to-4-years-250125013263,2026-06-04T16:09:19.764381
Naukri,sql developer,Sql Developer,7x Fintech,3-8 Yrs,,,,,Bhubaneswar,Postgresql | MySQL | Database Design | Database Administration | Mysql Database | Mariadb | MongoDB | Database Migration,,2 weeks ago,4.0,https://www.naukri.com/job-listings-sql-developer-7x-fintech-bhubaneswar-3-to-8-years-200526034081,2026-06-04T16:09:19.764782
Naukri,sql developer,Sql Developer,Applied Information Inc (India),4-6 Yrs,,,,,Mohali,save,,6 days ago,4.7,https://www.naukri.com/job-listings-sql-developer-applied-information-inc-india-mohali-4-to-6-years-031225029438,2026-06-04T16:09:19.765296
Naukri,sql developer,SQL developer with Python expertise,Kyndryl,5-10 Yrs,,,,,Bengaluru,save,,2 weeks ago,4.0,https://www.naukri.com/job-listings-200526503296,2026-06-04T16:09:19.765660
Naukri,sql developer,Sql Developer,Black Turtle,7-12 Yrs,,,,,Pune(Magarpatta),save,,3 days ago,,https://www.naukri.com/job-listings-sql-developer-black-turtle-pune-7-to-12-years-180526016989,2026-06-04T16:09:19.766049
Naukri,sql developer,SQL Developer,Frontline Managed Services,3-5 Yrs,,,,,Remote,save,,6 days ago,3.6,https://www.naukri.com/job-listings-sql-developer-frontline-managed-services-north-goa-3-to-5-years-290526011048,2026-06-04T16:09:19.766426
Naukri,sql developer,SQL Developer,Cloudsmartz,2-4 Yrs,,,,,Mohali,save,,2 days ago,3.6,https://www.naukri.com/job-listings-sql-developer-cloudsmartz-mohali-2-to-4-years-020626500145,2026-06-04T16:09:19.766795
Naukri,sql developer,Sql Developer,Leading Client,5-10 Yrs,,,,,Mumbai,save,,1 week ago,,https://www.naukri.com/job-listings-sql-developer-ideslabs-private-limited-mumbai-5-to-10-years-280526921575,2026-06-04T16:09:19.767136
Naukri,sql developer,PowerBI & SQL Developer,Swits Digital,5-10 Yrs,,,,,Chennai,save,,1 week ago,3.9,https://www.naukri.com/job-listings-powerbi-sql-developer-swits-digital-private-limited-chennai-5-to-10-years-270526501467,2026-06-04T16:09:19.767502
Naukri,sql developer,Sql Developer,Tekskills,4-9 Yrs,,,,,Mumbai (All Areas),save,,5 days ago,,https://www.naukri.com/job-listings-sql-developer-tekskills-india-mumbai-all-areas-4-to-9-years-290526919178,2026-06-04T16:09:19.767838
Naukri,sql developer,Lead SQL Developer,Aon,10-15 Yrs,,,,,Bengaluru,save,,1 week ago,3.8,https://www.naukri.com/job-listings-lead-sql-developer-aon-bengaluru-10-to-15-years-260526032067,2026-06-04T16:09:19.768211
Naukri,sql developer,Sql Developer,Texlon,3-10 Yrs,,,,,"Noida, Bengaluru, Greater Noida",save,,2 days ago,2.1,https://www.naukri.com/job-listings-sql-developer-texlon-noida-bengaluru-greater-noida-3-to-10-years-020626013325,2026-06-04T16:09:19.768577
Naukri,sql developer,SQL Developer,Leading Client,4-9 Yrs,,,,,"Noida, Hyderabad, Bengaluru",SQL | Query Optimization | PL/SQL | Oracle Database | Stored Procedures | MySQL | Database Design | SQL Queries,,1 week ago,,https://www.naukri.com/job-listings-sql-developer-iospl-technology-services-private-limited-noida-hyderabad-bengaluru-4-to-9-years-250526927633,2026-06-04T16:09:19.768948
Naukri,sql developer,Opening For SQL developer,Tekskills India Pvt ltd,5-10 Yrs,,,,,Bengaluru,save,,5 days ago,,https://www.naukri.com/job-listings-opening-for-sql-developer-tekskills-bengaluru-5-to-10-years-290526921287,2026-06-04T16:09:19.769287
Naukri,sql developer,Opening For SQL developer,Tekskills India Pvt ltd,5-10 Yrs,,,,,Chennai,save,,5 days ago,,https://www.naukri.com/job-listings-opening-for-sql-developer-tekskills-chennai-5-to-10-years-290526921286,2026-06-04T16:09:19.769625
Naukri,sql developer,Opening For SQL developer,Tekskills India Pvt ltd,5-10 Yrs,,,,,Noida,save,,5 days ago,,https://www.naukri.com/job-listings-opening-for-sql-developer-tekskills-noida-5-to-10-years-290526921284,2026-06-04T16:09:19.769975
Naukri,sql developer,Intern SQL Developer,Crisil,,,,,,Mumbai,save,,Starts in 1-3 months,3.5,https://www.naukri.com/job-listings-intern-sql-developer-crisil-mumbai-0-to-1-years-030226503057,2026-06-04T16:09:41.536132
Naukri,sql developer,Senior Java SQL Developer,Infosys,7-10 Yrs,,,,,"Hyderabad, Pune, Bengaluru",Java | SQL | Hibernate | Spring Boot | Rest Api Services | Microservices | Development | Boot,,1 week ago,3.5,https://www.naukri.com/job-listings-senior-java-sql-developer-infosys-hyderabad-pune-bengaluru-7-to-10-years-100625030110,2026-06-04T16:09:41.536651
Naukri,sql developer,SQL Developer,Billions United,0-2 Yrs,,,,,Bengaluru,database management system | sql development | modeling | sql queries | oracle | dbms | analysis | database administration,,3+ weeks ago,,https://www.naukri.com/job-listings-sql-developer-billions-united-bengaluru-0-to-2-years-250725500805,2026-06-04T16:09:41.537024
Naukri,sql developer,SQL Developer,Origent Technologies,3-7 Yrs,,,,,Ernakulam,save,,6 days ago,4.2,https://www.naukri.com/job-listings-sql-developer-origent-technologies-ernakulam-3-to-7-years-040523006443,2026-06-04T16:09:41.537431
Naukri,sql developer,Sql Developer,Pristine It Code,2-4 Yrs,,,,,Mumbai(Hiranandani Gardens Powai),save,,Few hours ago,4.3,https://www.naukri.com/job-listings-sql-developer-pristine-it-code-mumbai-2-to-4-years-250125013263,2026-06-04T16:09:41.537836
Naukri,sql developer,Sql Developer,7x Fintech,3-8 Yrs,,,,,Bhubaneswar,Postgresql | MySQL | Database Design | Database Administration | Mysql Database | Mariadb | MongoDB | Database Migration,,2 weeks ago,4.0,https://www.naukri.com/job-listings-sql-developer-7x-fintech-bhubaneswar-3-to-8-years-200526034081,2026-06-04T16:09:41.538219
Naukri,sql developer,Sql Developer,Applied Information Inc (India),4-6 Yrs,,,,,Mohali,save,,6 days ago,4.7,https://www.naukri.com/job-listings-sql-developer-applied-information-inc-india-mohali-4-to-6-years-031225029438,2026-06-04T16:09:41.538589
Naukri,sql developer,SQL developer with Python expertise,Kyndryl,5-10 Yrs,,,,,Bengaluru,save,,2 weeks ago,4.0,https://www.naukri.com/job-listings-200526503296,2026-06-04T16:09:41.538952
Naukri,sql developer,Sql Developer,Black Turtle,7-12 Yrs,,,,,Pune(Magarpatta),save,,3 days ago,,https://www.naukri.com/job-listings-sql-developer-black-turtle-pune-7-to-12-years-180526016989,2026-06-04T16:09:41.539336
Naukri,sql developer,SQL Developer,Frontline Managed Services,3-5 Yrs,,,,,Remote,save,,6 days ago,3.6,https://www.naukri.com/job-listings-sql-developer-frontline-managed-services-north-goa-3-to-5-years-290526011048,2026-06-04T16:09:41.539702
Naukri,sql developer,SQL Developer,Cloudsmartz,2-4 Yrs,,,,,Mohali,save,,2 days ago,3.6,https://www.naukri.com/job-listings-sql-developer-cloudsmartz-mohali-2-to-4-years-020626500145,2026-06-04T16:09:41.540068
Naukri,sql developer,Sql Developer,Leading Client,5-10 Yrs,,,,,Mumbai,save,,1 week ago,,https://www.naukri.com/job-listings-sql-developer-ideslabs-private-limited-mumbai-5-to-10-years-280526921575,2026-06-04T16:09:41.540409
Naukri,sql developer,PowerBI & SQL Developer,Swits Digital,5-10 Yrs,,,,,Chennai,save,,1 week ago,3.9,https://www.naukri.com/job-listings-powerbi-sql-developer-swits-digital-private-limited-chennai-5-to-10-years-270526501467,2026-06-04T16:09:41.540772
Naukri,sql developer,Sql Developer,Tekskills,4-9 Yrs,,,,,Mumbai (All Areas),save,,5 days ago,,https://www.naukri.com/job-listings-sql-developer-tekskills-india-mumbai-all-areas-4-to-9-years-290526919178,2026-06-04T16:09:41.541105
Naukri,sql developer,Lead SQL Developer,Aon,10-15 Yrs,,,,,Bengaluru,save,,1 week ago,3.8,https://www.naukri.com/job-listings-lead-sql-developer-aon-bengaluru-10-to-15-years-260526032067,2026-06-04T16:09:41.541473
Naukri,sql developer,Sql Developer,Texlon,3-10 Yrs,,,,,"Noida, Bengaluru, Greater Noida",save,,2 days ago,2.1,https://www.naukri.com/job-listings-sql-developer-texlon-noida-bengaluru-greater-noida-3-to-10-years-020626013325,2026-06-04T16:09:41.541838
Naukri,sql developer,SQL Developer,Leading Client,4-9 Yrs,,,,,"Noida, Hyderabad, Bengaluru",SQL | Query Optimization | PL/SQL | Oracle Database | Stored Procedures | MySQL | Database Design | SQL Queries,,1 week ago,,https://www.naukri.com/job-listings-sql-developer-iospl-technology-services-private-limited-noida-hyderabad-bengaluru-4-to-9-years-250526927633,2026-06-04T16:09:41.542204
Naukri,sql developer,Opening For SQL developer,Tekskills India Pvt ltd,5-10 Yrs,,,,,Bengaluru,save,,5 days ago,,https://www.naukri.com/job-listings-opening-for-sql-developer-tekskills-bengaluru-5-to-10-years-290526921287,2026-06-04T16:09:41.542542
Naukri,sql developer,Opening For SQL developer,Tekskills India Pvt ltd,5-10 Yrs,,,,,Chennai,save,,5 days ago,,https://www.naukri.com/job-listings-opening-for-sql-developer-tekskills-chennai-5-to-10-years-290526921286,2026-06-04T16:09:41.542879
Naukri,sql developer,Opening For SQL developer,Tekskills India Pvt ltd,5-10 Yrs,,,,,Noida,save,,5 days ago,,https://www.naukri.com/job-listings-opening-for-sql-developer-tekskills-noida-5-to-10-years-290526921284,2026-06-04T16:09:41.543222
Naukri,sql developer,Intern SQL Developer,Crisil,,,,,,Mumbai,save,,Starts in 1-3 months,3.5,https://www.naukri.com/job-listings-intern-sql-developer-crisil-mumbai-0-to-1-years-030226503057,2026-06-04T16:10:03.052947
Naukri,sql developer,Senior Java SQL Developer,Infosys,7-10 Yrs,,,,,"Hyderabad, Pune, Bengaluru",Java | SQL | Hibernate | Spring Boot | Rest Api Services | Microservices | Development | Boot,,1 week ago,3.5,https://www.naukri.com/job-listings-senior-java-sql-developer-infosys-hyderabad-pune-bengaluru-7-to-10-years-100625030110,2026-06-04T16:10:03.053497
Naukri,sql developer,SQL Developer,Billions United,0-2 Yrs,,,,,Bengaluru,database management system | sql development | modeling | sql queries | oracle | dbms | analysis | database administration,,3+ weeks ago,,https://www.naukri.com/job-listings-sql-developer-billions-united-bengaluru-0-to-2-years-250725500805,2026-06-04T16:10:03.053855
Naukri,sql developer,SQL Developer,Origent Technologies,3-7 Yrs,,,,,Ernakulam,save,,6 days ago,4.2,https://www.naukri.com/job-listings-sql-developer-origent-technologies-ernakulam-3-to-7-years-040523006443,2026-06-04T16:10:03.054271
Naukri,sql developer,Sql Developer,Pristine It Code,2-4 Yrs,,,,,Mumbai(Hiranandani Gardens Powai),save,,Few hours ago,4.3,https://www.naukri.com/job-listings-sql-developer-pristine-it-code-mumbai-2-to-4-years-250125013263,2026-06-04T16:10:03.054682
Naukri,sql developer,Sql Developer,7x Fintech,3-8 Yrs,,,,,Bhubaneswar,Postgresql | MySQL | Database Design | Database Administration | Mysql Database | Mariadb | MongoDB | Database Migration,,2 weeks ago,4.0,https://www.naukri.com/job-listings-sql-developer-7x-fintech-bhubaneswar-3-to-8-years-200526034081,2026-06-04T16:10:03.055065
Naukri,sql developer,Sql Developer,Applied Information Inc (India),4-6 Yrs,,,,,Mohali,save,,6 days ago,4.7,https://www.naukri.com/job-listings-sql-developer-applied-information-inc-india-mohali-4-to-6-years-031225029438,2026-06-04T16:10:03.055431
Naukri,sql developer,SQL developer with Python expertise,Kyndryl,5-10 Yrs,,,,,Bengaluru,save,,2 weeks ago,4.0,https://www.naukri.com/job-listings-200526503296,2026-06-04T16:10:03.055783
Naukri,sql developer,Sql Developer,Black Turtle,7-12 Yrs,,,,,Pune(Magarpatta),save,,3 days ago,,https://www.naukri.com/job-listings-sql-developer-black-turtle-pune-7-to-12-years-180526016989,2026-06-04T16:10:03.056166
Naukri,sql developer,SQL Developer,Frontline Managed Services,3-5 Yrs,,,,,Remote,save,,6 days ago,3.6,https://www.naukri.com/job-listings-sql-developer-frontline-managed-services-north-goa-3-to-5-years-290526011048,2026-06-04T16:10:03.056536
Naukri,sql developer,SQL Developer,Cloudsmartz,2-4 Yrs,,,,,Mohali,save,,2 days ago,3.6,https://www.naukri.com/job-listings-sql-developer-cloudsmartz-mohali-2-to-4-years-020626500145,2026-06-04T16:10:03.056901
Naukri,sql developer,Sql Developer,Leading Client,5-10 Yrs,,,,,Mumbai,save,,1 week ago,,https://www.naukri.com/job-listings-sql-developer-ideslabs-private-limited-mumbai-5-to-10-years-280526921575,2026-06-04T16:10:03.057266
Naukri,sql developer,PowerBI & SQL Developer,Swits Digital,5-10 Yrs,,,,,Chennai,save,,1 week ago,3.9,https://www.naukri.com/job-listings-powerbi-sql-developer-swits-digital-private-limited-chennai-5-to-10-years-270526501467,2026-06-04T16:10:03.057920
Naukri,sql developer,Sql Developer,Tekskills,4-9 Yrs,,,,,Mumbai (All Areas),save,,5 days ago,,https://www.naukri.com/job-listings-sql-developer-tekskills-india-mumbai-all-areas-4-to-9-years-290526919178,2026-06-04T16:10:03.058462
Naukri,sql developer,Lead SQL Developer,Aon,10-15 Yrs,,,,,Bengaluru,save,,1 week ago,3.8,https://www.naukri.com/job-listings-lead-sql-developer-aon-bengaluru-10-to-15-years-260526032067,2026-06-04T16:10:03.058899
Naukri,sql developer,Sql Developer,Texlon,3-10 Yrs,,,,,"Noida, Bengaluru, Greater Noida",save,,2 days ago,2.1,https://www.naukri.com/job-listings-sql-developer-texlon-noida-bengaluru-greater-noida-3-to-10-years-020626013325,2026-06-04T16:10:03.059266
Naukri,sql developer,SQL Developer,Leading Client,4-9 Yrs,,,,,"Noida, Hyderabad, Bengaluru",SQL | Query Optimization | PL/SQL | Oracle Database | Stored Procedures | MySQL | Database Design | SQL Queries,,1 week ago,,https://www.naukri.com/job-listings-sql-developer-iospl-technology-services-private-limited-noida-hyderabad-bengaluru-4-to-9-years-250526927633,2026-06-04T16:10:03.059713
Naukri,sql developer,Opening For SQL developer,Tekskills India Pvt ltd,5-10 Yrs,,,,,Bengaluru,save,,5 days ago,,https://www.naukri.com/job-listings-opening-for-sql-developer-tekskills-bengaluru-5-to-10-years-290526921287,2026-06-04T16:10:03.060140
Naukri,sql developer,Opening For SQL developer,Tekskills India Pvt ltd,5-10 Yrs,,,,,Chennai,save,,5 days ago,,https://www.naukri.com/job-listings-opening-for-sql-developer-tekskills-chennai-5-to-10-years-290526921286,2026-06-04T16:10:03.060633
Naukri,sql developer,Opening For SQL developer,Tekskills India Pvt ltd,5-10 Yrs,,,,,Noida,save,,5 days ago,,https://www.naukri.com/job-listings-opening-for-sql-developer-tekskills-noida-5-to-10-years-290526921284,2026-06-04T16:10:03.061077
Naukri,sql developer,Intern SQL Developer,Crisil,,,,,,Mumbai,save,,Starts in 1-3 months,3.5,https://www.naukri.com/job-listings-intern-sql-developer-crisil-mumbai-0-to-1-years-030226503057,2026-06-04T16:10:24.961727
Naukri,sql developer,Senior Java SQL Developer,Infosys,7-10 Yrs,,,,,"Hyderabad, Pune, Bengaluru",Java | SQL | Hibernate | Spring Boot | Rest Api Services | Microservices | Development | Boot,,1 week ago,3.5,https://www.naukri.com/job-listings-senior-java-sql-developer-infosys-hyderabad-pune-bengaluru-7-to-10-years-100625030110,2026-06-04T16:10:24.962197
Naukri,sql developer,SQL Developer,Billions United,0-2 Yrs,,,,,Bengaluru,database management system | sql development | modeling | sql queries | oracle | dbms | analysis | database administration,,3+ weeks ago,,https://www.naukri.com/job-listings-sql-developer-billions-united-bengaluru-0-to-2-years-250725500805,2026-06-04T16:10:24.962562
Naukri,sql developer,SQL Developer,Origent Technologies,3-7 Yrs,,,,,Ernakulam,save,,6 days ago,4.2,https://www.naukri.com/job-listings-sql-developer-origent-technologies-ernakulam-3-to-7-years-040523006443,2026-06-04T16:10:24.963086
Naukri,sql developer,Sql Developer,Pristine It Code,2-4 Yrs,,,,,Mumbai(Hiranandani Gardens Powai),save,,Few hours ago,4.3,https://www.naukri.com/job-listings-sql-developer-pristine-it-code-mumbai-2-to-4-years-250125013263,2026-06-04T16:10:24.963501
Naukri,sql developer,Sql Developer,7x Fintech,3-8 Yrs,,,,,Bhubaneswar,Postgresql | MySQL | Database Design | Database Administration | Mysql Database | Mariadb | MongoDB | Database Migration,,2 weeks ago,4.0,https://www.naukri.com/job-listings-sql-developer-7x-fintech-bhubaneswar-3-to-8-years-200526034081,2026-06-04T16:10:24.963899
Naukri,sql developer,Sql Developer,Applied Information Inc (India),4-6 Yrs,,,,,Mohali,save,,6 days ago,4.7,https://www.naukri.com/job-listings-sql-developer-applied-information-inc-india-mohali-4-to-6-years-031225029438,2026-06-04T16:10:24.964292
Naukri,sql developer,SQL developer with Python expertise,Kyndryl,5-10 Yrs,,,,,Bengaluru,save,,2 weeks ago,4.0,https://www.naukri.com/job-listings-200526503296,2026-06-04T16:10:24.964644
Naukri,sql developer,Sql Developer,Black Turtle,7-12 Yrs,,,,,Pune(Magarpatta),save,,3 days ago,,https://www.naukri.com/job-listings-sql-developer-black-turtle-pune-7-to-12-years-180526016989,2026-06-04T16:10:24.965117
Naukri,sql developer,SQL Developer,Frontline Managed Services,3-5 Yrs,,,,,Remote,save,,6 days ago,3.6,https://www.naukri.com/job-listings-sql-developer-frontline-managed-services-north-goa-3-to-5-years-290526011048,2026-06-04T16:10:24.965517
Naukri,sql developer,SQL Developer,Cloudsmartz,2-4 Yrs,,,,,Mohali,save,,2 days ago,3.6,https://www.naukri.com/job-listings-sql-developer-cloudsmartz-mohali-2-to-4-years-020626500145,2026-06-04T16:10:24.965889
Naukri,sql developer,Sql Developer,Leading Client,5-10 Yrs,,,,,Mumbai,save,,1 week ago,,https://www.naukri.com/job-listings-sql-developer-ideslabs-private-limited-mumbai-5-to-10-years-280526921575,2026-06-04T16:10:24.966248
Naukri,sql developer,PowerBI & SQL Developer,Swits Digital,5-10 Yrs,,,,,Chennai,save,,1 week ago,3.9,https://www.naukri.com/job-listings-powerbi-sql-developer-swits-digital-private-limited-chennai-5-to-10-years-270526501467,2026-06-04T16:10:24.966620
Naukri,sql developer,Sql Developer,Tekskills,4-9 Yrs,,,,,Mumbai (All Areas),save,,5 days ago,,https://www.naukri.com/job-listings-sql-developer-tekskills-india-mumbai-all-areas-4-to-9-years-290526919178,2026-06-04T16:10:24.966957
Naukri,sql developer,Lead SQL Developer,Aon,10-15 Yrs,,,,,Bengaluru,save,,1 week ago,3.8,https://www.naukri.com/job-listings-lead-sql-developer-aon-bengaluru-10-to-15-years-260526032067,2026-06-04T16:10:24.967323
Naukri,sql developer,Sql Developer,Texlon,3-10 Yrs,,,,,"Noida, Bengaluru, Greater Noida",save,,2 days ago,2.1,https://www.naukri.com/job-listings-sql-developer-texlon-noida-bengaluru-greater-noida-3-to-10-years-020626013325,2026-06-04T16:10:24.967692
Naukri,sql developer,SQL Developer,Leading Client,4-9 Yrs,,,,,"Noida, Hyderabad, Bengaluru",SQL | Query Optimization | PL/SQL | Oracle Database | Stored Procedures | MySQL | Database Design | SQL Queries,,1 week ago,,https://www.naukri.com/job-listings-sql-developer-iospl-technology-services-private-limited-noida-hyderabad-bengaluru-4-to-9-years-250526927633,2026-06-04T16:10:24.968065
Naukri,sql developer,Opening For SQL developer,Tekskills India Pvt ltd,5-10 Yrs,,,,,Bengaluru,save,,5 days ago,,https://www.naukri.com/job-listings-opening-for-sql-developer-tekskills-bengaluru-5-to-10-years-290526921287,2026-06-04T16:10:24.968406
Naukri,sql developer,Opening For SQL developer,Tekskills India Pvt ltd,5-10 Yrs,,,,,Chennai,save,,5 days ago,,https://www.naukri.com/job-listings-opening-for-sql-developer-tekskills-chennai-5-to-10-years-290526921286,2026-06-04T16:10:24.968746
Naukri,sql developer,Opening For SQL developer,Tekskills India Pvt ltd,5-10 Yrs,,,,,Noida,save,,5 days ago,,https://www.naukri.com/job-listings-opening-for-sql-developer-tekskills-noida-5-to-10-years-290526921284,2026-06-04T16:10:24.969094
Naukri,sql developer,Intern SQL Developer,Crisil,,,,,,Mumbai,save,,Starts in 1-3 months,3.5,https://www.naukri.com/job-listings-intern-sql-developer-crisil-mumbai-0-to-1-years-030226503057,2026-06-04T16:10:46.656353
Naukri,sql developer,Senior Java SQL Developer,Infosys,7-10 Yrs,,,,,"Hyderabad, Pune, Bengaluru",Java | SQL | Hibernate | Spring Boot | Rest Api Services | Microservices | Development | Boot,,1 week ago,3.5,https://www.naukri.com/job-listings-senior-java-sql-developer-infosys-hyderabad-pune-bengaluru-7-to-10-years-100625030110,2026-06-04T16:10:46.656785
Naukri,sql developer,SQL Developer,Billions United,0-2 Yrs,,,,,Bengaluru,database management system | sql development | modeling | sql queries | oracle | dbms | analysis | database administration,,3+ weeks ago,,https://www.naukri.com/job-listings-sql-developer-billions-united-bengaluru-0-to-2-years-250725500805,2026-06-04T16:10:46.657171
Naukri,sql developer,SQL Developer,Origent Technologies,3-7 Yrs,,,,,Ernakulam,save,,6 days ago,4.2,https://www.naukri.com/job-listings-sql-developer-origent-technologies-ernakulam-3-to-7-years-040523006443,2026-06-04T16:10:46.657637
Naukri,sql developer,Sql Developer,Pristine It Code,2-4 Yrs,,,,,Mumbai(Hiranandani Gardens Powai),save,,Few hours ago,4.3,https://www.naukri.com/job-listings-sql-developer-pristine-it-code-mumbai-2-to-4-years-250125013263,2026-06-04T16:10:46.658057
Naukri,sql developer,Sql Developer,7x Fintech,3-8 Yrs,,,,,Bhubaneswar,Postgresql | MySQL | Database Design | Database Administration | Mysql Database | Mariadb | MongoDB | Database Migration,,2 weeks ago,4.0,https://www.naukri.com/job-listings-sql-developer-7x-fintech-bhubaneswar-3-to-8-years-200526034081,2026-06-04T16:10:46.658450
Naukri,sql developer,Sql Developer,Applied Information Inc (India),4-6 Yrs,,,,,Mohali,save,,6 days ago,4.7,https://www.naukri.com/job-listings-sql-developer-applied-information-inc-india-mohali-4-to-6-years-031225029438,2026-06-04T16:10:46.658828
Naukri,sql developer,SQL developer with Python expertise,Kyndryl,5-10 Yrs,,,,,Bengaluru,save,,2 weeks ago,4.0,https://www.naukri.com/job-listings-200526503296,2026-06-04T16:10:46.659196
Naukri,sql developer,Sql Developer,Black Turtle,7-12 Yrs,,,,,Pune(Magarpatta),save,,3 days ago,,https://www.naukri.com/job-listings-sql-developer-black-turtle-pune-7-to-12-years-180526016989,2026-06-04T16:10:46.659594
Naukri,sql developer,SQL Developer,Frontline Managed Services,3-5 Yrs,,,,,Remote,save,,6 days ago,3.6,https://www.naukri.com/job-listings-sql-developer-frontline-managed-services-north-goa-3-to-5-years-290526011048,2026-06-04T16:10:46.659981
Naukri,sql developer,SQL Developer,Cloudsmartz,2-4 Yrs,,,,,Mohali,save,,2 days ago,3.6,https://www.naukri.com/job-listings-sql-developer-cloudsmartz-mohali-2-to-4-years-020626500145,2026-06-04T16:10:46.660613
Naukri,sql developer,Sql Developer,Leading Client,5-10 Yrs,,,,,Mumbai,save,,1 week ago,,https://www.naukri.com/job-listings-sql-developer-ideslabs-private-limited-mumbai-5-to-10-years-280526921575,2026-06-04T16:10:46.661166
Naukri,sql developer,PowerBI & SQL Developer,Swits Digital,5-10 Yrs,,,,,Chennai,save,,1 week ago,3.9,https://www.naukri.com/job-listings-powerbi-sql-developer-swits-digital-private-limited-chennai-5-to-10-years-270526501467,2026-06-04T16:10:46.661815
Naukri,sql developer,Sql Developer,Tekskills,4-9 Yrs,,,,,Mumbai (All Areas),save,,5 days ago,,https://www.naukri.com/job-listings-sql-developer-tekskills-india-mumbai-all-areas-4-to-9-years-290526919178,2026-06-04T16:10:46.662369
Naukri,sql developer,Lead SQL Developer,Aon,10-15 Yrs,,,,,Bengaluru,save,,1 week ago,3.8,https://www.naukri.com/job-listings-lead-sql-developer-aon-bengaluru-10-to-15-years-260526032067,2026-06-04T16:10:46.662976
Naukri,sql developer,Sql Developer,Texlon,3-10 Yrs,,,,,"Noida, Bengaluru, Greater Noida",save,,2 days ago,2.1,https://www.naukri.com/job-listings-sql-developer-texlon-noida-bengaluru-greater-noida-3-to-10-years-020626013325,2026-06-04T16:10:46.663615
Naukri,sql developer,SQL Developer,Leading Client,4-9 Yrs,,,,,"Noida, Hyderabad, Bengaluru",SQL | Query Optimization | PL/SQL | Oracle Database | Stored Procedures | MySQL | Database Design | SQL Queries,,1 week ago,,https://www.naukri.com/job-listings-sql-developer-iospl-technology-services-private-limited-noida-hyderabad-bengaluru-4-to-9-years-250526927633,2026-06-04T16:10:46.664227
Naukri,sql developer,Opening For SQL developer,Tekskills India Pvt ltd,5-10 Yrs,,,,,Bengaluru,save,,5 days ago,,https://www.naukri.com/job-listings-opening-for-sql-developer-tekskills-bengaluru-5-to-10-years-290526921287,2026-06-04T16:10:46.664612
Naukri,sql developer,Opening For SQL developer,Tekskills India Pvt ltd,5-10 Yrs,,,,,Chennai,save,,5 days ago,,https://www.naukri.com/job-listings-opening-for-sql-developer-tekskills-chennai-5-to-10-years-290526921286,2026-06-04T16:10:46.665017
Naukri,sql developer,Opening For SQL developer,Tekskills India Pvt ltd,5-10 Yrs,,,,,Noida,save,,5 days ago,,https://www.naukri.com/job-listings-opening-for-sql-developer-tekskills-noida-5-to-10-years-290526921284,2026-06-04T16:10:46.665823
Naukri,sql developer,Intern SQL Developer,Crisil,,,,,,Mumbai,save,,Starts in 1-3 months,3.5,https://www.naukri.com/job-listings-intern-sql-developer-crisil-mumbai-0-to-1-years-030226503057,2026-06-04T16:11:08.477500
Naukri,sql developer,Senior Java SQL Developer,Infosys,7-10 Yrs,,,,,"Hyderabad, Pune, Bengaluru",Java | SQL | Hibernate | Spring Boot | Rest Api Services | Microservices | Development | Boot,,1 week ago,3.5,https://www.naukri.com/job-listings-senior-java-sql-developer-infosys-hyderabad-pune-bengaluru-7-to-10-years-100625030110,2026-06-04T16:11:08.477925
Naukri,sql developer,SQL Developer,Billions United,0-2 Yrs,,,,,Bengaluru,database management system | sql development | modeling | sql queries | oracle | dbms | analysis | database administration,,3+ weeks ago,,https://www.naukri.com/job-listings-sql-developer-billions-united-bengaluru-0-to-2-years-250725500805,2026-06-04T16:11:08.478281
Naukri,sql developer,SQL Developer,Origent Technologies,3-7 Yrs,,,,,Ernakulam,save,,6 days ago,4.2,https://www.naukri.com/job-listings-sql-developer-origent-technologies-ernakulam-3-to-7-years-040523006443,2026-06-04T16:11:08.478689
Naukri,sql developer,Sql Developer,Pristine It Code,2-4 Yrs,,,,,Mumbai(Hiranandani Gardens Powai),save,,Few hours ago,4.3,https://www.naukri.com/job-listings-sql-developer-pristine-it-code-mumbai-2-to-4-years-250125013263,2026-06-04T16:11:08.479090
Naukri,sql developer,Sql Developer,7x Fintech,3-8 Yrs,,,,,Bhubaneswar,Postgresql | MySQL | Database Design | Database Administration | Mysql Database | Mariadb | MongoDB | Database Migration,,2 weeks ago,4.0,https://www.naukri.com/job-listings-sql-developer-7x-fintech-bhubaneswar-3-to-8-years-200526034081,2026-06-04T16:11:08.479472
Naukri,sql developer,Sql Developer,Applied Information Inc (India),4-6 Yrs,,,,,Mohali,save,,6 days ago,4.7,https://www.naukri.com/job-listings-sql-developer-applied-information-inc-india-mohali-4-to-6-years-031225029438,2026-06-04T16:11:08.479840
Naukri,sql developer,SQL developer with Python expertise,Kyndryl,5-10 Yrs,,,,,Bengaluru,save,,2 weeks ago,4.0,https://www.naukri.com/job-listings-200526503296,2026-06-04T16:11:08.480191
Naukri,sql developer,Sql Developer,Black Turtle,7-12 Yrs,,,,,Pune(Magarpatta),save,,3 days ago,,https://www.naukri.com/job-listings-sql-developer-black-turtle-pune-7-to-12-years-180526016989,2026-06-04T16:11:08.480570
Naukri,sql developer,SQL Developer,Frontline Managed Services,3-5 Yrs,,,,,Remote,save,,6 days ago,3.6,https://www.naukri.com/job-listings-sql-developer-frontline-managed-services-north-goa-3-to-5-years-290526011048,2026-06-04T16:11:08.480931
Naukri,sql developer,SQL Developer,Cloudsmartz,2-4 Yrs,,,,,Mohali,save,,2 days ago,3.6,https://www.naukri.com/job-listings-sql-developer-cloudsmartz-mohali-2-to-4-years-020626500145,2026-06-04T16:11:08.481289
Naukri,sql developer,Sql Developer,Leading Client,5-10 Yrs,,,,,Mumbai,save,,1 week ago,,https://www.naukri.com/job-listings-sql-developer-ideslabs-private-limited-mumbai-5-to-10-years-280526921575,2026-06-04T16:11:08.481624
Naukri,sql developer,PowerBI & SQL Developer,Swits Digital,5-10 Yrs,,,,,Chennai,save,,1 week ago,3.9,https://www.naukri.com/job-listings-powerbi-sql-developer-swits-digital-private-limited-chennai-5-to-10-years-270526501467,2026-06-04T16:11:08.481988
Naukri,sql developer,Sql Developer,Tekskills,4-9 Yrs,,,,,Mumbai (All Areas),save,,5 days ago,,https://www.naukri.com/job-listings-sql-developer-tekskills-india-mumbai-all-areas-4-to-9-years-290526919178,2026-06-04T16:11:08.482318
Naukri,sql developer,Lead SQL Developer,Aon,10-15 Yrs,,,,,Bengaluru,save,,1 week ago,3.8,https://www.naukri.com/job-listings-lead-sql-developer-aon-bengaluru-10-to-15-years-260526032067,2026-06-04T16:11:08.482678
Naukri,sql developer,Sql Developer,Texlon,3-10 Yrs,,,,,"Noida, Bengaluru, Greater Noida",save,,2 days ago,2.1,https://www.naukri.com/job-listings-sql-developer-texlon-noida-bengaluru-greater-noida-3-to-10-years-020626013325,2026-06-04T16:11:08.483206
Naukri,sql developer,SQL Developer,Leading Client,4-9 Yrs,,,,,"Noida, Hyderabad, Bengaluru",SQL | Query Optimization | PL/SQL | Oracle Database | Stored Procedures | MySQL | Database Design | SQL Queries,,1 week ago,,https://www.naukri.com/job-listings-sql-developer-iospl-technology-services-private-limited-noida-hyderabad-bengaluru-4-to-9-years-250526927633,2026-06-04T16:11:08.483837
Naukri,sql developer,Opening For SQL developer,Tekskills India Pvt ltd,5-10 Yrs,,,,,Bengaluru,save,,5 days ago,,https://www.naukri.com/job-listings-opening-for-sql-developer-tekskills-bengaluru-5-to-10-years-290526921287,2026-06-04T16:11:08.484196
Naukri,sql developer,Opening For SQL developer,Tekskills India Pvt ltd,5-10 Yrs,,,,,Chennai,save,,5 days ago,,https://www.naukri.com/job-listings-opening-for-sql-developer-tekskills-chennai-5-to-10-years-290526921286,2026-06-04T16:11:08.484535
Naukri,sql developer,Opening For SQL developer,Tekskills India Pvt ltd,5-10 Yrs,,,,,Noida,save,,5 days ago,,https://www.naukri.com/job-listings-opening-for-sql-developer-tekskills-noida-5-to-10-years-290526921284,2026-06-04T16:11:08.484879
Naukri,sql developer,Intern SQL Developer,Crisil,,,,,,Mumbai,save,,Starts in 1-3 months,3.5,https://www.naukri.com/job-listings-intern-sql-developer-crisil-mumbai-0-to-1-years-030226503057,2026-06-04T16:11:30.054365
Naukri,sql developer,Senior Java SQL Developer,Infosys,7-10 Yrs,,,,,"Hyderabad, Pune, Bengaluru",Java | SQL | Hibernate | Spring Boot | Rest Api Services | Microservices | Development | Boot,,1 week ago,3.5,https://www.naukri.com/job-listings-senior-java-sql-developer-infosys-hyderabad-pune-bengaluru-7-to-10-years-100625030110,2026-06-04T16:11:30.054792
Naukri,sql developer,SQL Developer,Billions United,0-2 Yrs,,,,,Bengaluru,database management system | sql development | modeling | sql queries | oracle | dbms | analysis | database administration,,3+ weeks ago,,https://www.naukri.com/job-listings-sql-developer-billions-united-bengaluru-0-to-2-years-250725500805,2026-06-04T16:11:30.055157
Naukri,sql developer,SQL Developer,Origent Technologies,3-7 Yrs,,,,,Ernakulam,save,,6 days ago,4.2,https://www.naukri.com/job-listings-sql-developer-origent-technologies-ernakulam-3-to-7-years-040523006443,2026-06-04T16:11:30.055564
Naukri,sql developer,Sql Developer,Pristine It Code,2-4 Yrs,,,,,Mumbai(Hiranandani Gardens Powai),save,,Few hours ago,4.3,https://www.naukri.com/job-listings-sql-developer-pristine-it-code-mumbai-2-to-4-years-250125013263,2026-06-04T16:11:30.055975
Naukri,sql developer,Sql Developer,7x Fintech,3-8 Yrs,,,,,Bhubaneswar,Postgresql | MySQL | Database Design | Database Administration | Mysql Database | Mariadb | MongoDB | Database Migration,,2 weeks ago,4.0,https://www.naukri.com/job-listings-sql-developer-7x-fintech-bhubaneswar-3-to-8-years-200526034081,2026-06-04T16:11:30.056357
Naukri,sql developer,Sql Developer,Applied Information Inc (India),4-6 Yrs,,,,,Mohali,save,,6 days ago,4.7,https://www.naukri.com/job-listings-sql-developer-applied-information-inc-india-mohali-4-to-6-years-031225029438,2026-06-04T16:11:30.056855
Naukri,sql developer,SQL developer with Python expertise,Kyndryl,5-10 Yrs,,,,,Bengaluru,save,,2 weeks ago,4.0,https://www.naukri.com/job-listings-200526503296,2026-06-04T16:11:30.057217
Naukri,sql developer,Sql Developer,Black Turtle,7-12 Yrs,,,,,Pune(Magarpatta),save,,3 days ago,,https://www.naukri.com/job-listings-sql-developer-black-turtle-pune-7-to-12-years-180526016989,2026-06-04T16:11:30.057601
Naukri,sql developer,SQL Developer,Frontline Managed Services,3-5 Yrs,,,,,Remote,save,,6 days ago,3.6,https://www.naukri.com/job-listings-sql-developer-frontline-managed-services-north-goa-3-to-5-years-290526011048,2026-06-04T16:11:30.058034
Naukri,sql developer,SQL Developer,Cloudsmartz,2-4 Yrs,,,,,Mohali,save,,2 days ago,3.6,https://www.naukri.com/job-listings-sql-developer-cloudsmartz-mohali-2-to-4-years-020626500145,2026-06-04T16:11:30.058401
Naukri,sql developer,Sql Developer,Leading Client,5-10 Yrs,,,,,Mumbai,save,,1 week ago,,https://www.naukri.com/job-listings-sql-developer-ideslabs-private-limited-mumbai-5-to-10-years-280526921575,2026-06-04T16:11:30.058755
Naukri,sql developer,PowerBI & SQL Developer,Swits Digital,5-10 Yrs,,,,,Chennai,save,,1 week ago,3.9,https://www.naukri.com/job-listings-powerbi-sql-developer-swits-digital-private-limited-chennai-5-to-10-years-270526501467,2026-06-04T16:11:30.059144
Naukri,sql developer,Sql Developer,Tekskills,4-9 Yrs,,,,,Mumbai (All Areas),save,,5 days ago,,https://www.naukri.com/job-listings-sql-developer-tekskills-india-mumbai-all-areas-4-to-9-years-290526919178,2026-06-04T16:11:30.059479
Naukri,sql developer,Lead SQL Developer,Aon,10-15 Yrs,,,,,Bengaluru,save,,1 week ago,3.8,https://www.naukri.com/job-listings-lead-sql-developer-aon-bengaluru-10-to-15-years-260526032067,2026-06-04T16:11:30.059866
Naukri,sql developer,Sql Developer,Texlon,3-10 Yrs,,,,,"Noida, Bengaluru, Greater Noida",save,,2 days ago,2.1,https://www.naukri.com/job-listings-sql-developer-texlon-noida-bengaluru-greater-noida-3-to-10-years-020626013325,2026-06-04T16:11:30.060238
Naukri,sql developer,SQL Developer,Leading Client,4-9 Yrs,,,,,"Noida, Hyderabad, Bengaluru",SQL | Query Optimization | PL/SQL | Oracle Database | Stored Procedures | MySQL | Database Design | SQL Queries,,1 week ago,,https://www.naukri.com/job-listings-sql-developer-iospl-technology-services-private-limited-noida-hyderabad-bengaluru-4-to-9-years-250526927633,2026-06-04T16:11:30.060609
Naukri,sql developer,Opening For SQL developer,Tekskills India Pvt ltd,5-10 Yrs,,,,,Bengaluru,save,,5 days ago,,https://www.naukri.com/job-listings-opening-for-sql-developer-tekskills-bengaluru-5-to-10-years-290526921287,2026-06-04T16:11:30.060951
Naukri,sql developer,Opening For SQL developer,Tekskills India Pvt ltd,5-10 Yrs,,,,,Chennai,save,,5 days ago,,https://www.naukri.com/job-listings-opening-for-sql-developer-tekskills-chennai-5-to-10-years-290526921286,2026-06-04T16:11:30.061297
Naukri,sql developer,Opening For SQL developer,Tekskills India Pvt ltd,5-10 Yrs,,,,,Noida,save,,5 days ago,,https://www.naukri.com/job-listings-opening-for-sql-developer-tekskills-noida-5-to-10-years-290526921284,2026-06-04T16:11:30.061644
Naukri,sql developer,Intern SQL Developer,Crisil,,,,,,Mumbai,save,,Starts in 1-3 months,3.5,https://www.naukri.com/job-listings-intern-sql-developer-crisil-mumbai-0-to-1-years-030226503057,2026-06-04T16:11:52.034076
Naukri,sql developer,Senior Java SQL Developer,Infosys,7-10 Yrs,,,,,"Hyderabad, Pune, Bengaluru",Java | SQL | Hibernate | Spring Boot | Rest Api Services | Microservices | Development | Boot,,1 week ago,3.5,https://www.naukri.com/job-listings-senior-java-sql-developer-infosys-hyderabad-pune-bengaluru-7-to-10-years-100625030110,2026-06-04T16:11:52.034497
Naukri,sql developer,SQL Developer,Billions United,0-2 Yrs,,,,,Bengaluru,database management system | sql development | modeling | sql queries | oracle | dbms | analysis | database administration,,3+ weeks ago,,https://www.naukri.com/job-listings-sql-developer-billions-united-bengaluru-0-to-2-years-250725500805,2026-06-04T16:11:52.034855
Naukri,sql developer,SQL Developer,Origent Technologies,3-7 Yrs,,,,,Ernakulam,save,,6 days ago,4.2,https://www.naukri.com/job-listings-sql-developer-origent-technologies-ernakulam-3-to-7-years-040523006443,2026-06-04T16:11:52.035268
Naukri,sql developer,Sql Developer,Pristine It Code,2-4 Yrs,,,,,Mumbai(Hiranandani Gardens Powai),save,,Few hours ago,4.3,https://www.naukri.com/job-listings-sql-developer-pristine-it-code-mumbai-2-to-4-years-250125013263,2026-06-04T16:11:52.035676
Naukri,sql developer,Sql Developer,7x Fintech,3-8 Yrs,,,,,Bhubaneswar,Postgresql | MySQL | Database Design | Database Administration | Mysql Database | Mariadb | MongoDB | Database Migration,,2 weeks ago,4.0,https://www.naukri.com/job-listings-sql-developer-7x-fintech-bhubaneswar-3-to-8-years-200526034081,2026-06-04T16:11:52.036062
Naukri,sql developer,Sql Developer,Applied Information Inc (India),4-6 Yrs,,,,,Mohali,save,,6 days ago,4.7,https://www.naukri.com/job-listings-sql-developer-applied-information-inc-india-mohali-4-to-6-years-031225029438,2026-06-04T16:11:52.036429
Naukri,sql developer,SQL developer with Python expertise,Kyndryl,5-10 Yrs,,,,,Bengaluru,save,,2 weeks ago,4.0,https://www.naukri.com/job-listings-200526503296,2026-06-04T16:11:52.036782
Naukri,sql developer,Sql Developer,Black Turtle,7-12 Yrs,,,,,Pune(Magarpatta),save,,3 days ago,,https://www.naukri.com/job-listings-sql-developer-black-turtle-pune-7-to-12-years-180526016989,2026-06-04T16:11:52.037171
Naukri,sql developer,SQL Developer,Frontline Managed Services,3-5 Yrs,,,,,Remote,save,,6 days ago,3.6,https://www.naukri.com/job-listings-sql-developer-frontline-managed-services-north-goa-3-to-5-years-290526011048,2026-06-04T16:11:52.037540
Naukri,sql developer,SQL Developer,Cloudsmartz,2-4 Yrs,,,,,Mohali,save,,2 days ago,3.6,https://www.naukri.com/job-listings-sql-developer-cloudsmartz-mohali-2-to-4-years-020626500145,2026-06-04T16:11:52.037914
Naukri,sql developer,Sql Developer,Leading Client,5-10 Yrs,,,,,Mumbai,save,,1 week ago,,https://www.naukri.com/job-listings-sql-developer-ideslabs-private-limited-mumbai-5-to-10-years-280526921575,2026-06-04T16:11:52.038259
Naukri,sql developer,PowerBI & SQL Developer,Swits Digital,5-10 Yrs,,,,,Chennai,save,,1 week ago,3.9,https://www.naukri.com/job-listings-powerbi-sql-developer-swits-digital-private-limited-chennai-5-to-10-years-270526501467,2026-06-04T16:11:52.038733
Naukri,sql developer,Sql Developer,Tekskills,4-9 Yrs,,,,,Mumbai (All Areas),save,,5 days ago,,https://www.naukri.com/job-listings-sql-developer-tekskills-india-mumbai-all-areas-4-to-9-years-290526919178,2026-06-04T16:11:52.039095
Naukri,sql developer,Lead SQL Developer,Aon,10-15 Yrs,,,,,Bengaluru,save,,1 week ago,3.8,https://www.naukri.com/job-listings-lead-sql-developer-aon-bengaluru-10-to-15-years-260526032067,2026-06-04T16:11:52.039458
Naukri,sql developer,Sql Developer,Texlon,3-10 Yrs,,,,,"Noida, Bengaluru, Greater Noida",save,,2 days ago,2.1,https://www.naukri.com/job-listings-sql-developer-texlon-noida-bengaluru-greater-noida-3-to-10-years-020626013325,2026-06-04T16:11:52.039833
Naukri,sql developer,SQL Developer,Leading Client,4-9 Yrs,,,,,"Noida, Hyderabad, Bengaluru",SQL | Query Optimization | PL/SQL | Oracle Database | Stored Procedures | MySQL | Database Design | SQL Queries,,1 week ago,,https://www.naukri.com/job-listings-sql-developer-iospl-technology-services-private-limited-noida-hyderabad-bengaluru-4-to-9-years-250526927633,2026-06-04T16:11:52.040194
Naukri,sql developer,Opening For SQL developer,Tekskills India Pvt ltd,5-10 Yrs,,,,,Bengaluru,save,,5 days ago,,https://www.naukri.com/job-listings-opening-for-sql-developer-tekskills-bengaluru-5-to-10-years-290526921287,2026-06-04T16:11:52.040531
Naukri,sql developer,Opening For SQL developer,Tekskills India Pvt ltd,5-10 Yrs,,,,,Chennai,save,,5 days ago,,https://www.naukri.com/job-listings-opening-for-sql-developer-tekskills-chennai-5-to-10-years-290526921286,2026-06-04T16:11:52.040864
Naukri,sql developer,Opening For SQL developer,Tekskills India Pvt ltd,5-10 Yrs,,,,,Noida,save,,5 days ago,,https://www.naukri.com/job-listings-opening-for-sql-developer-tekskills-noida-5-to-10-years-290526921284,2026-06-04T16:11:52.041203
Naukri,sql developer,Intern SQL Developer,Crisil,,,,,,Mumbai,save,,Starts in 1-3 months,3.5,https://www.naukri.com/job-listings-intern-sql-developer-crisil-mumbai-0-to-1-years-030226503057,2026-06-04T16:12:13.582355
Naukri,sql developer,Senior Java SQL Developer,Infosys,7-10 Yrs,,,,,"Hyderabad, Pune, Bengaluru",Java | SQL | Hibernate | Spring Boot | Rest Api Services | Microservices | Development | Boot,,1 week ago,3.5,https://www.naukri.com/job-listings-senior-java-sql-developer-infosys-hyderabad-pune-bengaluru-7-to-10-years-100625030110,2026-06-04T16:12:13.582923
Naukri,sql developer,SQL Developer,Billions United,0-2 Yrs,,,,,Bengaluru,database management system | sql development | modeling | sql queries | oracle | dbms | analysis | database administration,,3+ weeks ago,,https://www.naukri.com/job-listings-sql-developer-billions-united-bengaluru-0-to-2-years-250725500805,2026-06-04T16:12:13.583337
Naukri,sql developer,SQL Developer,Origent Technologies,3-7 Yrs,,,,,Ernakulam,save,,6 days ago,4.2,https://www.naukri.com/job-listings-sql-developer-origent-technologies-ernakulam-3-to-7-years-040523006443,2026-06-04T16:12:13.583796
Naukri,sql developer,Sql Developer,Pristine It Code,2-4 Yrs,,,,,Mumbai(Hiranandani Gardens Powai),save,,Few hours ago,4.3,https://www.naukri.com/job-listings-sql-developer-pristine-it-code-mumbai-2-to-4-years-250125013263,2026-06-04T16:12:13.584217
Naukri,sql developer,Sql Developer,7x Fintech,3-8 Yrs,,,,,Bhubaneswar,Postgresql | MySQL | Database Design | Database Administration | Mysql Database | Mariadb | MongoDB | Database Migration,,2 weeks ago,4.0,https://www.naukri.com/job-listings-sql-developer-7x-fintech-bhubaneswar-3-to-8-years-200526034081,2026-06-04T16:12:13.584638
Naukri,sql developer,Sql Developer,Applied Information Inc (India),4-6 Yrs,,,,,Mohali,save,,6 days ago,4.7,https://www.naukri.com/job-listings-sql-developer-applied-information-inc-india-mohali-4-to-6-years-031225029438,2026-06-04T16:12:13.585023
Naukri,sql developer,SQL developer with Python expertise,Kyndryl,5-10 Yrs,,,,,Bengaluru,save,,2 weeks ago,4.0,https://www.naukri.com/job-listings-200526503296,2026-06-04T16:12:13.585406
Naukri,sql developer,Sql Developer,Black Turtle,7-12 Yrs,,,,,Pune(Magarpatta),save,,3 days ago,,https://www.naukri.com/job-listings-sql-developer-black-turtle-pune-7-to-12-years-180526016989,2026-06-04T16:12:13.585815
Naukri,sql developer,SQL Developer,Frontline Managed Services,3-5 Yrs,,,,,Remote,save,,6 days ago,3.6,https://www.naukri.com/job-listings-sql-developer-frontline-managed-services-north-goa-3-to-5-years-290526011048,2026-06-04T16:12:13.586213
Naukri,sql developer,SQL Developer,Cloudsmartz,2-4 Yrs,,,,,Mohali,save,,2 days ago,3.6,https://www.naukri.com/job-listings-sql-developer-cloudsmartz-mohali-2-to-4-years-020626500145,2026-06-04T16:12:13.586622
Naukri,sql developer,Sql Developer,Leading Client,5-10 Yrs,,,,,Mumbai,save,,1 week ago,,https://www.naukri.com/job-listings-sql-developer-ideslabs-private-limited-mumbai-5-to-10-years-280526921575,2026-06-04T16:12:13.587056
Naukri,sql developer,PowerBI & SQL Developer,Swits Digital,5-10 Yrs,,,,,Chennai,save,,1 week ago,3.9,https://www.naukri.com/job-listings-powerbi-sql-developer-swits-digital-private-limited-chennai-5-to-10-years-270526501467,2026-06-04T16:12:13.587537
Naukri,sql developer,Sql Developer,Tekskills,4-9 Yrs,,,,,Mumbai (All Areas),save,,5 days ago,,https://www.naukri.com/job-listings-sql-developer-tekskills-india-mumbai-all-areas-4-to-9-years-290526919178,2026-06-04T16:12:13.587886
Naukri,sql developer,Lead SQL Developer,Aon,10-15 Yrs,,,,,Bengaluru,save,,1 week ago,3.8,https://www.naukri.com/job-listings-lead-sql-developer-aon-bengaluru-10-to-15-years-260526032067,2026-06-04T16:12:13.588263
Naukri,sql developer,Sql Developer,Texlon,3-10 Yrs,,,,,"Noida, Bengaluru, Greater Noida",save,,2 days ago,2.1,https://www.naukri.com/job-listings-sql-developer-texlon-noida-bengaluru-greater-noida-3-to-10-years-020626013325,2026-06-04T16:12:13.588648
Naukri,sql developer,SQL Developer,Leading Client,4-9 Yrs,,,,,"Noida, Hyderabad, Bengaluru",SQL | Query Optimization | PL/SQL | Oracle Database | Stored Procedures | MySQL | Database Design | SQL Queries,,1 week ago,,https://www.naukri.com/job-listings-sql-developer-iospl-technology-services-private-limited-noida-hyderabad-bengaluru-4-to-9-years-250526927633,2026-06-04T16:12:13.589041
Naukri,sql developer,Opening For SQL developer,Tekskills India Pvt ltd,5-10 Yrs,,,,,Bengaluru,save,,5 days ago,,https://www.naukri.com/job-listings-opening-for-sql-developer-tekskills-bengaluru-5-to-10-years-290526921287,2026-06-04T16:12:13.589452
Naukri,sql developer,Opening For SQL developer,Tekskills India Pvt ltd,5-10 Yrs,,,,,Chennai,save,,5 days ago,,https://www.naukri.com/job-listings-opening-for-sql-developer-tekskills-chennai-5-to-10-years-290526921286,2026-06-04T16:12:13.589805
Naukri,sql developer,Opening For SQL developer,Tekskills India Pvt ltd,5-10 Yrs,,,,,Noida,save,,5 days ago,,https://www.naukri.com/job-listings-opening-for-sql-developer-tekskills-noida-5-to-10-years-290526921284,2026-06-04T16:12:13.590184
Naukri,analytics engineer,Analytics Engineer,Earnin,2-7 Yrs,,,,,Bengaluru,Data modeling | Postgresql | Schema | Data structures | Healthcare | Data quality | QlikView | Business intelligence,,1 day ago,,https://www.naukri.com/job-listings-analytics-engineer-earnin-bengaluru-2-to-7-years-030626502365,2026-06-04T16:12:40.498209
Naukri,analytics engineer,"Google Analytics Engineer (GA4, GTM & BigQuery)",Neuronimbus Software Services,3-7 Yrs,,,,,Remote,Google Analytics 4 | Google Tag Manager | BigQuery | Google Cloud Platform | Data Modeling | Dashboarding | Data Warehousing | ETL,,1 day ago,4.1,https://www.naukri.com/job-listings-google-analytics-engineer-ga4-gtm-bigquery-neuronimbus-software-services-gurugram-3-to-7-years-030626016740,2026-06-04T16:12:40.498713
Naukri,analytics engineer,Google Analytics Engineer,HCLTech,5-10 Yrs,,,,,"Hyderabad, Chennai, Bengaluru",Google Analytics 4 | Tagging | Google Tag Manager | Conversion Tracking | Event Tracking | Management | Conversions | Analytics,,Today,3.4,https://www.naukri.com/job-listings-google-analytics-engineer-hcltech-hyderabad-chennai-bengaluru-5-to-10-years-040626000318,2026-06-04T16:12:40.499142
Naukri,analytics engineer,NetSuite Analytics Engineer,Learntastic,3-8 Yrs,,,,,Remote,Computer science | ERP | Automation | Data modeling | Workflow | Healthcare | Business intelligence | Middleware,,2 days ago,3.0,https://www.naukri.com/job-listings-netsuite-analytics-engineer-learntastic-remote-3-to-8-years-010626503635,2026-06-04T16:12:40.499532
Naukri,analytics engineer,Analytics Engineer,HRS Group,4-5 Yrs,,,,,Mumbai,Procurement | Web analytics | Analytical | Consulting | Data quality | Oracle | Data warehousing | Analytics,,1 week ago,3.1,https://www.naukri.com/job-listings-analytics-engineer-hrs-group-mumbai-4-to-5-years-220526501615,2026-06-04T16:12:40.499912
Naukri,analytics engineer,Ontology Analytics Engineer,Insight Global Technologies,8-13 Yrs,,,,,Remote,Agentic Ai | Microsoft Fabric | Tabular Model Definition Language | semantic models | Data Analytics | Visual Studio Code | Data Engineering | Semantic Layers,,1 week ago,3.5,https://www.naukri.com/job-listings-ontology-analytics-engineer-insight-global-technologies-hyderabad-8-to-13-years-250526003222,2026-06-04T16:12:40.500296
Naukri,analytics engineer,Pump Analytics Engineer,Sulzer Vendor,4-7 Yrs,,,,,Pune,Data analysis | Mediclaim | analytics analyst | Data analytics | Business intelligence | Analytics | Analysis | Data,,2 weeks ago,,https://www.naukri.com/job-listings-pump-analytics-engineer-sulzer-pumps-india-limited-pune-4-to-7-years-200526500396,2026-06-04T16:12:40.500647
Naukri,analytics engineer,Lead Analytics Engineer,Salesforce,10-15 Yrs,,,,,Bengaluru,Change management | Agile | Instrumentation | Customer support | Operations | Information technology | Analytics | CRM,,1 week ago,3.9,https://www.naukri.com/job-listings-lead-analytics-engineer-salesforce-bengaluru-10-to-15-years-260526501788,2026-06-04T16:12:40.501027
Naukri,analytics engineer,LEAD Engineer - Analytics,Tata Power,3-5 Yrs,,,,,Mumbai (All Areas),Rpa Tool | Uipath | Blue Prism | Python | Generative Ai | Power Bi | GPT models | Tableau,,1 week ago,3.9,https://www.naukri.com/job-listings-lead-engineer-analytics-tata-power-mumbai-all-areas-3-to-5-years-270526015153,2026-06-04T16:12:40.501403
Naukri,analytics engineer,Analytics Engineer,Fornax,2-7 Yrs,,,,,Mumbai,Team management | Data modeling | Analytical | Workflow | Data quality | Continuous improvement | Operations | Analytics,,3+ weeks ago,4.5,https://www.naukri.com/job-listings-analytics-engineer-fornax-mumbai-2-to-7-years-311025500410,2026-06-04T16:12:40.501779
Naukri,analytics engineer,Ecommerce Analytics Engineer,Mouser Electronics,7-12 Yrs,,,,,Bengaluru,Ecommerce Analytics | digital analytics | performance tuning | mathematics | ai | programming principles | sql | analytics,,3 weeks ago,3.4,https://www.naukri.com/job-listings-ecommerce-analytics-engineer-mouser-electronics-india-pvt-ltd-bengaluru-7-to-12-years-110526929191,2026-06-04T16:12:40.502157
Naukri,analytics engineer,Analytics Engineer Databricks,Infotrellis,5-12 Yrs,,,,,Chennai,Version control | GIT | Architecture | Delta | Healthcare | Data quality | Analytics | Financial services,,3+ weeks ago,1.8,https://www.naukri.com/job-listings-analytics-engineer-databricks-infotrellis-chennai-5-to-12-years-300126506661,2026-06-04T16:12:40.502538
Naukri,analytics engineer,Analytics Engineer Databricks,Infotrellis,5-12 Yrs,,,,,Bengaluru,Version control | GIT | Architecture | Delta | Healthcare | Data quality | Analytics | Financial services,,3+ weeks ago,1.8,https://www.naukri.com/job-listings-analytics-engineer-databricks-infotrellis-bengaluru-5-to-12-years-280126500410,2026-06-04T16:12:40.502915
Naukri,analytics engineer,Temenos Analytics Engineer,Diverse Lynx,2-7 Yrs,,,,,Bengaluru,Analytics | Temenos,,3+ weeks ago,3.5,https://www.naukri.com/job-listings-temenos-analytics-engineer-diverse-lynx-bengaluru-2-to-7-years-250725503670,2026-06-04T16:12:40.503252
Naukri,analytics engineer,Analytics Engineer (Snowflake and Databricks),Infraveo Technologies,2-3 Yrs,,,,,Remote,Automation | customer analytics | Data modeling | Data collection | Data processing | Data quality | Business intelligence | Analytics,,3+ weeks ago,,https://www.naukri.com/job-listings-analytics-engineer-snowflake-and-databricks-infraveo-technologies-remote-2-to-3-years-200625501137,2026-06-04T16:12:40.503598
Naukri,analytics engineer,Wells Analytics Engineer,Exxon Mobil Corporation,3-8 Yrs,,,,,Bengaluru,Drilling | SAP | Networking | LNG | Wireline | Troubleshooting | Oracle | Petroleum,,2 weeks ago,3.7,https://www.naukri.com/job-listings-wells-analytics-engineer-exxon-mobil-corporation-bengaluru-3-to-8-years-180526505370,2026-06-04T16:12:40.503976
Naukri,analytics engineer,Associate Analytics Engineer,Swiss Re,1-3 Yrs,,,,,Bengaluru,r | analytical | data science | spark | big data | programming | communication skills | Analytics,,3+ weeks ago,3.8,https://www.naukri.com/job-listings-associate-analytics-engineer-swiss-re-bengaluru-1-to-3-years-180325502353,2026-06-04T16:12:40.504358
Naukri,analytics engineer,Analytics Engineer (Tableau),Diverse Lynx,2-6 Yrs,,,,,Pune,Training | tableau | Data analysis | Business Analyst | Data modeling | Troubleshooting | Performance monitoring | Analytics,,3+ weeks ago,3.5,https://www.naukri.com/job-listings-analytics-engineer-tableau-diverse-lynx-pune-2-to-6-years-161223500035,2026-06-04T16:12:40.504739
Naukri,analytics engineer,AI Analytics Engineer,Bootcoding,2-4 Yrs,,,,,Nagpur,Health insurance | NoSQL | Artificial Intelligence | Machine learning | Data processing | Data mining | Information technology | SQL,,2 weeks ago,4.0,https://www.naukri.com/job-listings-ai-analytics-engineer-bootcoding-nagpur-2-to-4-years-150526505211,2026-06-04T16:12:40.505122
Naukri,analytics engineer,Lead Analytics Engineer,Volvo Auto,8-12 Yrs,,,,,Bengaluru,github | Version control | orchestration | Data modeling | Analytical | Data quality | Analytics | Automotive,,3+ weeks ago,3.7,https://www.naukri.com/job-listings-lead-analytics-engineer-volvo-auto-india-pvt-ltd-bengaluru-8-to-12-years-091025500971,2026-06-04T16:12:40.505506
Naukri,analytics engineer,Analytics Engineer,Earnin,2-7 Yrs,,,,,Bengaluru,Data modeling | Postgresql | Schema | Data structures | Healthcare | Data quality | QlikView | Business intelligence,,1 day ago,,https://www.naukri.com/job-listings-analytics-engineer-earnin-bengaluru-2-to-7-years-030626502365,2026-06-04T16:13:02.074080
Naukri,analytics engineer,"Google Analytics Engineer (GA4, GTM & BigQuery)",Neuronimbus Software Services,3-7 Yrs,,,,,Remote,Google Analytics 4 | Google Tag Manager | BigQuery | Google Cloud Platform | Data Modeling | Dashboarding | Data Warehousing | ETL,,1 day ago,4.1,https://www.naukri.com/job-listings-google-analytics-engineer-ga4-gtm-bigquery-neuronimbus-software-services-gurugram-3-to-7-years-030626016740,2026-06-04T16:13:02.074556
Naukri,analytics engineer,Google Analytics Engineer,HCLTech,5-10 Yrs,,,,,"Hyderabad, Chennai, Bengaluru",Google Analytics 4 | Tagging | Google Tag Manager | Conversion Tracking | Event Tracking | Management | Conversions | Analytics,,Today,3.4,https://www.naukri.com/job-listings-google-analytics-engineer-hcltech-hyderabad-chennai-bengaluru-5-to-10-years-040626000318,2026-06-04T16:13:02.074976
Naukri,analytics engineer,NetSuite Analytics Engineer,Learntastic,3-8 Yrs,,,,,Remote,Computer science | ERP | Automation | Data modeling | Workflow | Healthcare | Business intelligence | Middleware,,2 days ago,3.0,https://www.naukri.com/job-listings-netsuite-analytics-engineer-learntastic-remote-3-to-8-years-010626503635,2026-06-04T16:13:02.075378
Naukri,analytics engineer,Analytics Engineer,HRS Group,4-5 Yrs,,,,,Mumbai,Procurement | Web analytics | Analytical | Consulting | Data quality | Oracle | Data warehousing | Analytics,,1 week ago,3.1,https://www.naukri.com/job-listings-analytics-engineer-hrs-group-mumbai-4-to-5-years-220526501615,2026-06-04T16:13:02.075777
Naukri,analytics engineer,Ontology Analytics Engineer,Insight Global Technologies,8-13 Yrs,,,,,Remote,Agentic Ai | Microsoft Fabric | Tabular Model Definition Language | semantic models | Data Analytics | Visual Studio Code | Data Engineering | Semantic Layers,,1 week ago,3.5,https://www.naukri.com/job-listings-ontology-analytics-engineer-insight-global-technologies-hyderabad-8-to-13-years-250526003222,2026-06-04T16:13:02.076180
Naukri,analytics engineer,Pump Analytics Engineer,Sulzer Vendor,4-7 Yrs,,,,,Pune,Data analysis | Mediclaim | analytics analyst | Data analytics | Business intelligence | Analytics | Analysis | Data,,2 weeks ago,,https://www.naukri.com/job-listings-pump-analytics-engineer-sulzer-pumps-india-limited-pune-4-to-7-years-200526500396,2026-06-04T16:13:02.076542
Naukri,analytics engineer,Lead Analytics Engineer,Salesforce,10-15 Yrs,,,,,Bengaluru,Change management | Agile | Instrumentation | Customer support | Operations | Information technology | Analytics | CRM,,1 week ago,3.9,https://www.naukri.com/job-listings-lead-analytics-engineer-salesforce-bengaluru-10-to-15-years-260526501788,2026-06-04T16:13:02.076939
Naukri,analytics engineer,LEAD Engineer - Analytics,Tata Power,3-5 Yrs,,,,,Mumbai (All Areas),Rpa Tool | Uipath | Blue Prism | Python | Generative Ai | Power Bi | GPT models | Tableau,,1 week ago,3.9,https://www.naukri.com/job-listings-lead-engineer-analytics-tata-power-mumbai-all-areas-3-to-5-years-270526015153,2026-06-04T16:13:02.077333
Naukri,analytics engineer,Analytics Engineer,Fornax,2-7 Yrs,,,,,Mumbai,Team management | Data modeling | Analytical | Workflow | Data quality | Continuous improvement | Operations | Analytics,,3+ weeks ago,4.5,https://www.naukri.com/job-listings-analytics-engineer-fornax-mumbai-2-to-7-years-311025500410,2026-06-04T16:13:02.077726
Naukri,analytics engineer,Ecommerce Analytics Engineer,Mouser Electronics,7-12 Yrs,,,,,Bengaluru,Ecommerce Analytics | digital analytics | performance tuning | mathematics | ai | programming principles | sql | analytics,,3 weeks ago,3.4,https://www.naukri.com/job-listings-ecommerce-analytics-engineer-mouser-electronics-india-pvt-ltd-bengaluru-7-to-12-years-110526929191,2026-06-04T16:13:02.078125
Naukri,analytics engineer,Analytics Engineer Databricks,Infotrellis,5-12 Yrs,,,,,Chennai,Version control | GIT | Architecture | Delta | Healthcare | Data quality | Analytics | Financial services,,3+ weeks ago,1.8,https://www.naukri.com/job-listings-analytics-engineer-databricks-infotrellis-chennai-5-to-12-years-300126506661,2026-06-04T16:13:02.078520
Naukri,analytics engineer,Analytics Engineer Databricks,Infotrellis,5-12 Yrs,,,,,Bengaluru,Version control | GIT | Architecture | Delta | Healthcare | Data quality | Analytics | Financial services,,3+ weeks ago,1.8,https://www.naukri.com/job-listings-analytics-engineer-databricks-infotrellis-bengaluru-5-to-12-years-280126500410,2026-06-04T16:13:02.078916
Naukri,analytics engineer,Temenos Analytics Engineer,Diverse Lynx,2-7 Yrs,,,,,Bengaluru,Analytics | Temenos,,3+ weeks ago,3.5,https://www.naukri.com/job-listings-temenos-analytics-engineer-diverse-lynx-bengaluru-2-to-7-years-250725503670,2026-06-04T16:13:02.079365
Naukri,analytics engineer,Analytics Engineer (Snowflake and Databricks),Infraveo Technologies,2-3 Yrs,,,,,Remote,Automation | customer analytics | Data modeling | Data collection | Data processing | Data quality | Business intelligence | Analytics,,3+ weeks ago,,https://www.naukri.com/job-listings-analytics-engineer-snowflake-and-databricks-infraveo-technologies-remote-2-to-3-years-200625501137,2026-06-04T16:13:02.079805
Naukri,analytics engineer,Wells Analytics Engineer,Exxon Mobil Corporation,3-8 Yrs,,,,,Bengaluru,Drilling | SAP | Networking | LNG | Wireline | Troubleshooting | Oracle | Petroleum,,2 weeks ago,3.7,https://www.naukri.com/job-listings-wells-analytics-engineer-exxon-mobil-corporation-bengaluru-3-to-8-years-180526505370,2026-06-04T16:13:02.080460
Naukri,analytics engineer,Associate Analytics Engineer,Swiss Re,1-3 Yrs,,,,,Bengaluru,r | analytical | data science | spark | big data | programming | communication skills | Analytics,,3+ weeks ago,3.8,https://www.naukri.com/job-listings-associate-analytics-engineer-swiss-re-bengaluru-1-to-3-years-180325502353,2026-06-04T16:13:02.081139
Naukri,analytics engineer,Analytics Engineer (Tableau),Diverse Lynx,2-6 Yrs,,,,,Pune,Training | tableau | Data analysis | Business Analyst | Data modeling | Troubleshooting | Performance monitoring | Analytics,,3+ weeks ago,3.5,https://www.naukri.com/job-listings-analytics-engineer-tableau-diverse-lynx-pune-2-to-6-years-161223500035,2026-06-04T16:13:02.081837
Naukri,analytics engineer,AI Analytics Engineer,Bootcoding,2-4 Yrs,,,,,Nagpur,Health insurance | NoSQL | Artificial Intelligence | Machine learning | Data processing | Data mining | Information technology | SQL,,2 weeks ago,4.0,https://www.naukri.com/job-listings-ai-analytics-engineer-bootcoding-nagpur-2-to-4-years-150526505211,2026-06-04T16:13:02.082533
Naukri,analytics engineer,Lead Analytics Engineer,Volvo Auto,8-12 Yrs,,,,,Bengaluru,github | Version control | orchestration | Data modeling | Analytical | Data quality | Analytics | Automotive,,3+ weeks ago,3.7,https://www.naukri.com/job-listings-lead-analytics-engineer-volvo-auto-india-pvt-ltd-bengaluru-8-to-12-years-091025500971,2026-06-04T16:13:02.083227
Naukri,analytics engineer,Analytics Engineer,Earnin,2-7 Yrs,,,,,Bengaluru,Data modeling | Postgresql | Schema | Data structures | Healthcare | Data quality | QlikView | Business intelligence,,1 day ago,,https://www.naukri.com/job-listings-analytics-engineer-earnin-bengaluru-2-to-7-years-030626502365,2026-06-04T16:13:23.949297
Naukri,analytics engineer,"Google Analytics Engineer (GA4, GTM & BigQuery)",Neuronimbus Software Services,3-7 Yrs,,,,,Remote,Google Analytics 4 | Google Tag Manager | BigQuery | Google Cloud Platform | Data Modeling | Dashboarding | Data Warehousing | ETL,,1 day ago,4.1,https://www.naukri.com/job-listings-google-analytics-engineer-ga4-gtm-bigquery-neuronimbus-software-services-gurugram-3-to-7-years-030626016740,2026-06-04T16:13:23.949702
Naukri,analytics engineer,Google Analytics Engineer,HCLTech,5-10 Yrs,,,,,"Hyderabad, Chennai, Bengaluru",Google Analytics 4 | Tagging | Google Tag Manager | Conversion Tracking | Event Tracking | Management | Conversions | Analytics,,Today,3.4,https://www.naukri.com/job-listings-google-analytics-engineer-hcltech-hyderabad-chennai-bengaluru-5-to-10-years-040626000318,2026-06-04T16:13:23.950104
Naukri,analytics engineer,NetSuite Analytics Engineer,Learntastic,3-8 Yrs,,,,,Remote,Computer science | ERP | Automation | Data modeling | Workflow | Healthcare | Business intelligence | Middleware,,2 days ago,3.0,https://www.naukri.com/job-listings-netsuite-analytics-engineer-learntastic-remote-3-to-8-years-010626503635,2026-06-04T16:13:23.950489
Naukri,analytics engineer,Analytics Engineer,HRS Group,4-5 Yrs,,,,,Mumbai,Procurement | Web analytics | Analytical | Consulting | Data quality | Oracle | Data warehousing | Analytics,,1 week ago,3.1,https://www.naukri.com/job-listings-analytics-engineer-hrs-group-mumbai-4-to-5-years-220526501615,2026-06-04T16:13:23.950879
Naukri,analytics engineer,Ontology Analytics Engineer,Insight Global Technologies,8-13 Yrs,,,,,Remote,Agentic Ai | Microsoft Fabric | Tabular Model Definition Language | semantic models | Data Analytics | Visual Studio Code | Data Engineering | Semantic Layers,,1 week ago,3.5,https://www.naukri.com/job-listings-ontology-analytics-engineer-insight-global-technologies-hyderabad-8-to-13-years-250526003222,2026-06-04T16:13:23.951268
Naukri,analytics engineer,Pump Analytics Engineer,Sulzer Vendor,4-7 Yrs,,,,,Pune,Data analysis | Mediclaim | analytics analyst | Data analytics | Business intelligence | Analytics | Analysis | Data,,2 weeks ago,,https://www.naukri.com/job-listings-pump-analytics-engineer-sulzer-pumps-india-limited-pune-4-to-7-years-200526500396,2026-06-04T16:13:23.951621
Naukri,analytics engineer,Lead Analytics Engineer,Salesforce,10-15 Yrs,,,,,Bengaluru,Change management | Agile | Instrumentation | Customer support | Operations | Information technology | Analytics | CRM,,1 week ago,3.9,https://www.naukri.com/job-listings-lead-analytics-engineer-salesforce-bengaluru-10-to-15-years-260526501788,2026-06-04T16:13:23.952004
Naukri,analytics engineer,LEAD Engineer - Analytics,Tata Power,3-5 Yrs,,,,,Mumbai (All Areas),Rpa Tool | Uipath | Blue Prism | Python | Generative Ai | Power Bi | GPT models | Tableau,,1 week ago,3.9,https://www.naukri.com/job-listings-lead-engineer-analytics-tata-power-mumbai-all-areas-3-to-5-years-270526015153,2026-06-04T16:13:23.952392
Naukri,analytics engineer,Analytics Engineer,Fornax,2-7 Yrs,,,,,Mumbai,Team management | Data modeling | Analytical | Workflow | Data quality | Continuous improvement | Operations | Analytics,,3+ weeks ago,4.5,https://www.naukri.com/job-listings-analytics-engineer-fornax-mumbai-2-to-7-years-311025500410,2026-06-04T16:13:23.952776
Naukri,analytics engineer,Ecommerce Analytics Engineer,Mouser Electronics,7-12 Yrs,,,,,Bengaluru,Ecommerce Analytics | digital analytics | performance tuning | mathematics | ai | programming principles | sql | analytics,,3 weeks ago,3.4,https://www.naukri.com/job-listings-ecommerce-analytics-engineer-mouser-electronics-india-pvt-ltd-bengaluru-7-to-12-years-110526929191,2026-06-04T16:13:23.953158
Naukri,analytics engineer,Analytics Engineer Databricks,Infotrellis,5-12 Yrs,,,,,Chennai,Version control | GIT | Architecture | Delta | Healthcare | Data quality | Analytics | Financial services,,3+ weeks ago,1.8,https://www.naukri.com/job-listings-analytics-engineer-databricks-infotrellis-chennai-5-to-12-years-300126506661,2026-06-04T16:13:23.953543
Naukri,analytics engineer,Analytics Engineer Databricks,Infotrellis,5-12 Yrs,,,,,Bengaluru,Version control | GIT | Architecture | Delta | Healthcare | Data quality | Analytics | Financial services,,3+ weeks ago,1.8,https://www.naukri.com/job-listings-analytics-engineer-databricks-infotrellis-bengaluru-5-to-12-years-280126500410,2026-06-04T16:13:23.953922
Naukri,analytics engineer,Temenos Analytics Engineer,Diverse Lynx,2-7 Yrs,,,,,Bengaluru,Analytics | Temenos,,3+ weeks ago,3.5,https://www.naukri.com/job-listings-temenos-analytics-engineer-diverse-lynx-bengaluru-2-to-7-years-250725503670,2026-06-04T16:13:23.954260
Naukri,analytics engineer,Analytics Engineer (Snowflake and Databricks),Infraveo Technologies,2-3 Yrs,,,,,Remote,Automation | customer analytics | Data modeling | Data collection | Data processing | Data quality | Business intelligence | Analytics,,3+ weeks ago,,https://www.naukri.com/job-listings-analytics-engineer-snowflake-and-databricks-infraveo-technologies-remote-2-to-3-years-200625501137,2026-06-04T16:13:23.954611
Naukri,analytics engineer,Wells Analytics Engineer,Exxon Mobil Corporation,3-8 Yrs,,,,,Bengaluru,Drilling | SAP | Networking | LNG | Wireline | Troubleshooting | Oracle | Petroleum,,2 weeks ago,3.7,https://www.naukri.com/job-listings-wells-analytics-engineer-exxon-mobil-corporation-bengaluru-3-to-8-years-180526505370,2026-06-04T16:13:23.954992
Naukri,analytics engineer,Associate Analytics Engineer,Swiss Re,1-3 Yrs,,,,,Bengaluru,r | analytical | data science | spark | big data | programming | communication skills | Analytics,,3+ weeks ago,3.8,https://www.naukri.com/job-listings-associate-analytics-engineer-swiss-re-bengaluru-1-to-3-years-180325502353,2026-06-04T16:13:23.955373
Naukri,analytics engineer,Analytics Engineer (Tableau),Diverse Lynx,2-6 Yrs,,,,,Pune,Training | tableau | Data analysis | Business Analyst | Data modeling | Troubleshooting | Performance monitoring | Analytics,,3+ weeks ago,3.5,https://www.naukri.com/job-listings-analytics-engineer-tableau-diverse-lynx-pune-2-to-6-years-161223500035,2026-06-04T16:13:23.955843
Naukri,analytics engineer,AI Analytics Engineer,Bootcoding,2-4 Yrs,,,,,Nagpur,Health insurance | NoSQL | Artificial Intelligence | Machine learning | Data processing | Data mining | Information technology | SQL,,2 weeks ago,4.0,https://www.naukri.com/job-listings-ai-analytics-engineer-bootcoding-nagpur-2-to-4-years-150526505211,2026-06-04T16:13:23.956262
Naukri,analytics engineer,Lead Analytics Engineer,Volvo Auto,8-12 Yrs,,,,,Bengaluru,github | Version control | orchestration | Data modeling | Analytical | Data quality | Analytics | Automotive,,3+ weeks ago,3.7,https://www.naukri.com/job-listings-lead-analytics-engineer-volvo-auto-india-pvt-ltd-bengaluru-8-to-12-years-091025500971,2026-06-04T16:13:23.956652
Naukri,analytics engineer,Analytics Engineer,Earnin,2-7 Yrs,,,,,Bengaluru,Data modeling | Postgresql | Schema | Data structures | Healthcare | Data quality | QlikView | Business intelligence,,1 day ago,,https://www.naukri.com/job-listings-analytics-engineer-earnin-bengaluru-2-to-7-years-030626502365,2026-06-04T16:13:45.483729
Naukri,analytics engineer,"Google Analytics Engineer (GA4, GTM & BigQuery)",Neuronimbus Software Services,3-7 Yrs,,,,,Remote,Google Analytics 4 | Google Tag Manager | BigQuery | Google Cloud Platform | Data Modeling | Dashboarding | Data Warehousing | ETL,,1 day ago,4.1,https://www.naukri.com/job-listings-google-analytics-engineer-ga4-gtm-bigquery-neuronimbus-software-services-gurugram-3-to-7-years-030626016740,2026-06-04T16:13:45.484221
Naukri,analytics engineer,Google Analytics Engineer,HCLTech,5-10 Yrs,,,,,"Hyderabad, Chennai, Bengaluru",Google Analytics 4 | Tagging | Google Tag Manager | Conversion Tracking | Event Tracking | Management | Conversions | Analytics,,Today,3.4,https://www.naukri.com/job-listings-google-analytics-engineer-hcltech-hyderabad-chennai-bengaluru-5-to-10-years-040626000318,2026-06-04T16:13:45.484628
Naukri,analytics engineer,NetSuite Analytics Engineer,Learntastic,3-8 Yrs,,,,,Remote,Computer science | ERP | Automation | Data modeling | Workflow | Healthcare | Business intelligence | Middleware,,2 days ago,3.0,https://www.naukri.com/job-listings-netsuite-analytics-engineer-learntastic-remote-3-to-8-years-010626503635,2026-06-04T16:13:45.485011
Naukri,analytics engineer,Analytics Engineer,HRS Group,4-5 Yrs,,,,,Mumbai,Procurement | Web analytics | Analytical | Consulting | Data quality | Oracle | Data warehousing | Analytics,,1 week ago,3.1,https://www.naukri.com/job-listings-analytics-engineer-hrs-group-mumbai-4-to-5-years-220526501615,2026-06-04T16:13:45.485398
Naukri,analytics engineer,Ontology Analytics Engineer,Insight Global Technologies,8-13 Yrs,,,,,Remote,Agentic Ai | Microsoft Fabric | Tabular Model Definition Language | semantic models | Data Analytics | Visual Studio Code | Data Engineering | Semantic Layers,,1 week ago,3.5,https://www.naukri.com/job-listings-ontology-analytics-engineer-insight-global-technologies-hyderabad-8-to-13-years-250526003222,2026-06-04T16:13:45.485784
Naukri,analytics engineer,Pump Analytics Engineer,Sulzer Vendor,4-7 Yrs,,,,,Pune,Data analysis | Mediclaim | analytics analyst | Data analytics | Business intelligence | Analytics | Analysis | Data,,2 weeks ago,,https://www.naukri.com/job-listings-pump-analytics-engineer-sulzer-pumps-india-limited-pune-4-to-7-years-200526500396,2026-06-04T16:13:45.486136
Naukri,analytics engineer,Lead Analytics Engineer,Salesforce,10-15 Yrs,,,,,Bengaluru,Change management | Agile | Instrumentation | Customer support | Operations | Information technology | Analytics | CRM,,1 week ago,3.9,https://www.naukri.com/job-listings-lead-analytics-engineer-salesforce-bengaluru-10-to-15-years-260526501788,2026-06-04T16:13:45.486519
Naukri,analytics engineer,LEAD Engineer - Analytics,Tata Power,3-5 Yrs,,,,,Mumbai (All Areas),Rpa Tool | Uipath | Blue Prism | Python | Generative Ai | Power Bi | GPT models | Tableau,,1 week ago,3.9,https://www.naukri.com/job-listings-lead-engineer-analytics-tata-power-mumbai-all-areas-3-to-5-years-270526015153,2026-06-04T16:13:45.486904
Naukri,analytics engineer,Analytics Engineer,Fornax,2-7 Yrs,,,,,Mumbai,Team management | Data modeling | Analytical | Workflow | Data quality | Continuous improvement | Operations | Analytics,,3+ weeks ago,4.5,https://www.naukri.com/job-listings-analytics-engineer-fornax-mumbai-2-to-7-years-311025500410,2026-06-04T16:13:45.487287
Naukri,analytics engineer,Ecommerce Analytics Engineer,Mouser Electronics,7-12 Yrs,,,,,Bengaluru,Ecommerce Analytics | digital analytics | performance tuning | mathematics | ai | programming principles | sql | analytics,,3 weeks ago,3.4,https://www.naukri.com/job-listings-ecommerce-analytics-engineer-mouser-electronics-india-pvt-ltd-bengaluru-7-to-12-years-110526929191,2026-06-04T16:13:45.487668
Naukri,analytics engineer,Analytics Engineer Databricks,Infotrellis,5-12 Yrs,,,,,Chennai,Version control | GIT | Architecture | Delta | Healthcare | Data quality | Analytics | Financial services,,3+ weeks ago,1.8,https://www.naukri.com/job-listings-analytics-engineer-databricks-infotrellis-chennai-5-to-12-years-300126506661,2026-06-04T16:13:45.488048
Naukri,analytics engineer,Analytics Engineer Databricks,Infotrellis,5-12 Yrs,,,,,Bengaluru,Version control | GIT | Architecture | Delta | Healthcare | Data quality | Analytics | Financial services,,3+ weeks ago,1.8,https://www.naukri.com/job-listings-analytics-engineer-databricks-infotrellis-bengaluru-5-to-12-years-280126500410,2026-06-04T16:13:45.488430
Naukri,analytics engineer,Temenos Analytics Engineer,Diverse Lynx,2-7 Yrs,,,,,Bengaluru,Analytics | Temenos,,3+ weeks ago,3.5,https://www.naukri.com/job-listings-temenos-analytics-engineer-diverse-lynx-bengaluru-2-to-7-years-250725503670,2026-06-04T16:13:45.488766
Naukri,analytics engineer,Analytics Engineer (Snowflake and Databricks),Infraveo Technologies,2-3 Yrs,,,,,Remote,Automation | customer analytics | Data modeling | Data collection | Data processing | Data quality | Business intelligence | Analytics,,3+ weeks ago,,https://www.naukri.com/job-listings-analytics-engineer-snowflake-and-databricks-infraveo-technologies-remote-2-to-3-years-200625501137,2026-06-04T16:13:45.489112
Naukri,analytics engineer,Wells Analytics Engineer,Exxon Mobil Corporation,3-8 Yrs,,,,,Bengaluru,Drilling | SAP | Networking | LNG | Wireline | Troubleshooting | Oracle | Petroleum,,2 weeks ago,3.7,https://www.naukri.com/job-listings-wells-analytics-engineer-exxon-mobil-corporation-bengaluru-3-to-8-years-180526505370,2026-06-04T16:13:45.489495
Naukri,analytics engineer,Associate Analytics Engineer,Swiss Re,1-3 Yrs,,,,,Bengaluru,r | analytical | data science | spark | big data | programming | communication skills | Analytics,,3+ weeks ago,3.8,https://www.naukri.com/job-listings-associate-analytics-engineer-swiss-re-bengaluru-1-to-3-years-180325502353,2026-06-04T16:13:45.489879
Naukri,analytics engineer,Analytics Engineer (Tableau),Diverse Lynx,2-6 Yrs,,,,,Pune,Training | tableau | Data analysis | Business Analyst | Data modeling | Troubleshooting | Performance monitoring | Analytics,,3+ weeks ago,3.5,https://www.naukri.com/job-listings-analytics-engineer-tableau-diverse-lynx-pune-2-to-6-years-161223500035,2026-06-04T16:13:45.490259
Naukri,analytics engineer,AI Analytics Engineer,Bootcoding,2-4 Yrs,,,,,Nagpur,Health insurance | NoSQL | Artificial Intelligence | Machine learning | Data processing | Data mining | Information technology | SQL,,2 weeks ago,4.0,https://www.naukri.com/job-listings-ai-analytics-engineer-bootcoding-nagpur-2-to-4-years-150526505211,2026-06-04T16:13:45.490666
Naukri,analytics engineer,Lead Analytics Engineer,Volvo Auto,8-12 Yrs,,,,,Bengaluru,github | Version control | orchestration | Data modeling | Analytical | Data quality | Analytics | Automotive,,3+ weeks ago,3.7,https://www.naukri.com/job-listings-lead-analytics-engineer-volvo-auto-india-pvt-ltd-bengaluru-8-to-12-years-091025500971,2026-06-04T16:13:45.491054
Naukri,analytics engineer,Analytics Engineer,Earnin,2-7 Yrs,,,,,Bengaluru,Data modeling | Postgresql | Schema | Data structures | Healthcare | Data quality | QlikView | Business intelligence,,1 day ago,,https://www.naukri.com/job-listings-analytics-engineer-earnin-bengaluru-2-to-7-years-030626502365,2026-06-04T16:14:07.421379
Naukri,analytics engineer,"Google Analytics Engineer (GA4, GTM & BigQuery)",Neuronimbus Software Services,3-7 Yrs,,,,,Remote,Google Analytics 4 | Google Tag Manager | BigQuery | Google Cloud Platform | Data Modeling | Dashboarding | Data Warehousing | ETL,,1 day ago,4.1,https://www.naukri.com/job-listings-google-analytics-engineer-ga4-gtm-bigquery-neuronimbus-software-services-gurugram-3-to-7-years-030626016740,2026-06-04T16:14:07.422047
Naukri,analytics engineer,Google Analytics Engineer,HCLTech,5-10 Yrs,,,,,"Hyderabad, Chennai, Bengaluru",Google Analytics 4 | Tagging | Google Tag Manager | Conversion Tracking | Event Tracking | Management | Conversions | Analytics,,Today,3.4,https://www.naukri.com/job-listings-google-analytics-engineer-hcltech-hyderabad-chennai-bengaluru-5-to-10-years-040626000318,2026-06-04T16:14:07.422691
Naukri,analytics engineer,NetSuite Analytics Engineer,Learntastic,3-8 Yrs,,,,,Remote,Computer science | ERP | Automation | Data modeling | Workflow | Healthcare | Business intelligence | Middleware,,2 days ago,3.0,https://www.naukri.com/job-listings-netsuite-analytics-engineer-learntastic-remote-3-to-8-years-010626503635,2026-06-04T16:14:07.423334
Naukri,analytics engineer,Analytics Engineer,HRS Group,4-5 Yrs,,,,,Mumbai,Procurement | Web analytics | Analytical | Consulting | Data quality | Oracle | Data warehousing | Analytics,,1 week ago,3.1,https://www.naukri.com/job-listings-analytics-engineer-hrs-group-mumbai-4-to-5-years-220526501615,2026-06-04T16:14:07.424103
Naukri,analytics engineer,Ontology Analytics Engineer,Insight Global Technologies,8-13 Yrs,,,,,Remote,Agentic Ai | Microsoft Fabric | Tabular Model Definition Language | semantic models | Data Analytics | Visual Studio Code | Data Engineering | Semantic Layers,,1 week ago,3.5,https://www.naukri.com/job-listings-ontology-analytics-engineer-insight-global-technologies-hyderabad-8-to-13-years-250526003222,2026-06-04T16:14:07.424596
Naukri,analytics engineer,Pump Analytics Engineer,Sulzer Vendor,4-7 Yrs,,,,,Pune,Data analysis | Mediclaim | analytics analyst | Data analytics | Business intelligence | Analytics | Analysis | Data,,2 weeks ago,,https://www.naukri.com/job-listings-pump-analytics-engineer-sulzer-pumps-india-limited-pune-4-to-7-years-200526500396,2026-06-04T16:14:07.424964
Naukri,analytics engineer,Lead Analytics Engineer,Salesforce,10-15 Yrs,,,,,Bengaluru,Change management | Agile | Instrumentation | Customer support | Operations | Information technology | Analytics | CRM,,1 week ago,3.9,https://www.naukri.com/job-listings-lead-analytics-engineer-salesforce-bengaluru-10-to-15-years-260526501788,2026-06-04T16:14:07.425397
Naukri,analytics engineer,LEAD Engineer - Analytics,Tata Power,3-5 Yrs,,,,,Mumbai (All Areas),Rpa Tool | Uipath | Blue Prism | Python | Generative Ai | Power Bi | GPT models | Tableau,,1 week ago,3.9,https://www.naukri.com/job-listings-lead-engineer-analytics-tata-power-mumbai-all-areas-3-to-5-years-270526015153,2026-06-04T16:14:07.425788
Naukri,analytics engineer,Analytics Engineer,Fornax,2-7 Yrs,,,,,Mumbai,Team management | Data modeling | Analytical | Workflow | Data quality | Continuous improvement | Operations | Analytics,,3+ weeks ago,4.5,https://www.naukri.com/job-listings-analytics-engineer-fornax-mumbai-2-to-7-years-311025500410,2026-06-04T16:14:07.426177
Naukri,analytics engineer,Ecommerce Analytics Engineer,Mouser Electronics,7-12 Yrs,,,,,Bengaluru,Ecommerce Analytics | digital analytics | performance tuning | mathematics | ai | programming principles | sql | analytics,,3 weeks ago,3.4,https://www.naukri.com/job-listings-ecommerce-analytics-engineer-mouser-electronics-india-pvt-ltd-bengaluru-7-to-12-years-110526929191,2026-06-04T16:14:07.426565
Naukri,analytics engineer,Analytics Engineer Databricks,Infotrellis,5-12 Yrs,,,,,Chennai,Version control | GIT | Architecture | Delta | Healthcare | Data quality | Analytics | Financial services,,3+ weeks ago,1.8,https://www.naukri.com/job-listings-analytics-engineer-databricks-infotrellis-chennai-5-to-12-years-300126506661,2026-06-04T16:14:07.426951
Naukri,analytics engineer,Analytics Engineer Databricks,Infotrellis,5-12 Yrs,,,,,Bengaluru,Version control | GIT | Architecture | Delta | Healthcare | Data quality | Analytics | Financial services,,3+ weeks ago,1.8,https://www.naukri.com/job-listings-analytics-engineer-databricks-infotrellis-bengaluru-5-to-12-years-280126500410,2026-06-04T16:14:07.427339
Naukri,analytics engineer,Temenos Analytics Engineer,Diverse Lynx,2-7 Yrs,,,,,Bengaluru,Analytics | Temenos,,3+ weeks ago,3.5,https://www.naukri.com/job-listings-temenos-analytics-engineer-diverse-lynx-bengaluru-2-to-7-years-250725503670,2026-06-04T16:14:07.427686
Naukri,analytics engineer,Analytics Engineer (Snowflake and Databricks),Infraveo Technologies,2-3 Yrs,,,,,Remote,Automation | customer analytics | Data modeling | Data collection | Data processing | Data quality | Business intelligence | Analytics,,3+ weeks ago,,https://www.naukri.com/job-listings-analytics-engineer-snowflake-and-databricks-infraveo-technologies-remote-2-to-3-years-200625501137,2026-06-04T16:14:07.428049
Naukri,analytics engineer,Wells Analytics Engineer,Exxon Mobil Corporation,3-8 Yrs,,,,,Bengaluru,Drilling | SAP | Networking | LNG | Wireline | Troubleshooting | Oracle | Petroleum,,2 weeks ago,3.7,https://www.naukri.com/job-listings-wells-analytics-engineer-exxon-mobil-corporation-bengaluru-3-to-8-years-180526505370,2026-06-04T16:14:07.428437
Naukri,analytics engineer,Associate Analytics Engineer,Swiss Re,1-3 Yrs,,,,,Bengaluru,r | analytical | data science | spark | big data | programming | communication skills | Analytics,,3+ weeks ago,3.8,https://www.naukri.com/job-listings-associate-analytics-engineer-swiss-re-bengaluru-1-to-3-years-180325502353,2026-06-04T16:14:07.428823
Naukri,analytics engineer,Analytics Engineer (Tableau),Diverse Lynx,2-6 Yrs,,,,,Pune,Training | tableau | Data analysis | Business Analyst | Data modeling | Troubleshooting | Performance monitoring | Analytics,,3+ weeks ago,3.5,https://www.naukri.com/job-listings-analytics-engineer-tableau-diverse-lynx-pune-2-to-6-years-161223500035,2026-06-04T16:14:07.429207
Naukri,analytics engineer,AI Analytics Engineer,Bootcoding,2-4 Yrs,,,,,Nagpur,Health insurance | NoSQL | Artificial Intelligence | Machine learning | Data processing | Data mining | Information technology | SQL,,2 weeks ago,4.0,https://www.naukri.com/job-listings-ai-analytics-engineer-bootcoding-nagpur-2-to-4-years-150526505211,2026-06-04T16:14:07.429589
Naukri,analytics engineer,Lead Analytics Engineer,Volvo Auto,8-12 Yrs,,,,,Bengaluru,github | Version control | orchestration | Data modeling | Analytical | Data quality | Analytics | Automotive,,3+ weeks ago,3.7,https://www.naukri.com/job-listings-lead-analytics-engineer-volvo-auto-india-pvt-ltd-bengaluru-8-to-12-years-091025500971,2026-06-04T16:14:07.429979
Naukri,analytics engineer,Analytics Engineer,Earnin,2-7 Yrs,,,,,Bengaluru,Data modeling | Postgresql | Schema | Data structures | Healthcare | Data quality | QlikView | Business intelligence,,1 day ago,,https://www.naukri.com/job-listings-analytics-engineer-earnin-bengaluru-2-to-7-years-030626502365,2026-06-04T16:14:29.492179
Naukri,analytics engineer,"Google Analytics Engineer (GA4, GTM & BigQuery)",Neuronimbus Software Services,3-7 Yrs,,,,,Remote,Google Analytics 4 | Google Tag Manager | BigQuery | Google Cloud Platform | Data Modeling | Dashboarding | Data Warehousing | ETL,,1 day ago,4.1,https://www.naukri.com/job-listings-google-analytics-engineer-ga4-gtm-bigquery-neuronimbus-software-services-gurugram-3-to-7-years-030626016740,2026-06-04T16:14:29.492599
Naukri,analytics engineer,Google Analytics Engineer,HCLTech,5-10 Yrs,,,,,"Hyderabad, Chennai, Bengaluru",Google Analytics 4 | Tagging | Google Tag Manager | Conversion Tracking | Event Tracking | Management | Conversions | Analytics,,Today,3.4,https://www.naukri.com/job-listings-google-analytics-engineer-hcltech-hyderabad-chennai-bengaluru-5-to-10-years-040626000318,2026-06-04T16:14:29.493003
Naukri,analytics engineer,NetSuite Analytics Engineer,Learntastic,3-8 Yrs,,,,,Remote,Computer science | ERP | Automation | Data modeling | Workflow | Healthcare | Business intelligence | Middleware,,2 days ago,3.0,https://www.naukri.com/job-listings-netsuite-analytics-engineer-learntastic-remote-3-to-8-years-010626503635,2026-06-04T16:14:29.493400
Naukri,analytics engineer,Analytics Engineer,HRS Group,4-5 Yrs,,,,,Mumbai,Procurement | Web analytics | Analytical | Consulting | Data quality | Oracle | Data warehousing | Analytics,,1 week ago,3.1,https://www.naukri.com/job-listings-analytics-engineer-hrs-group-mumbai-4-to-5-years-220526501615,2026-06-04T16:14:29.493794
Naukri,analytics engineer,Ontology Analytics Engineer,Insight Global Technologies,8-13 Yrs,,,,,Remote,Agentic Ai | Microsoft Fabric | Tabular Model Definition Language | semantic models | Data Analytics | Visual Studio Code | Data Engineering | Semantic Layers,,1 week ago,3.5,https://www.naukri.com/job-listings-ontology-analytics-engineer-insight-global-technologies-hyderabad-8-to-13-years-250526003222,2026-06-04T16:14:29.494182
Naukri,analytics engineer,Pump Analytics Engineer,Sulzer Vendor,4-7 Yrs,,,,,Pune,Data analysis | Mediclaim | analytics analyst | Data analytics | Business intelligence | Analytics | Analysis | Data,,2 weeks ago,,https://www.naukri.com/job-listings-pump-analytics-engineer-sulzer-pumps-india-limited-pune-4-to-7-years-200526500396,2026-06-04T16:14:29.494535
Naukri,analytics engineer,Lead Analytics Engineer,Salesforce,10-15 Yrs,,,,,Bengaluru,Change management | Agile | Instrumentation | Customer support | Operations | Information technology | Analytics | CRM,,1 week ago,3.9,https://www.naukri.com/job-listings-lead-analytics-engineer-salesforce-bengaluru-10-to-15-years-260526501788,2026-06-04T16:14:29.494921
Naukri,analytics engineer,LEAD Engineer - Analytics,Tata Power,3-5 Yrs,,,,,Mumbai (All Areas),Rpa Tool | Uipath | Blue Prism | Python | Generative Ai | Power Bi | GPT models | Tableau,,1 week ago,3.9,https://www.naukri.com/job-listings-lead-engineer-analytics-tata-power-mumbai-all-areas-3-to-5-years-270526015153,2026-06-04T16:14:29.495311
Naukri,analytics engineer,Analytics Engineer,Fornax,2-7 Yrs,,,,,Mumbai,Team management | Data modeling | Analytical | Workflow | Data quality | Continuous improvement | Operations | Analytics,,3+ weeks ago,4.5,https://www.naukri.com/job-listings-analytics-engineer-fornax-mumbai-2-to-7-years-311025500410,2026-06-04T16:14:29.495696
Naukri,analytics engineer,Ecommerce Analytics Engineer,Mouser Electronics,7-12 Yrs,,,,,Bengaluru,Ecommerce Analytics | digital analytics | performance tuning | mathematics | ai | programming principles | sql | analytics,,3 weeks ago,3.4,https://www.naukri.com/job-listings-ecommerce-analytics-engineer-mouser-electronics-india-pvt-ltd-bengaluru-7-to-12-years-110526929191,2026-06-04T16:14:29.496080
Naukri,analytics engineer,Analytics Engineer Databricks,Infotrellis,5-12 Yrs,,,,,Chennai,Version control | GIT | Architecture | Delta | Healthcare | Data quality | Analytics | Financial services,,3+ weeks ago,1.8,https://www.naukri.com/job-listings-analytics-engineer-databricks-infotrellis-chennai-5-to-12-years-300126506661,2026-06-04T16:14:29.496463
Naukri,analytics engineer,Analytics Engineer Databricks,Infotrellis,5-12 Yrs,,,,,Bengaluru,Version control | GIT | Architecture | Delta | Healthcare | Data quality | Analytics | Financial services,,3+ weeks ago,1.8,https://www.naukri.com/job-listings-analytics-engineer-databricks-infotrellis-bengaluru-5-to-12-years-280126500410,2026-06-04T16:14:29.496847
Naukri,analytics engineer,Temenos Analytics Engineer,Diverse Lynx,2-7 Yrs,,,,,Bengaluru,Analytics | Temenos,,3+ weeks ago,3.5,https://www.naukri.com/job-listings-temenos-analytics-engineer-diverse-lynx-bengaluru-2-to-7-years-250725503670,2026-06-04T16:14:29.497222
Naukri,analytics engineer,Analytics Engineer (Snowflake and Databricks),Infraveo Technologies,2-3 Yrs,,,,,Remote,Automation | customer analytics | Data modeling | Data collection | Data processing | Data quality | Business intelligence | Analytics,,3+ weeks ago,,https://www.naukri.com/job-listings-analytics-engineer-snowflake-and-databricks-infraveo-technologies-remote-2-to-3-years-200625501137,2026-06-04T16:14:29.497573
Naukri,analytics engineer,Wells Analytics Engineer,Exxon Mobil Corporation,3-8 Yrs,,,,,Bengaluru,Drilling | SAP | Networking | LNG | Wireline | Troubleshooting | Oracle | Petroleum,,2 weeks ago,3.7,https://www.naukri.com/job-listings-wells-analytics-engineer-exxon-mobil-corporation-bengaluru-3-to-8-years-180526505370,2026-06-04T16:14:29.497954
Naukri,analytics engineer,Associate Analytics Engineer,Swiss Re,1-3 Yrs,,,,,Bengaluru,r | analytical | data science | spark | big data | programming | communication skills | Analytics,,3+ weeks ago,3.8,https://www.naukri.com/job-listings-associate-analytics-engineer-swiss-re-bengaluru-1-to-3-years-180325502353,2026-06-04T16:14:29.498335
Naukri,analytics engineer,Analytics Engineer (Tableau),Diverse Lynx,2-6 Yrs,,,,,Pune,Training | tableau | Data analysis | Business Analyst | Data modeling | Troubleshooting | Performance monitoring | Analytics,,3+ weeks ago,3.5,https://www.naukri.com/job-listings-analytics-engineer-tableau-diverse-lynx-pune-2-to-6-years-161223500035,2026-06-04T16:14:29.498717
Naukri,analytics engineer,AI Analytics Engineer,Bootcoding,2-4 Yrs,,,,,Nagpur,Health insurance | NoSQL | Artificial Intelligence | Machine learning | Data processing | Data mining | Information technology | SQL,,2 weeks ago,4.0,https://www.naukri.com/job-listings-ai-analytics-engineer-bootcoding-nagpur-2-to-4-years-150526505211,2026-06-04T16:14:29.499153
Naukri,analytics engineer,Lead Analytics Engineer,Volvo Auto,8-12 Yrs,,,,,Bengaluru,github | Version control | orchestration | Data modeling | Analytical | Data quality | Analytics | Automotive,,3+ weeks ago,3.7,https://www.naukri.com/job-listings-lead-analytics-engineer-volvo-auto-india-pvt-ltd-bengaluru-8-to-12-years-091025500971,2026-06-04T16:14:29.499544
Naukri,analytics engineer,Analytics Engineer,Earnin,2-7 Yrs,,,,,Bengaluru,Data modeling | Postgresql | Schema | Data structures | Healthcare | Data quality | QlikView | Business intelligence,,1 day ago,,https://www.naukri.com/job-listings-analytics-engineer-earnin-bengaluru-2-to-7-years-030626502365,2026-06-04T16:14:51.640066
Naukri,analytics engineer,"Google Analytics Engineer (GA4, GTM & BigQuery)",Neuronimbus Software Services,3-7 Yrs,,,,,Remote,Google Analytics 4 | Google Tag Manager | BigQuery | Google Cloud Platform | Data Modeling | Dashboarding | Data Warehousing | ETL,,1 day ago,4.1,https://www.naukri.com/job-listings-google-analytics-engineer-ga4-gtm-bigquery-neuronimbus-software-services-gurugram-3-to-7-years-030626016740,2026-06-04T16:14:51.640587
Naukri,analytics engineer,Google Analytics Engineer,HCLTech,5-10 Yrs,,,,,"Hyderabad, Chennai, Bengaluru",Google Analytics 4 | Tagging | Google Tag Manager | Conversion Tracking | Event Tracking | Management | Conversions | Analytics,,Today,3.4,https://www.naukri.com/job-listings-google-analytics-engineer-hcltech-hyderabad-chennai-bengaluru-5-to-10-years-040626000318,2026-06-04T16:14:51.640984
Naukri,analytics engineer,NetSuite Analytics Engineer,Learntastic,3-8 Yrs,,,,,Remote,Computer science | ERP | Automation | Data modeling | Workflow | Healthcare | Business intelligence | Middleware,,2 days ago,3.0,https://www.naukri.com/job-listings-netsuite-analytics-engineer-learntastic-remote-3-to-8-years-010626503635,2026-06-04T16:14:51.641382
Naukri,analytics engineer,Analytics Engineer,HRS Group,4-5 Yrs,,,,,Mumbai,Procurement | Web analytics | Analytical | Consulting | Data quality | Oracle | Data warehousing | Analytics,,1 week ago,3.1,https://www.naukri.com/job-listings-analytics-engineer-hrs-group-mumbai-4-to-5-years-220526501615,2026-06-04T16:14:51.641841
Naukri,analytics engineer,Ontology Analytics Engineer,Insight Global Technologies,8-13 Yrs,,,,,Remote,Agentic Ai | Microsoft Fabric | Tabular Model Definition Language | semantic models | Data Analytics | Visual Studio Code | Data Engineering | Semantic Layers,,1 week ago,3.5,https://www.naukri.com/job-listings-ontology-analytics-engineer-insight-global-technologies-hyderabad-8-to-13-years-250526003222,2026-06-04T16:14:51.642233
Naukri,analytics engineer,Pump Analytics Engineer,Sulzer Vendor,4-7 Yrs,,,,,Pune,Data analysis | Mediclaim | analytics analyst | Data analytics | Business intelligence | Analytics | Analysis | Data,,2 weeks ago,,https://www.naukri.com/job-listings-pump-analytics-engineer-sulzer-pumps-india-limited-pune-4-to-7-years-200526500396,2026-06-04T16:14:51.642601
Naukri,analytics engineer,Lead Analytics Engineer,Salesforce,10-15 Yrs,,,,,Bengaluru,Change management | Agile | Instrumentation | Customer support | Operations | Information technology | Analytics | CRM,,1 week ago,3.9,https://www.naukri.com/job-listings-lead-analytics-engineer-salesforce-bengaluru-10-to-15-years-260526501788,2026-06-04T16:14:51.642995
Naukri,analytics engineer,LEAD Engineer - Analytics,Tata Power,3-5 Yrs,,,,,Mumbai (All Areas),Rpa Tool | Uipath | Blue Prism | Python | Generative Ai | Power Bi | GPT models | Tableau,,1 week ago,3.9,https://www.naukri.com/job-listings-lead-engineer-analytics-tata-power-mumbai-all-areas-3-to-5-years-270526015153,2026-06-04T16:14:51.643386
Naukri,analytics engineer,Analytics Engineer,Fornax,2-7 Yrs,,,,,Mumbai,Team management | Data modeling | Analytical | Workflow | Data quality | Continuous improvement | Operations | Analytics,,3+ weeks ago,4.5,https://www.naukri.com/job-listings-analytics-engineer-fornax-mumbai-2-to-7-years-311025500410,2026-06-04T16:14:51.643772
Naukri,analytics engineer,Ecommerce Analytics Engineer,Mouser Electronics,7-12 Yrs,,,,,Bengaluru,Ecommerce Analytics | digital analytics | performance tuning | mathematics | ai | programming principles | sql | analytics,,3 weeks ago,3.4,https://www.naukri.com/job-listings-ecommerce-analytics-engineer-mouser-electronics-india-pvt-ltd-bengaluru-7-to-12-years-110526929191,2026-06-04T16:14:51.644156
Naukri,analytics engineer,Analytics Engineer Databricks,Infotrellis,5-12 Yrs,,,,,Chennai,Version control | GIT | Architecture | Delta | Healthcare | Data quality | Analytics | Financial services,,3+ weeks ago,1.8,https://www.naukri.com/job-listings-analytics-engineer-databricks-infotrellis-chennai-5-to-12-years-300126506661,2026-06-04T16:14:51.644539
Naukri,analytics engineer,Analytics Engineer Databricks,Infotrellis,5-12 Yrs,,,,,Bengaluru,Version control | GIT | Architecture | Delta | Healthcare | Data quality | Analytics | Financial services,,3+ weeks ago,1.8,https://www.naukri.com/job-listings-analytics-engineer-databricks-infotrellis-bengaluru-5-to-12-years-280126500410,2026-06-04T16:14:51.644924
Naukri,analytics engineer,Temenos Analytics Engineer,Diverse Lynx,2-7 Yrs,,,,,Bengaluru,Analytics | Temenos,,3+ weeks ago,3.5,https://www.naukri.com/job-listings-temenos-analytics-engineer-diverse-lynx-bengaluru-2-to-7-years-250725503670,2026-06-04T16:14:51.645260
Naukri,analytics engineer,Analytics Engineer (Snowflake and Databricks),Infraveo Technologies,2-3 Yrs,,,,,Remote,Automation | customer analytics | Data modeling | Data collection | Data processing | Data quality | Business intelligence | Analytics,,3+ weeks ago,,https://www.naukri.com/job-listings-analytics-engineer-snowflake-and-databricks-infraveo-technologies-remote-2-to-3-years-200625501137,2026-06-04T16:14:51.645609
Naukri,analytics engineer,Wells Analytics Engineer,Exxon Mobil Corporation,3-8 Yrs,,,,,Bengaluru,Drilling | SAP | Networking | LNG | Wireline | Troubleshooting | Oracle | Petroleum,,2 weeks ago,3.7,https://www.naukri.com/job-listings-wells-analytics-engineer-exxon-mobil-corporation-bengaluru-3-to-8-years-180526505370,2026-06-04T16:14:51.645990
Naukri,analytics engineer,Associate Analytics Engineer,Swiss Re,1-3 Yrs,,,,,Bengaluru,r | analytical | data science | spark | big data | programming | communication skills | Analytics,,3+ weeks ago,3.8,https://www.naukri.com/job-listings-associate-analytics-engineer-swiss-re-bengaluru-1-to-3-years-180325502353,2026-06-04T16:14:51.646375
Naukri,analytics engineer,Analytics Engineer (Tableau),Diverse Lynx,2-6 Yrs,,,,,Pune,Training | tableau | Data analysis | Business Analyst | Data modeling | Troubleshooting | Performance monitoring | Analytics,,3+ weeks ago,3.5,https://www.naukri.com/job-listings-analytics-engineer-tableau-diverse-lynx-pune-2-to-6-years-161223500035,2026-06-04T16:14:51.646761
Naukri,analytics engineer,AI Analytics Engineer,Bootcoding,2-4 Yrs,,,,,Nagpur,Health insurance | NoSQL | Artificial Intelligence | Machine learning | Data processing | Data mining | Information technology | SQL,,2 weeks ago,4.0,https://www.naukri.com/job-listings-ai-analytics-engineer-bootcoding-nagpur-2-to-4-years-150526505211,2026-06-04T16:14:51.647149
Naukri,analytics engineer,Lead Analytics Engineer,Volvo Auto,8-12 Yrs,,,,,Bengaluru,github | Version control | orchestration | Data modeling | Analytical | Data quality | Analytics | Automotive,,3+ weeks ago,3.7,https://www.naukri.com/job-listings-lead-analytics-engineer-volvo-auto-india-pvt-ltd-bengaluru-8-to-12-years-091025500971,2026-06-04T16:14:51.647541
Naukri,analytics engineer,Analytics Engineer,Earnin,2-7 Yrs,,,,,Bengaluru,Data modeling | Postgresql | Schema | Data structures | Healthcare | Data quality | QlikView | Business intelligence,,1 day ago,,https://www.naukri.com/job-listings-analytics-engineer-earnin-bengaluru-2-to-7-years-030626502365,2026-06-04T16:15:13.264221
Naukri,analytics engineer,"Google Analytics Engineer (GA4, GTM & BigQuery)",Neuronimbus Software Services,3-7 Yrs,,,,,Remote,Google Analytics 4 | Google Tag Manager | BigQuery | Google Cloud Platform | Data Modeling | Dashboarding | Data Warehousing | ETL,,1 day ago,4.1,https://www.naukri.com/job-listings-google-analytics-engineer-ga4-gtm-bigquery-neuronimbus-software-services-gurugram-3-to-7-years-030626016740,2026-06-04T16:15:13.264625
Naukri,analytics engineer,Google Analytics Engineer,HCLTech,5-10 Yrs,,,,,"Hyderabad, Chennai, Bengaluru",Google Analytics 4 | Tagging | Google Tag Manager | Conversion Tracking | Event Tracking | Management | Conversions | Analytics,,Today,3.4,https://www.naukri.com/job-listings-google-analytics-engineer-hcltech-hyderabad-chennai-bengaluru-5-to-10-years-040626000318,2026-06-04T16:15:13.265210
Naukri,analytics engineer,NetSuite Analytics Engineer,Learntastic,3-8 Yrs,,,,,Remote,Computer science | ERP | Automation | Data modeling | Workflow | Healthcare | Business intelligence | Middleware,,2 days ago,3.0,https://www.naukri.com/job-listings-netsuite-analytics-engineer-learntastic-remote-3-to-8-years-010626503635,2026-06-04T16:15:13.265873
Naukri,analytics engineer,Analytics Engineer,HRS Group,4-5 Yrs,,,,,Mumbai,Procurement | Web analytics | Analytical | Consulting | Data quality | Oracle | Data warehousing | Analytics,,1 week ago,3.1,https://www.naukri.com/job-listings-analytics-engineer-hrs-group-mumbai-4-to-5-years-220526501615,2026-06-04T16:15:13.266264
Naukri,analytics engineer,Ontology Analytics Engineer,Insight Global Technologies,8-13 Yrs,,,,,Remote,Agentic Ai | Microsoft Fabric | Tabular Model Definition Language | semantic models | Data Analytics | Visual Studio Code | Data Engineering | Semantic Layers,,1 week ago,3.5,https://www.naukri.com/job-listings-ontology-analytics-engineer-insight-global-technologies-hyderabad-8-to-13-years-250526003222,2026-06-04T16:15:13.266661
Naukri,analytics engineer,Pump Analytics Engineer,Sulzer Vendor,4-7 Yrs,,,,,Pune,Data analysis | Mediclaim | analytics analyst | Data analytics | Business intelligence | Analytics | Analysis | Data,,2 weeks ago,,https://www.naukri.com/job-listings-pump-analytics-engineer-sulzer-pumps-india-limited-pune-4-to-7-years-200526500396,2026-06-04T16:15:13.267010
Naukri,analytics engineer,Lead Analytics Engineer,Salesforce,10-15 Yrs,,,,,Bengaluru,Change management | Agile | Instrumentation | Customer support | Operations | Information technology | Analytics | CRM,,1 week ago,3.9,https://www.naukri.com/job-listings-lead-analytics-engineer-salesforce-bengaluru-10-to-15-years-260526501788,2026-06-04T16:15:13.267398
Naukri,analytics engineer,LEAD Engineer - Analytics,Tata Power,3-5 Yrs,,,,,Mumbai (All Areas),Rpa Tool | Uipath | Blue Prism | Python | Generative Ai | Power Bi | GPT models | Tableau,,1 week ago,3.9,https://www.naukri.com/job-listings-lead-engineer-analytics-tata-power-mumbai-all-areas-3-to-5-years-270526015153,2026-06-04T16:15:13.267781
Naukri,analytics engineer,Analytics Engineer,Fornax,2-7 Yrs,,,,,Mumbai,Team management | Data modeling | Analytical | Workflow | Data quality | Continuous improvement | Operations | Analytics,,3+ weeks ago,4.5,https://www.naukri.com/job-listings-analytics-engineer-fornax-mumbai-2-to-7-years-311025500410,2026-06-04T16:15:13.268202
Naukri,analytics engineer,Ecommerce Analytics Engineer,Mouser Electronics,7-12 Yrs,,,,,Bengaluru,Ecommerce Analytics | digital analytics | performance tuning | mathematics | ai | programming principles | sql | analytics,,3 weeks ago,3.4,https://www.naukri.com/job-listings-ecommerce-analytics-engineer-mouser-electronics-india-pvt-ltd-bengaluru-7-to-12-years-110526929191,2026-06-04T16:15:13.268631
Naukri,analytics engineer,Analytics Engineer Databricks,Infotrellis,5-12 Yrs,,,,,Chennai,Version control | GIT | Architecture | Delta | Healthcare | Data quality | Analytics | Financial services,,3+ weeks ago,1.8,https://www.naukri.com/job-listings-analytics-engineer-databricks-infotrellis-chennai-5-to-12-years-300126506661,2026-06-04T16:15:13.269019
Naukri,analytics engineer,Analytics Engineer Databricks,Infotrellis,5-12 Yrs,,,,,Bengaluru,Version control | GIT | Architecture | Delta | Healthcare | Data quality | Analytics | Financial services,,3+ weeks ago,1.8,https://www.naukri.com/job-listings-analytics-engineer-databricks-infotrellis-bengaluru-5-to-12-years-280126500410,2026-06-04T16:15:13.269409
Naukri,analytics engineer,Temenos Analytics Engineer,Diverse Lynx,2-7 Yrs,,,,,Bengaluru,Analytics | Temenos,,3+ weeks ago,3.5,https://www.naukri.com/job-listings-temenos-analytics-engineer-diverse-lynx-bengaluru-2-to-7-years-250725503670,2026-06-04T16:15:13.269765
Naukri,analytics engineer,Analytics Engineer (Snowflake and Databricks),Infraveo Technologies,2-3 Yrs,,,,,Remote,Automation | customer analytics | Data modeling | Data collection | Data processing | Data quality | Business intelligence | Analytics,,3+ weeks ago,,https://www.naukri.com/job-listings-analytics-engineer-snowflake-and-databricks-infraveo-technologies-remote-2-to-3-years-200625501137,2026-06-04T16:15:13.270146
Naukri,analytics engineer,Wells Analytics Engineer,Exxon Mobil Corporation,3-8 Yrs,,,,,Bengaluru,Drilling | SAP | Networking | LNG | Wireline | Troubleshooting | Oracle | Petroleum,,2 weeks ago,3.7,https://www.naukri.com/job-listings-wells-analytics-engineer-exxon-mobil-corporation-bengaluru-3-to-8-years-180526505370,2026-06-04T16:15:13.270533
Naukri,analytics engineer,Associate Analytics Engineer,Swiss Re,1-3 Yrs,,,,,Bengaluru,r | analytical | data science | spark | big data | programming | communication skills | Analytics,,3+ weeks ago,3.8,https://www.naukri.com/job-listings-associate-analytics-engineer-swiss-re-bengaluru-1-to-3-years-180325502353,2026-06-04T16:15:13.270919
Naukri,analytics engineer,Analytics Engineer (Tableau),Diverse Lynx,2-6 Yrs,,,,,Pune,Training | tableau | Data analysis | Business Analyst | Data modeling | Troubleshooting | Performance monitoring | Analytics,,3+ weeks ago,3.5,https://www.naukri.com/job-listings-analytics-engineer-tableau-diverse-lynx-pune-2-to-6-years-161223500035,2026-06-04T16:15:13.271307
Naukri,analytics engineer,AI Analytics Engineer,Bootcoding,2-4 Yrs,,,,,Nagpur,Health insurance | NoSQL | Artificial Intelligence | Machine learning | Data processing | Data mining | Information technology | SQL,,2 weeks ago,4.0,https://www.naukri.com/job-listings-ai-analytics-engineer-bootcoding-nagpur-2-to-4-years-150526505211,2026-06-04T16:15:13.271693
Naukri,analytics engineer,Lead Analytics Engineer,Volvo Auto,8-12 Yrs,,,,,Bengaluru,github | Version control | orchestration | Data modeling | Analytical | Data quality | Analytics | Automotive,,3+ weeks ago,3.7,https://www.naukri.com/job-listings-lead-analytics-engineer-volvo-auto-india-pvt-ltd-bengaluru-8-to-12-years-091025500971,2026-06-04T16:15:13.272084
Naukri,analytics engineer,Analytics Engineer,Earnin,2-7 Yrs,,,,,Bengaluru,Data modeling | Postgresql | Schema | Data structures | Healthcare | Data quality | QlikView | Business intelligence,,1 day ago,,https://www.naukri.com/job-listings-analytics-engineer-earnin-bengaluru-2-to-7-years-030626502365,2026-06-04T16:15:35.118874
Naukri,analytics engineer,"Google Analytics Engineer (GA4, GTM & BigQuery)",Neuronimbus Software Services,3-7 Yrs,,,,,Remote,Google Analytics 4 | Google Tag Manager | BigQuery | Google Cloud Platform | Data Modeling | Dashboarding | Data Warehousing | ETL,,1 day ago,4.1,https://www.naukri.com/job-listings-google-analytics-engineer-ga4-gtm-bigquery-neuronimbus-software-services-gurugram-3-to-7-years-030626016740,2026-06-04T16:15:35.119398
Naukri,analytics engineer,Google Analytics Engineer,HCLTech,5-10 Yrs,,,,,"Hyderabad, Chennai, Bengaluru",Google Analytics 4 | Tagging | Google Tag Manager | Conversion Tracking | Event Tracking | Management | Conversions | Analytics,,Today,3.4,https://www.naukri.com/job-listings-google-analytics-engineer-hcltech-hyderabad-chennai-bengaluru-5-to-10-years-040626000318,2026-06-04T16:15:35.119817
Naukri,analytics engineer,NetSuite Analytics Engineer,Learntastic,3-8 Yrs,,,,,Remote,Computer science | ERP | Automation | Data modeling | Workflow | Healthcare | Business intelligence | Middleware,,2 days ago,3.0,https://www.naukri.com/job-listings-netsuite-analytics-engineer-learntastic-remote-3-to-8-years-010626503635,2026-06-04T16:15:35.120214
Naukri,analytics engineer,Analytics Engineer,HRS Group,4-5 Yrs,,,,,Mumbai,Procurement | Web analytics | Analytical | Consulting | Data quality | Oracle | Data warehousing | Analytics,,1 week ago,3.1,https://www.naukri.com/job-listings-analytics-engineer-hrs-group-mumbai-4-to-5-years-220526501615,2026-06-04T16:15:35.120594
Naukri,analytics engineer,Ontology Analytics Engineer,Insight Global Technologies,8-13 Yrs,,,,,Remote,Agentic Ai | Microsoft Fabric | Tabular Model Definition Language | semantic models | Data Analytics | Visual Studio Code | Data Engineering | Semantic Layers,,1 week ago,3.5,https://www.naukri.com/job-listings-ontology-analytics-engineer-insight-global-technologies-hyderabad-8-to-13-years-250526003222,2026-06-04T16:15:35.120996
Naukri,analytics engineer,Pump Analytics Engineer,Sulzer Vendor,4-7 Yrs,,,,,Pune,Data analysis | Mediclaim | analytics analyst | Data analytics | Business intelligence | Analytics | Analysis | Data,,2 weeks ago,,https://www.naukri.com/job-listings-pump-analytics-engineer-sulzer-pumps-india-limited-pune-4-to-7-years-200526500396,2026-06-04T16:15:35.121347
Naukri,analytics engineer,Lead Analytics Engineer,Salesforce,10-15 Yrs,,,,,Bengaluru,Change management | Agile | Instrumentation | Customer support | Operations | Information technology | Analytics | CRM,,1 week ago,3.9,https://www.naukri.com/job-listings-lead-analytics-engineer-salesforce-bengaluru-10-to-15-years-260526501788,2026-06-04T16:15:35.121731
Naukri,analytics engineer,LEAD Engineer - Analytics,Tata Power,3-5 Yrs,,,,,Mumbai (All Areas),Rpa Tool | Uipath | Blue Prism | Python | Generative Ai | Power Bi | GPT models | Tableau,,1 week ago,3.9,https://www.naukri.com/job-listings-lead-engineer-analytics-tata-power-mumbai-all-areas-3-to-5-years-270526015153,2026-06-04T16:15:35.122116
Naukri,analytics engineer,Analytics Engineer,Fornax,2-7 Yrs,,,,,Mumbai,Team management | Data modeling | Analytical | Workflow | Data quality | Continuous improvement | Operations | Analytics,,3+ weeks ago,4.5,https://www.naukri.com/job-listings-analytics-engineer-fornax-mumbai-2-to-7-years-311025500410,2026-06-04T16:15:35.122506
Naukri,analytics engineer,Ecommerce Analytics Engineer,Mouser Electronics,7-12 Yrs,,,,,Bengaluru,Ecommerce Analytics | digital analytics | performance tuning | mathematics | ai | programming principles | sql | analytics,,3 weeks ago,3.4,https://www.naukri.com/job-listings-ecommerce-analytics-engineer-mouser-electronics-india-pvt-ltd-bengaluru-7-to-12-years-110526929191,2026-06-04T16:15:35.122894
Naukri,analytics engineer,Analytics Engineer Databricks,Infotrellis,5-12 Yrs,,,,,Chennai,Version control | GIT | Architecture | Delta | Healthcare | Data quality | Analytics | Financial services,,3+ weeks ago,1.8,https://www.naukri.com/job-listings-analytics-engineer-databricks-infotrellis-chennai-5-to-12-years-300126506661,2026-06-04T16:15:35.123273
Naukri,analytics engineer,Analytics Engineer Databricks,Infotrellis,5-12 Yrs,,,,,Bengaluru,Version control | GIT | Architecture | Delta | Healthcare | Data quality | Analytics | Financial services,,3+ weeks ago,1.8,https://www.naukri.com/job-listings-analytics-engineer-databricks-infotrellis-bengaluru-5-to-12-years-280126500410,2026-06-04T16:15:35.123651
Naukri,analytics engineer,Temenos Analytics Engineer,Diverse Lynx,2-7 Yrs,,,,,Bengaluru,Analytics | Temenos,,3+ weeks ago,3.5,https://www.naukri.com/job-listings-temenos-analytics-engineer-diverse-lynx-bengaluru-2-to-7-years-250725503670,2026-06-04T16:15:35.123984
Naukri,analytics engineer,Analytics Engineer (Snowflake and Databricks),Infraveo Technologies,2-3 Yrs,,,,,Remote,Automation | customer analytics | Data modeling | Data collection | Data processing | Data quality | Business intelligence | Analytics,,3+ weeks ago,,https://www.naukri.com/job-listings-analytics-engineer-snowflake-and-databricks-infraveo-technologies-remote-2-to-3-years-200625501137,2026-06-04T16:15:35.124333
Naukri,analytics engineer,Wells Analytics Engineer,Exxon Mobil Corporation,3-8 Yrs,,,,,Bengaluru,Drilling | SAP | Networking | LNG | Wireline | Troubleshooting | Oracle | Petroleum,,2 weeks ago,3.7,https://www.naukri.com/job-listings-wells-analytics-engineer-exxon-mobil-corporation-bengaluru-3-to-8-years-180526505370,2026-06-04T16:15:35.124713
Naukri,analytics engineer,Associate Analytics Engineer,Swiss Re,1-3 Yrs,,,,,Bengaluru,r | analytical | data science | spark | big data | programming | communication skills | Analytics,,3+ weeks ago,3.8,https://www.naukri.com/job-listings-associate-analytics-engineer-swiss-re-bengaluru-1-to-3-years-180325502353,2026-06-04T16:15:35.125095
Naukri,analytics engineer,Analytics Engineer (Tableau),Diverse Lynx,2-6 Yrs,,,,,Pune,Training | tableau | Data analysis | Business Analyst | Data modeling | Troubleshooting | Performance monitoring | Analytics,,3+ weeks ago,3.5,https://www.naukri.com/job-listings-analytics-engineer-tableau-diverse-lynx-pune-2-to-6-years-161223500035,2026-06-04T16:15:35.125479
Naukri,analytics engineer,AI Analytics Engineer,Bootcoding,2-4 Yrs,,,,,Nagpur,Health insurance | NoSQL | Artificial Intelligence | Machine learning | Data processing | Data mining | Information technology | SQL,,2 weeks ago,4.0,https://www.naukri.com/job-listings-ai-analytics-engineer-bootcoding-nagpur-2-to-4-years-150526505211,2026-06-04T16:15:35.125863
Naukri,analytics engineer,Lead Analytics Engineer,Volvo Auto,8-12 Yrs,,,,,Bengaluru,github | Version control | orchestration | Data modeling | Analytical | Data quality | Analytics | Automotive,,3+ weeks ago,3.7,https://www.naukri.com/job-listings-lead-analytics-engineer-volvo-auto-india-pvt-ltd-bengaluru-8-to-12-years-091025500971,2026-06-04T16:15:35.126250
Naukri,analytics engineer,Analytics Engineer,Earnin,2-7 Yrs,,,,,Bengaluru,Data modeling | Postgresql | Schema | Data structures | Healthcare | Data quality | QlikView | Business intelligence,,1 day ago,,https://www.naukri.com/job-listings-analytics-engineer-earnin-bengaluru-2-to-7-years-030626502365,2026-06-04T16:15:56.855621
Naukri,analytics engineer,"Google Analytics Engineer (GA4, GTM & BigQuery)",Neuronimbus Software Services,3-7 Yrs,,,,,Remote,Google Analytics 4 | Google Tag Manager | BigQuery | Google Cloud Platform | Data Modeling | Dashboarding | Data Warehousing | ETL,,1 day ago,4.1,https://www.naukri.com/job-listings-google-analytics-engineer-ga4-gtm-bigquery-neuronimbus-software-services-gurugram-3-to-7-years-030626016740,2026-06-04T16:15:56.856099
Naukri,analytics engineer,Google Analytics Engineer,HCLTech,5-10 Yrs,,,,,"Hyderabad, Chennai, Bengaluru",Google Analytics 4 | Tagging | Google Tag Manager | Conversion Tracking | Event Tracking | Management | Conversions | Analytics,,Today,3.4,https://www.naukri.com/job-listings-google-analytics-engineer-hcltech-hyderabad-chennai-bengaluru-5-to-10-years-040626000318,2026-06-04T16:15:56.856493
Naukri,analytics engineer,NetSuite Analytics Engineer,Learntastic,3-8 Yrs,,,,,Remote,Computer science | ERP | Automation | Data modeling | Workflow | Healthcare | Business intelligence | Middleware,,2 days ago,3.0,https://www.naukri.com/job-listings-netsuite-analytics-engineer-learntastic-remote-3-to-8-years-010626503635,2026-06-04T16:15:56.856904
Naukri,analytics engineer,Analytics Engineer,HRS Group,4-5 Yrs,,,,,Mumbai,Procurement | Web analytics | Analytical | Consulting | Data quality | Oracle | Data warehousing | Analytics,,1 week ago,3.1,https://www.naukri.com/job-listings-analytics-engineer-hrs-group-mumbai-4-to-5-years-220526501615,2026-06-04T16:15:56.857553
Naukri,analytics engineer,Ontology Analytics Engineer,Insight Global Technologies,8-13 Yrs,,,,,Remote,Agentic Ai | Microsoft Fabric | Tabular Model Definition Language | semantic models | Data Analytics | Visual Studio Code | Data Engineering | Semantic Layers,,1 week ago,3.5,https://www.naukri.com/job-listings-ontology-analytics-engineer-insight-global-technologies-hyderabad-8-to-13-years-250526003222,2026-06-04T16:15:56.858179
Naukri,analytics engineer,Pump Analytics Engineer,Sulzer Vendor,4-7 Yrs,,,,,Pune,Data analysis | Mediclaim | analytics analyst | Data analytics | Business intelligence | Analytics | Analysis | Data,,2 weeks ago,,https://www.naukri.com/job-listings-pump-analytics-engineer-sulzer-pumps-india-limited-pune-4-to-7-years-200526500396,2026-06-04T16:15:56.858696
Naukri,analytics engineer,Lead Analytics Engineer,Salesforce,10-15 Yrs,,,,,Bengaluru,Change management | Agile | Instrumentation | Customer support | Operations | Information technology | Analytics | CRM,,1 week ago,3.9,https://www.naukri.com/job-listings-lead-analytics-engineer-salesforce-bengaluru-10-to-15-years-260526501788,2026-06-04T16:15:56.859087
Naukri,analytics engineer,LEAD Engineer - Analytics,Tata Power,3-5 Yrs,,,,,Mumbai (All Areas),Rpa Tool | Uipath | Blue Prism | Python | Generative Ai | Power Bi | GPT models | Tableau,,1 week ago,3.9,https://www.naukri.com/job-listings-lead-engineer-analytics-tata-power-mumbai-all-areas-3-to-5-years-270526015153,2026-06-04T16:15:56.859472
Naukri,analytics engineer,Analytics Engineer,Fornax,2-7 Yrs,,,,,Mumbai,Team management | Data modeling | Analytical | Workflow | Data quality | Continuous improvement | Operations | Analytics,,3+ weeks ago,4.5,https://www.naukri.com/job-listings-analytics-engineer-fornax-mumbai-2-to-7-years-311025500410,2026-06-04T16:15:56.859856
Naukri,analytics engineer,Ecommerce Analytics Engineer,Mouser Electronics,7-12 Yrs,,,,,Bengaluru,Ecommerce Analytics | digital analytics | performance tuning | mathematics | ai | programming principles | sql | analytics,,3 weeks ago,3.4,https://www.naukri.com/job-listings-ecommerce-analytics-engineer-mouser-electronics-india-pvt-ltd-bengaluru-7-to-12-years-110526929191,2026-06-04T16:15:56.860239
Naukri,analytics engineer,Analytics Engineer Databricks,Infotrellis,5-12 Yrs,,,,,Chennai,Version control | GIT | Architecture | Delta | Healthcare | Data quality | Analytics | Financial services,,3+ weeks ago,1.8,https://www.naukri.com/job-listings-analytics-engineer-databricks-infotrellis-chennai-5-to-12-years-300126506661,2026-06-04T16:15:56.860626
Naukri,analytics engineer,Analytics Engineer Databricks,Infotrellis,5-12 Yrs,,,,,Bengaluru,Version control | GIT | Architecture | Delta | Healthcare | Data quality | Analytics | Financial services,,3+ weeks ago,1.8,https://www.naukri.com/job-listings-analytics-engineer-databricks-infotrellis-bengaluru-5-to-12-years-280126500410,2026-06-04T16:15:56.861010
Naukri,analytics engineer,Temenos Analytics Engineer,Diverse Lynx,2-7 Yrs,,,,,Bengaluru,Analytics | Temenos,,3+ weeks ago,3.5,https://www.naukri.com/job-listings-temenos-analytics-engineer-diverse-lynx-bengaluru-2-to-7-years-250725503670,2026-06-04T16:15:56.861346
Naukri,analytics engineer,Analytics Engineer (Snowflake and Databricks),Infraveo Technologies,2-3 Yrs,,,,,Remote,Automation | customer analytics | Data modeling | Data collection | Data processing | Data quality | Business intelligence | Analytics,,3+ weeks ago,,https://www.naukri.com/job-listings-analytics-engineer-snowflake-and-databricks-infraveo-technologies-remote-2-to-3-years-200625501137,2026-06-04T16:15:56.861696
Naukri,analytics engineer,Wells Analytics Engineer,Exxon Mobil Corporation,3-8 Yrs,,,,,Bengaluru,Drilling | SAP | Networking | LNG | Wireline | Troubleshooting | Oracle | Petroleum,,2 weeks ago,3.7,https://www.naukri.com/job-listings-wells-analytics-engineer-exxon-mobil-corporation-bengaluru-3-to-8-years-180526505370,2026-06-04T16:15:56.862079
Naukri,analytics engineer,Associate Analytics Engineer,Swiss Re,1-3 Yrs,,,,,Bengaluru,r | analytical | data science | spark | big data | programming | communication skills | Analytics,,3+ weeks ago,3.8,https://www.naukri.com/job-listings-associate-analytics-engineer-swiss-re-bengaluru-1-to-3-years-180325502353,2026-06-04T16:15:56.862464
Naukri,analytics engineer,Analytics Engineer (Tableau),Diverse Lynx,2-6 Yrs,,,,,Pune,Training | tableau | Data analysis | Business Analyst | Data modeling | Troubleshooting | Performance monitoring | Analytics,,3+ weeks ago,3.5,https://www.naukri.com/job-listings-analytics-engineer-tableau-diverse-lynx-pune-2-to-6-years-161223500035,2026-06-04T16:15:56.862853
Naukri,analytics engineer,AI Analytics Engineer,Bootcoding,2-4 Yrs,,,,,Nagpur,Health insurance | NoSQL | Artificial Intelligence | Machine learning | Data processing | Data mining | Information technology | SQL,,2 weeks ago,4.0,https://www.naukri.com/job-listings-ai-analytics-engineer-bootcoding-nagpur-2-to-4-years-150526505211,2026-06-04T16:15:56.863239
Naukri,analytics engineer,Lead Analytics Engineer,Volvo Auto,8-12 Yrs,,,,,Bengaluru,github | Version control | orchestration | Data modeling | Analytical | Data quality | Analytics | Automotive,,3+ weeks ago,3.7,https://www.naukri.com/job-listings-lead-analytics-engineer-volvo-auto-india-pvt-ltd-bengaluru-8-to-12-years-091025500971,2026-06-04T16:15:56.863627
